ISO-10303-21;
HEADER;
FILE_DESCRIPTION(('FreeCAD Model'),'2;1');
FILE_NAME('Open CASCADE Shape Model','2026-10-06T23:45:01',('Author'),(
    ''),'Open CASCADE STEP processor 7.8','FreeCAD','Unknown');
FILE_SCHEMA(('AUTOMOTIVE_DESIGN { 1 0 10303 214 1 1 1 1 }'));
ENDSEC;
DATA;
#1 = APPLICATION_PROTOCOL_DEFINITION('international standard',
  'automotive_design',2000,#2);
#2 = APPLICATION_CONTEXT(
  'core data for automotive mechanical design processes');
#3 = SHAPE_DEFINITION_REPRESENTATION(#4,#10);
#4 = PRODUCT_DEFINITION_SHAPE('','',#5);
#5 = PRODUCT_DEFINITION('design','',#6,#9);
#6 = PRODUCT_DEFINITION_FORMATION('','',#7);
#7 = PRODUCT('mac-mini-m1-mount','mac-mini-m1-mount','',(#8));
#8 = PRODUCT_CONTEXT('',#2,'mechanical');
#9 = PRODUCT_DEFINITION_CONTEXT('part definition',#2,'design');
#10 = SHAPE_REPRESENTATION('',(#11,#15,#19,#23,#27),#31);
#11 = AXIS2_PLACEMENT_3D('',#12,#13,#14);
#12 = CARTESIAN_POINT('',(0.,0.,0.));
#13 = DIRECTION('',(0.,0.,1.));
#14 = DIRECTION('',(1.,0.,-0.));
#15 = AXIS2_PLACEMENT_3D('',#16,#17,#18);
#16 = CARTESIAN_POINT('',(0.,0.,0.));
#17 = DIRECTION('',(0.,0.,1.));
#18 = DIRECTION('',(1.,0.,0.));
#19 = AXIS2_PLACEMENT_3D('',#20,#21,#22);
#20 = CARTESIAN_POINT('',(4.273310902734E-27,0.2,-3.413137270852E-17));
#21 = DIRECTION('',(0.,0.,1.));
#22 = DIRECTION('',(1.,0.,0.));
#23 = AXIS2_PLACEMENT_3D('',#24,#25,#26);
#24 = CARTESIAN_POINT('',(4.663805341537E-15,0.2,1.081291054875E-14));
#25 = DIRECTION('',(0.,0.,1.));
#26 = DIRECTION('',(1.,0.,0.));
#27 = AXIS2_PLACEMENT_3D('',#28,#29,#30);
#28 = CARTESIAN_POINT('',(-152.7,-1.008686595792E-16,11.));
#29 = DIRECTION('',(0.,0.,-1.));
#30 = DIRECTION('',(-1.,0.,0.));
#31 = ( GEOMETRIC_REPRESENTATION_CONTEXT(3) 
GLOBAL_UNCERTAINTY_ASSIGNED_CONTEXT((#35)) GLOBAL_UNIT_ASSIGNED_CONTEXT(
(#32,#33,#34)) REPRESENTATION_CONTEXT('Context #1',
  '3D Context with UNIT and UNCERTAINTY') );
#32 = ( LENGTH_UNIT() NAMED_UNIT(*) SI_UNIT(.MILLI.,.METRE.) );
#33 = ( NAMED_UNIT(*) PLANE_ANGLE_UNIT() SI_UNIT($,.RADIAN.) );
#34 = ( NAMED_UNIT(*) SI_UNIT($,.STERADIAN.) SOLID_ANGLE_UNIT() );
#35 = UNCERTAINTY_MEASURE_WITH_UNIT(LENGTH_MEASURE(2.E-04),#32,
  'distance_accuracy_value','confusion accuracy');
#36 = PRODUCT_RELATED_PRODUCT_CATEGORY('part',$,(#7));
#37 = SHAPE_DEFINITION_REPRESENTATION(#38,#44);
#38 = PRODUCT_DEFINITION_SHAPE('','',#39);
#39 = PRODUCT_DEFINITION('design','',#40,#43);
#40 = PRODUCT_DEFINITION_FORMATION('','',#41);
#41 = PRODUCT('macmini-mount-body','macmini-mount-body','',(#42));
#42 = PRODUCT_CONTEXT('',#2,'mechanical');
#43 = PRODUCT_DEFINITION_CONTEXT('part definition',#2,'design');
#44 = ADVANCED_BREP_SHAPE_REPRESENTATION('',(#11,#45),#15578);
#45 = MANIFOLD_SOLID_BREP('',#46);
#46 = CLOSED_SHELL('',(#47,#89,#131,#162,#195,#226,#259,#290,#323,#345,
    #376,#418,#449,#482,#541,#565,#596,#696,#736,#767,#807,#829,#869,
    #900,#940,#962,#984,#1006,#1250,#1290,#1330,#1352,#1374,#1396,#1415,
    #1432,#1446,#1477,#1517,#1550,#1581,#1605,#1637,#1661,#1701,#1734,
    #1765,#1789,#1821,#1845,#1887,#1918,#1951,#1973,#2004,#2029,#2069,
    #2102,#2133,#2157,#2179,#2196,#2236,#2269,#2300,#2324,#2346,#2363,
    #2403,#2436,#2467,#2491,#2513,#2530,#2554,#2572,#2596,#2614,#2638,
    #2656,#2673,#2685,#2702,#2714,#2731,#2743,#2760,#2800,#2822,#2862,
    #2902,#2942,#2982,#3022,#3062,#3102,#3142,#3184,#3215,#3246,#3278,
    #3302,#3326,#3344,#3376,#3400,#3425,#3442,#3459,#3475,#3492,#3508,
    #3525,#3541,#3558,#3574,#3605,#3629,#3653,#3730,#3795,#3817,#3834,
    #3851,#3868,#3890,#3907,#3929,#3946,#3977,#4002,#4026,#4051,#4073,
    #4097,#4119,#4131,#4148,#4165,#4182,#4194,#4225,#4266,#4295,#4320,
    #4346,#4370,#4394,#4426,#4450,#4481,#4522,#4554,#4578,#4602,#4627,
    #4653,#4684,#4706,#4746,#4779,#4801,#4833,#4859,#4883,#4907,#4939,
    #4973,#5004,#5026,#5066,#5099,#5121,#5153,#5179,#5203,#5227,#5259,
    #5293,#5324,#5346,#5386,#5419,#5441,#5473,#5499,#5523,#5547,#5579,
    #5613,#5644,#5666,#5706,#5739,#5761,#5793,#5819,#5843,#5867,#5899,
    #5933,#5964,#5986,#6017,#6048,#6081,#6113,#6139,#6170,#6201,#6233,
    #6265,#6289,#6306,#6346,#6379,#6401,#6433,#6459,#6483,#6507,#6539,
    #6573,#6604,#6626,#6666,#6699,#6721,#6753,#6779,#6803,#6827,#6859,
    #6893,#6924,#6946,#6971,#6995,#7020,#7037,#7068,#7093,#7117,#7142,
    #7166,#7191,#7215,#7233,#7407,#7447,#7480,#7502,#7525,#7543,#7560,
    #7577,#7602,#7628,#7652,#7669,#7694,#7718,#7742,#7759,#7791,#7815,
    #7840,#7866,#7890,#7914,#7939,#7957,#7981,#8005,#8030,#8047,#8079,
    #8105,#8129,#8153,#8178,#8204,#8228,#8245,#8269,#8293,#8318,#8335,
    #8367,#8393,#8417,#8441,#8466,#8492,#8516,#8533,#8557,#8581,#8606,
    #8623,#8655,#8681,#8705,#8729,#8754,#8780,#8804,#8821,#8845,#8869,
    #8894,#8911,#8943,#8969,#8993,#9017,#9042,#9068,#9092,#9109,#9134,
    #9158,#9182,#9199,#9231,#9255,#9280,#9306,#9330,#9354,#9379,#9397,
    #9421,#9445,#9470,#9487,#9519,#9545,#9569,#9593,#9618,#9644,#9668,
    #9685,#9709,#9733,#9758,#9775,#9807,#9833,#9857,#9881,#9906,#9932,
    #9956,#9973,#9997,#10021,#10046,#10063,#10095,#10121,#10145,#10169,
    #10194,#10220,#10244,#10261,#10437,#10461,#10485,#10510,#10527,
    #10550,#10568,#10585,#10602,#10620,#10638,#10655,#10667,#10739,
    #10779,#10819,#10859,#10899,#10939,#11011,#11051,#11082,#11104,
    #11126,#11148,#11170,#11192,#11214,#11245,#11267,#11298,#11320,
    #11347,#11358,#11385,#11396,#11418,#11440,#11451,#11462,#11484,
    #11495,#11506,#11528,#11550,#11561,#11583,#11594,#11616,#11627,
    #11638,#11669,#11696,#11707,#11729,#11740,#11767,#11778,#11789,
    #11800,#11811,#11851,#11923,#11963,#12003,#12043,#12083,#12155,
    #12195,#12217,#12248,#12270,#12292,#12314,#12336,#12358,#12380,
    #12402,#12424,#12455,#12484,#12495,#12524,#12535,#12557,#12568,
    #12590,#12617,#12628,#12639,#12650,#12672,#12683,#12705,#12727,
    #12738,#12749,#12760,#12789,#12800,#12822,#12844,#12855,#12884,
    #12895,#12906,#12933,#12944,#12955,#12995,#13035,#13075,#13147,
    #13187,#13227,#13267,#13339,#13361,#13383,#13405,#13427,#13449,
    #13471,#13493,#13515,#13546,#13568,#13597,#13608,#13637,#13648,
    #13670,#13692,#13703,#13725,#13752,#13763,#13785,#13796,#13807,
    #13829,#13851,#13862,#13873,#13895,#13906,#13917,#13948,#13977,
    #13988,#13999,#14028,#14039,#14050,#14077,#14088,#14099,#14139,
    #14211,#14251,#14323,#14363,#14479,#14519,#14559,#14599,#14621,
    #14643,#14665,#14687,#14709,#14731,#14753,#14775,#14797,#14819,
    #14841,#14863,#14885,#14907,#14929,#14951,#14962,#14984,#14995,
    #15006,#15017,#15039,#15061,#15072,#15083,#15094,#15105,#15127,
    #15149,#15160,#15171,#15193,#15215,#15226,#15237,#15259,#15270,
    #15281,#15292,#15303,#15378,#15428,#15444,#15477,#15499,#15524,
    #15548,#15565));
#47 = ADVANCED_FACE('',(#48),#84,.F.);
#48 = FACE_BOUND('',#49,.F.);
#49 = EDGE_LOOP('',(#50,#60,#69,#77));
#50 = ORIENTED_EDGE('',*,*,#51,.T.);
#51 = EDGE_CURVE('',#52,#54,#56,.T.);
#52 = VERTEX_POINT('',#53);
#53 = CARTESIAN_POINT('',(-38.20882370071,172.74733778327,-21.15));
#54 = VERTEX_POINT('',#55);
#55 = CARTESIAN_POINT('',(-38.20882370071,172.74733778327,
    -18.99999999999));
#56 = LINE('',#57,#58);
#57 = CARTESIAN_POINT('',(-38.20882370071,172.74733778327,-18.));
#58 = VECTOR('',#59,1.);
#59 = DIRECTION('',(0.,0.,1.));
#60 = ORIENTED_EDGE('',*,*,#61,.T.);
#61 = EDGE_CURVE('',#54,#62,#64,.T.);
#62 = VERTEX_POINT('',#63);
#63 = CARTESIAN_POINT('',(2.253266266789,185.89426776445,-18.99999999999
    ));
#64 = CIRCLE('',#65,87.5);
#65 = AXIS2_PLACEMENT_3D('',#66,#67,#68);
#66 = CARTESIAN_POINT('',(8.25,98.6,-19.));
#67 = DIRECTION('',(-1.226E-14,0.,-1.));
#68 = DIRECTION('',(-1.,0.,1.226E-14));
#69 = ORIENTED_EDGE('',*,*,#70,.T.);
#70 = EDGE_CURVE('',#62,#71,#73,.T.);
#71 = VERTEX_POINT('',#72);
#72 = CARTESIAN_POINT('',(2.25326626679,185.89426776445,-21.15));
#73 = LINE('',#74,#75);
#74 = CARTESIAN_POINT('',(2.25326626679,185.89426776445,-18.));
#75 = VECTOR('',#76,1.);
#76 = DIRECTION('',(0.,0.,-1.));
#77 = ORIENTED_EDGE('',*,*,#78,.T.);
#78 = EDGE_CURVE('',#71,#52,#79,.T.);
#79 = CIRCLE('',#80,87.5);
#80 = AXIS2_PLACEMENT_3D('',#81,#82,#83);
#81 = CARTESIAN_POINT('',(8.25,98.6,-21.15));
#82 = DIRECTION('',(0.,0.,1.));
#83 = DIRECTION('',(-1.,0.,0.));
#84 = CYLINDRICAL_SURFACE('',#85,87.5);
#85 = AXIS2_PLACEMENT_3D('',#86,#87,#88);
#86 = CARTESIAN_POINT('',(8.25,98.6,-18.));
#87 = DIRECTION('',(0.,0.,-1.));
#88 = DIRECTION('',(-1.,0.,0.));
#89 = ADVANCED_FACE('',(#90),#126,.F.);
#90 = FACE_BOUND('',#91,.F.);
#91 = EDGE_LOOP('',(#92,#103,#111,#120));
#92 = ORIENTED_EDGE('',*,*,#93,.F.);
#93 = EDGE_CURVE('',#94,#96,#98,.T.);
#94 = VERTEX_POINT('',#95);
#95 = CARTESIAN_POINT('',(-60.35,198.2,22.15));
#96 = VERTEX_POINT('',#97);
#97 = CARTESIAN_POINT('',(-91.35,167.2,22.15));
#98 = CIRCLE('',#99,31.);
#99 = AXIS2_PLACEMENT_3D('',#100,#101,#102);
#100 = CARTESIAN_POINT('',(-60.35,167.2,22.15));
#101 = DIRECTION('',(0.,0.,1.));
#102 = DIRECTION('',(-0.707106781187,0.707106781187,0.));
#103 = ORIENTED_EDGE('',*,*,#104,.F.);
#104 = EDGE_CURVE('',#105,#94,#107,.T.);
#105 = VERTEX_POINT('',#106);
#106 = CARTESIAN_POINT('',(-60.35,197.2,21.15));
#107 = LINE('',#108,#109);
#108 = CARTESIAN_POINT('',(-60.35,197.2,21.15));
#109 = VECTOR('',#110,1.);
#110 = DIRECTION('',(0.,0.707106781187,0.707106781187));
#111 = ORIENTED_EDGE('',*,*,#112,.F.);
#112 = EDGE_CURVE('',#113,#105,#115,.T.);
#113 = VERTEX_POINT('',#114);
#114 = CARTESIAN_POINT('',(-90.35,167.2,21.15));
#115 = CIRCLE('',#116,30.);
#116 = AXIS2_PLACEMENT_3D('',#117,#118,#119);
#117 = CARTESIAN_POINT('',(-60.35,167.2,21.15));
#118 = DIRECTION('',(0.,0.,-1.));
#119 = DIRECTION('',(-0.707106781187,0.707106781187,0.));
#120 = ORIENTED_EDGE('',*,*,#121,.F.);
#121 = EDGE_CURVE('',#96,#113,#122,.T.);
#122 = LINE('',#123,#124);
#123 = CARTESIAN_POINT('',(-91.35,167.2,22.15));
#124 = VECTOR('',#125,1.);
#125 = DIRECTION('',(0.707106781187,0.,-0.707106781187));
#126 = CONICAL_SURFACE('',#127,30.5,0.785398163397);
#127 = AXIS2_PLACEMENT_3D('',#128,#129,#130);
#128 = CARTESIAN_POINT('',(-60.35,167.2,21.65));
#129 = DIRECTION('',(0.,0.,1.));
#130 = DIRECTION('',(-0.707106781187,0.707106781187,0.));
#131 = ADVANCED_FACE('',(#132),#157,.T.);
#132 = FACE_BOUND('',#133,.T.);
#133 = EDGE_LOOP('',(#134,#135,#143,#151));
#134 = ORIENTED_EDGE('',*,*,#121,.F.);
#135 = ORIENTED_EDGE('',*,*,#136,.T.);
#136 = EDGE_CURVE('',#96,#137,#139,.T.);
#137 = VERTEX_POINT('',#138);
#138 = CARTESIAN_POINT('',(-91.35,30.,22.15));
#139 = LINE('',#140,#141);
#140 = CARTESIAN_POINT('',(-91.35,0.,22.15));
#141 = VECTOR('',#142,1.);
#142 = DIRECTION('',(0.,-1.,0.));
#143 = ORIENTED_EDGE('',*,*,#144,.T.);
#144 = EDGE_CURVE('',#137,#145,#147,.T.);
#145 = VERTEX_POINT('',#146);
#146 = CARTESIAN_POINT('',(-90.35,30.,21.15));
#147 = LINE('',#148,#149);
#148 = CARTESIAN_POINT('',(-91.35,30.,22.15));
#149 = VECTOR('',#150,1.);
#150 = DIRECTION('',(0.707106781187,0.,-0.707106781187));
#151 = ORIENTED_EDGE('',*,*,#152,.T.);
#152 = EDGE_CURVE('',#145,#113,#153,.T.);
#153 = LINE('',#154,#155);
#154 = CARTESIAN_POINT('',(-90.35,0.,21.15));
#155 = VECTOR('',#156,1.);
#156 = DIRECTION('',(0.,1.,0.));
#157 = PLANE('',#158);
#158 = AXIS2_PLACEMENT_3D('',#159,#160,#161);
#159 = CARTESIAN_POINT('',(-90.85,0.,21.65));
#160 = DIRECTION('',(0.707106781187,0.,0.707106781187));
#161 = DIRECTION('',(0.707106781187,0.,-0.707106781187));
#162 = ADVANCED_FACE('',(#163),#190,.F.);
#163 = FACE_BOUND('',#164,.F.);
#164 = EDGE_LOOP('',(#165,#174,#175,#184));
#165 = ORIENTED_EDGE('',*,*,#166,.F.);
#166 = EDGE_CURVE('',#137,#167,#169,.T.);
#167 = VERTEX_POINT('',#168);
#168 = CARTESIAN_POINT('',(-60.35,-1.,22.15));
#169 = CIRCLE('',#170,31.);
#170 = AXIS2_PLACEMENT_3D('',#171,#172,#173);
#171 = CARTESIAN_POINT('',(-60.35,30.,22.15));
#172 = DIRECTION('',(0.,0.,1.));
#173 = DIRECTION('',(-0.707106781187,-0.707106781187,0.));
#174 = ORIENTED_EDGE('',*,*,#144,.T.);
#175 = ORIENTED_EDGE('',*,*,#176,.F.);
#176 = EDGE_CURVE('',#177,#145,#179,.T.);
#177 = VERTEX_POINT('',#178);
#178 = CARTESIAN_POINT('',(-60.35,0.,21.15));
#179 = CIRCLE('',#180,30.);
#180 = AXIS2_PLACEMENT_3D('',#181,#182,#183);
#181 = CARTESIAN_POINT('',(-60.35,30.,21.15));
#182 = DIRECTION('',(0.,0.,-1.));
#183 = DIRECTION('',(-0.707106781187,-0.707106781187,-0.));
#184 = ORIENTED_EDGE('',*,*,#185,.F.);
#185 = EDGE_CURVE('',#167,#177,#186,.T.);
#186 = LINE('',#187,#188);
#187 = CARTESIAN_POINT('',(-60.35,-1.,22.15));
#188 = VECTOR('',#189,1.);
#189 = DIRECTION('',(0.,0.707106781187,-0.707106781187));
#190 = CONICAL_SURFACE('',#191,30.5,0.785398163397);
#191 = AXIS2_PLACEMENT_3D('',#192,#193,#194);
#192 = CARTESIAN_POINT('',(-60.35,30.,21.65));
#193 = DIRECTION('',(0.,0.,1.));
#194 = DIRECTION('',(-0.707106781187,-0.707106781187,0.));
#195 = ADVANCED_FACE('',(#196),#221,.T.);
#196 = FACE_BOUND('',#197,.T.);
#197 = EDGE_LOOP('',(#198,#199,#207,#215));
#198 = ORIENTED_EDGE('',*,*,#185,.F.);
#199 = ORIENTED_EDGE('',*,*,#200,.T.);
#200 = EDGE_CURVE('',#167,#201,#203,.T.);
#201 = VERTEX_POINT('',#202);
#202 = CARTESIAN_POINT('',(76.85,-1.,22.15));
#203 = LINE('',#204,#205);
#204 = CARTESIAN_POINT('',(67.875,-1.,22.15));
#205 = VECTOR('',#206,1.);
#206 = DIRECTION('',(1.,0.,0.));
#207 = ORIENTED_EDGE('',*,*,#208,.T.);
#208 = EDGE_CURVE('',#201,#209,#211,.T.);
#209 = VERTEX_POINT('',#210);
#210 = CARTESIAN_POINT('',(76.85,0.,21.15));
#211 = LINE('',#212,#213);
#212 = CARTESIAN_POINT('',(76.85,-1.,22.15));
#213 = VECTOR('',#214,1.);
#214 = DIRECTION('',(0.,0.707106781187,-0.707106781187));
#215 = ORIENTED_EDGE('',*,*,#216,.T.);
#216 = EDGE_CURVE('',#209,#177,#217,.T.);
#217 = LINE('',#218,#219);
#218 = CARTESIAN_POINT('',(67.875,0.,21.15));
#219 = VECTOR('',#220,1.);
#220 = DIRECTION('',(-1.,0.,0.));
#221 = PLANE('',#222);
#222 = AXIS2_PLACEMENT_3D('',#223,#224,#225);
#223 = CARTESIAN_POINT('',(67.875,-0.5,21.65));
#224 = DIRECTION('',(0.,0.707106781187,0.707106781187));
#225 = DIRECTION('',(1.,0.,-0.));
#226 = ADVANCED_FACE('',(#227),#254,.F.);
#227 = FACE_BOUND('',#228,.F.);
#228 = EDGE_LOOP('',(#229,#238,#239,#248));
#229 = ORIENTED_EDGE('',*,*,#230,.F.);
#230 = EDGE_CURVE('',#201,#231,#233,.T.);
#231 = VERTEX_POINT('',#232);
#232 = CARTESIAN_POINT('',(107.85,30.,22.15));
#233 = CIRCLE('',#234,31.);
#234 = AXIS2_PLACEMENT_3D('',#235,#236,#237);
#235 = CARTESIAN_POINT('',(76.85,30.,22.15));
#236 = DIRECTION('',(0.,0.,1.));
#237 = DIRECTION('',(0.707106781187,-0.707106781187,0.));
#238 = ORIENTED_EDGE('',*,*,#208,.T.);
#239 = ORIENTED_EDGE('',*,*,#240,.F.);
#240 = EDGE_CURVE('',#241,#209,#243,.T.);
#241 = VERTEX_POINT('',#242);
#242 = CARTESIAN_POINT('',(106.85,30.,21.15));
#243 = CIRCLE('',#244,30.);
#244 = AXIS2_PLACEMENT_3D('',#245,#246,#247);
#245 = CARTESIAN_POINT('',(76.85,30.,21.15));
#246 = DIRECTION('',(0.,0.,-1.));
#247 = DIRECTION('',(0.707106781187,-0.707106781187,0.));
#248 = ORIENTED_EDGE('',*,*,#249,.F.);
#249 = EDGE_CURVE('',#231,#241,#250,.T.);
#250 = LINE('',#251,#252);
#251 = CARTESIAN_POINT('',(107.85,30.,22.15));
#252 = VECTOR('',#253,1.);
#253 = DIRECTION('',(-0.707106781187,0.,-0.707106781187));
#254 = CONICAL_SURFACE('',#255,30.5,0.785398163397);
#255 = AXIS2_PLACEMENT_3D('',#256,#257,#258);
#256 = CARTESIAN_POINT('',(76.85,30.,21.65));
#257 = DIRECTION('',(0.,0.,1.));
#258 = DIRECTION('',(0.707106781187,-0.707106781187,0.));
#259 = ADVANCED_FACE('',(#260),#285,.T.);
#260 = FACE_BOUND('',#261,.T.);
#261 = EDGE_LOOP('',(#262,#263,#271,#279));
#262 = ORIENTED_EDGE('',*,*,#249,.F.);
#263 = ORIENTED_EDGE('',*,*,#264,.T.);
#264 = EDGE_CURVE('',#231,#265,#267,.T.);
#265 = VERTEX_POINT('',#266);
#266 = CARTESIAN_POINT('',(107.85,167.2,22.15));
#267 = LINE('',#268,#269);
#268 = CARTESIAN_POINT('',(107.85,0.,22.15));
#269 = VECTOR('',#270,1.);
#270 = DIRECTION('',(0.,1.,0.));
#271 = ORIENTED_EDGE('',*,*,#272,.T.);
#272 = EDGE_CURVE('',#265,#273,#275,.T.);
#273 = VERTEX_POINT('',#274);
#274 = CARTESIAN_POINT('',(106.85,167.2,21.15));
#275 = LINE('',#276,#277);
#276 = CARTESIAN_POINT('',(107.85,167.2,22.15));
#277 = VECTOR('',#278,1.);
#278 = DIRECTION('',(-0.707106781187,0.,-0.707106781187));
#279 = ORIENTED_EDGE('',*,*,#280,.T.);
#280 = EDGE_CURVE('',#273,#241,#281,.T.);
#281 = LINE('',#282,#283);
#282 = CARTESIAN_POINT('',(106.85,0.,21.15));
#283 = VECTOR('',#284,1.);
#284 = DIRECTION('',(0.,-1.,0.));
#285 = PLANE('',#286);
#286 = AXIS2_PLACEMENT_3D('',#287,#288,#289);
#287 = CARTESIAN_POINT('',(107.35,0.,21.65));
#288 = DIRECTION('',(-0.707106781187,0.,0.707106781187));
#289 = DIRECTION('',(0.707106781187,0.,0.707106781187));
#290 = ADVANCED_FACE('',(#291),#318,.F.);
#291 = FACE_BOUND('',#292,.F.);
#292 = EDGE_LOOP('',(#293,#302,#303,#312));
#293 = ORIENTED_EDGE('',*,*,#294,.F.);
#294 = EDGE_CURVE('',#265,#295,#297,.T.);
#295 = VERTEX_POINT('',#296);
#296 = CARTESIAN_POINT('',(76.85,198.2,22.15));
#297 = CIRCLE('',#298,31.);
#298 = AXIS2_PLACEMENT_3D('',#299,#300,#301);
#299 = CARTESIAN_POINT('',(76.85,167.2,22.15));
#300 = DIRECTION('',(0.,0.,1.));
#301 = DIRECTION('',(0.707106781187,0.707106781187,-0.));
#302 = ORIENTED_EDGE('',*,*,#272,.T.);
#303 = ORIENTED_EDGE('',*,*,#304,.F.);
#304 = EDGE_CURVE('',#305,#273,#307,.T.);
#305 = VERTEX_POINT('',#306);
#306 = CARTESIAN_POINT('',(76.85,197.2,21.15));
#307 = CIRCLE('',#308,30.);
#308 = AXIS2_PLACEMENT_3D('',#309,#310,#311);
#309 = CARTESIAN_POINT('',(76.85,167.2,21.15));
#310 = DIRECTION('',(0.,0.,-1.));
#311 = DIRECTION('',(0.707106781187,0.707106781187,0.));
#312 = ORIENTED_EDGE('',*,*,#313,.F.);
#313 = EDGE_CURVE('',#295,#305,#314,.T.);
#314 = LINE('',#315,#316);
#315 = CARTESIAN_POINT('',(76.85,198.2,22.15));
#316 = VECTOR('',#317,1.);
#317 = DIRECTION('',(-6.28E-15,-0.707106781187,-0.707106781187));
#318 = CONICAL_SURFACE('',#319,30.5,0.785398163397);
#319 = AXIS2_PLACEMENT_3D('',#320,#321,#322);
#320 = CARTESIAN_POINT('',(76.85,167.2,21.65));
#321 = DIRECTION('',(0.,0.,1.));
#322 = DIRECTION('',(0.707106781187,0.707106781187,-0.));
#323 = ADVANCED_FACE('',(#324),#340,.T.);
#324 = FACE_BOUND('',#325,.T.);
#325 = EDGE_LOOP('',(#326,#327,#333,#334));
#326 = ORIENTED_EDGE('',*,*,#313,.F.);
#327 = ORIENTED_EDGE('',*,*,#328,.T.);
#328 = EDGE_CURVE('',#295,#94,#329,.T.);
#329 = LINE('',#330,#331);
#330 = CARTESIAN_POINT('',(67.875,198.2,22.15));
#331 = VECTOR('',#332,1.);
#332 = DIRECTION('',(-1.,0.,0.));
#333 = ORIENTED_EDGE('',*,*,#104,.F.);
#334 = ORIENTED_EDGE('',*,*,#335,.T.);
#335 = EDGE_CURVE('',#105,#305,#336,.T.);
#336 = LINE('',#337,#338);
#337 = CARTESIAN_POINT('',(67.875,197.2,21.15));
#338 = VECTOR('',#339,1.);
#339 = DIRECTION('',(1.,0.,0.));
#340 = PLANE('',#341);
#341 = AXIS2_PLACEMENT_3D('',#342,#343,#344);
#342 = CARTESIAN_POINT('',(67.875,197.7,21.65));
#343 = DIRECTION('',(0.,-0.707106781187,0.707106781187));
#344 = DIRECTION('',(1.,0.,0.));
#345 = ADVANCED_FACE('',(#346),#371,.F.);
#346 = FACE_BOUND('',#347,.T.);
#347 = EDGE_LOOP('',(#348,#358,#364,#365));
#348 = ORIENTED_EDGE('',*,*,#349,.F.);
#349 = EDGE_CURVE('',#350,#352,#354,.T.);
#350 = VERTEX_POINT('',#351);
#351 = CARTESIAN_POINT('',(106.85,30.,-17.));
#352 = VERTEX_POINT('',#353);
#353 = CARTESIAN_POINT('',(106.85,167.2,-17.));
#354 = LINE('',#355,#356);
#355 = CARTESIAN_POINT('',(106.85,0.,-17.));
#356 = VECTOR('',#357,1.);
#357 = DIRECTION('',(0.,1.,0.));
#358 = ORIENTED_EDGE('',*,*,#359,.F.);
#359 = EDGE_CURVE('',#241,#350,#360,.T.);
#360 = LINE('',#361,#362);
#361 = CARTESIAN_POINT('',(106.85,30.,9.000000000001));
#362 = VECTOR('',#363,1.);
#363 = DIRECTION('',(0.,0.,-1.));
#364 = ORIENTED_EDGE('',*,*,#280,.F.);
#365 = ORIENTED_EDGE('',*,*,#366,.F.);
#366 = EDGE_CURVE('',#352,#273,#367,.T.);
#367 = LINE('',#368,#369);
#368 = CARTESIAN_POINT('',(106.85,167.2,9.000000000001));
#369 = VECTOR('',#370,1.);
#370 = DIRECTION('',(0.,0.,1.));
#371 = PLANE('',#372);
#372 = AXIS2_PLACEMENT_3D('',#373,#374,#375);
#373 = CARTESIAN_POINT('',(106.85,0.,18.));
#374 = DIRECTION('',(1.,0.,0.));
#375 = DIRECTION('',(0.,0.,-1.));
#376 = ADVANCED_FACE('',(#377),#413,.T.);
#377 = FACE_BOUND('',#378,.T.);
#378 = EDGE_LOOP('',(#379,#390,#398,#407));
#379 = ORIENTED_EDGE('',*,*,#380,.F.);
#380 = EDGE_CURVE('',#381,#383,#385,.T.);
#381 = VERTEX_POINT('',#382);
#382 = CARTESIAN_POINT('',(-60.35,201.35,21.15));
#383 = VERTEX_POINT('',#384);
#384 = CARTESIAN_POINT('',(-94.5,167.2,21.15));
#385 = CIRCLE('',#386,34.15);
#386 = AXIS2_PLACEMENT_3D('',#387,#388,#389);
#387 = CARTESIAN_POINT('',(-60.35,167.2,21.15));
#388 = DIRECTION('',(0.,0.,1.));
#389 = DIRECTION('',(-0.707106781187,0.707106781187,0.));
#390 = ORIENTED_EDGE('',*,*,#391,.T.);
#391 = EDGE_CURVE('',#381,#392,#394,.T.);
#392 = VERTEX_POINT('',#393);
#393 = CARTESIAN_POINT('',(-60.35,201.35,-21.15));
#394 = LINE('',#395,#396);
#395 = CARTESIAN_POINT('',(-60.35,201.35,-11.075));
#396 = VECTOR('',#397,1.);
#397 = DIRECTION('',(-8.E-16,0.,-1.));
#398 = ORIENTED_EDGE('',*,*,#399,.F.);
#399 = EDGE_CURVE('',#400,#392,#402,.T.);
#400 = VERTEX_POINT('',#401);
#401 = CARTESIAN_POINT('',(-94.5,167.2,-21.15));
#402 = CIRCLE('',#403,34.15);
#403 = AXIS2_PLACEMENT_3D('',#404,#405,#406);
#404 = CARTESIAN_POINT('',(-60.35,167.2,-21.15));
#405 = DIRECTION('',(0.,0.,-1.));
#406 = DIRECTION('',(-0.707106781187,0.707106781187,0.));
#407 = ORIENTED_EDGE('',*,*,#408,.T.);
#408 = EDGE_CURVE('',#400,#383,#409,.T.);
#409 = LINE('',#410,#411);
#410 = CARTESIAN_POINT('',(-94.5,167.2,-11.075));
#411 = VECTOR('',#412,1.);
#412 = DIRECTION('',(8.E-16,0.,1.));
#413 = CYLINDRICAL_SURFACE('',#414,34.15);
#414 = AXIS2_PLACEMENT_3D('',#415,#416,#417);
#415 = CARTESIAN_POINT('',(-60.35,167.2,-11.075));
#416 = DIRECTION('',(0.,0.,1.));
#417 = DIRECTION('',(-0.707106781187,0.707106781187,0.));
#418 = ADVANCED_FACE('',(#419),#444,.T.);
#419 = FACE_BOUND('',#420,.T.);
#420 = EDGE_LOOP('',(#421,#429,#437,#443));
#421 = ORIENTED_EDGE('',*,*,#422,.F.);
#422 = EDGE_CURVE('',#423,#381,#425,.T.);
#423 = VERTEX_POINT('',#424);
#424 = CARTESIAN_POINT('',(76.85,201.35,21.15));
#425 = LINE('',#426,#427);
#426 = CARTESIAN_POINT('',(67.875,201.35,21.15));
#427 = VECTOR('',#428,1.);
#428 = DIRECTION('',(-1.,0.,0.));
#429 = ORIENTED_EDGE('',*,*,#430,.F.);
#430 = EDGE_CURVE('',#431,#423,#433,.T.);
#431 = VERTEX_POINT('',#432);
#432 = CARTESIAN_POINT('',(76.85,201.35,-21.15));
#433 = LINE('',#434,#435);
#434 = CARTESIAN_POINT('',(76.85,201.35,11.075));
#435 = VECTOR('',#436,1.);
#436 = DIRECTION('',(0.,0.,1.));
#437 = ORIENTED_EDGE('',*,*,#438,.F.);
#438 = EDGE_CURVE('',#392,#431,#439,.T.);
#439 = LINE('',#440,#441);
#440 = CARTESIAN_POINT('',(-59.625,201.35,-21.15));
#441 = VECTOR('',#442,1.);
#442 = DIRECTION('',(1.,0.,0.));
#443 = ORIENTED_EDGE('',*,*,#391,.F.);
#444 = PLANE('',#445);
#445 = AXIS2_PLACEMENT_3D('',#446,#447,#448);
#446 = CARTESIAN_POINT('',(8.25,201.35,0.));
#447 = DIRECTION('',(0.,1.,0.));
#448 = DIRECTION('',(0.,-0.,1.));
#449 = ADVANCED_FACE('',(#450),#477,.T.);
#450 = FACE_BOUND('',#451,.T.);
#451 = EDGE_LOOP('',(#452,#461,#469,#476));
#452 = ORIENTED_EDGE('',*,*,#453,.F.);
#453 = EDGE_CURVE('',#454,#423,#456,.T.);
#454 = VERTEX_POINT('',#455);
#455 = CARTESIAN_POINT('',(111.,167.2,21.15));
#456 = CIRCLE('',#457,34.15);
#457 = AXIS2_PLACEMENT_3D('',#458,#459,#460);
#458 = CARTESIAN_POINT('',(76.85,167.2,21.15));
#459 = DIRECTION('',(0.,0.,1.));
#460 = DIRECTION('',(0.707106781187,0.707106781187,-0.));
#461 = ORIENTED_EDGE('',*,*,#462,.T.);
#462 = EDGE_CURVE('',#454,#463,#465,.T.);
#463 = VERTEX_POINT('',#464);
#464 = CARTESIAN_POINT('',(111.,167.2,-21.15));
#465 = LINE('',#466,#467);
#466 = CARTESIAN_POINT('',(111.,167.2,11.075));
#467 = VECTOR('',#468,1.);
#468 = DIRECTION('',(0.,0.,-1.));
#469 = ORIENTED_EDGE('',*,*,#470,.F.);
#470 = EDGE_CURVE('',#431,#463,#471,.T.);
#471 = CIRCLE('',#472,34.15);
#472 = AXIS2_PLACEMENT_3D('',#473,#474,#475);
#473 = CARTESIAN_POINT('',(76.85,167.2,-21.15));
#474 = DIRECTION('',(0.,0.,-1.));
#475 = DIRECTION('',(0.707106781187,0.707106781187,0.));
#476 = ORIENTED_EDGE('',*,*,#430,.T.);
#477 = CYLINDRICAL_SURFACE('',#478,34.15);
#478 = AXIS2_PLACEMENT_3D('',#479,#480,#481);
#479 = CARTESIAN_POINT('',(76.85,167.2,11.075));
#480 = DIRECTION('',(0.,0.,-1.));
#481 = DIRECTION('',(0.707106781187,0.707106781187,0.));
#482 = ADVANCED_FACE('',(#483),#536,.F.);
#483 = FACE_BOUND('',#484,.F.);
#484 = EDGE_LOOP('',(#485,#486,#487,#495,#504,#512,#521,#529));
#485 = ORIENTED_EDGE('',*,*,#359,.F.);
#486 = ORIENTED_EDGE('',*,*,#240,.T.);
#487 = ORIENTED_EDGE('',*,*,#488,.F.);
#488 = EDGE_CURVE('',#489,#209,#491,.T.);
#489 = VERTEX_POINT('',#490);
#490 = CARTESIAN_POINT('',(76.85,0.,16.000000000002));
#491 = LINE('',#492,#493);
#492 = CARTESIAN_POINT('',(76.85,0.,9.000000000001));
#493 = VECTOR('',#494,1.);
#494 = DIRECTION('',(0.,0.,1.));
#495 = ORIENTED_EDGE('',*,*,#496,.F.);
#496 = EDGE_CURVE('',#497,#489,#499,.T.);
#497 = VERTEX_POINT('',#498);
#498 = CARTESIAN_POINT('',(87.35,1.897509007207,16.000000000002));
#499 = CIRCLE('',#500,30.);
#500 = AXIS2_PLACEMENT_3D('',#501,#502,#503);
#501 = CARTESIAN_POINT('',(76.85,30.,16.000000000004));
#502 = DIRECTION('',(-2.569E-14,4.072159735403E-31,-1.));
#503 = DIRECTION('',(0.707106781187,-0.707106781187,-1.816557320868E-14)
  );
#504 = ORIENTED_EDGE('',*,*,#505,.F.);
#505 = EDGE_CURVE('',#506,#497,#508,.T.);
#506 = VERTEX_POINT('',#507);
#507 = CARTESIAN_POINT('',(87.35,1.897509007207,-11.));
#508 = LINE('',#509,#510);
#509 = CARTESIAN_POINT('',(87.35,1.897509007207,9.000000000001));
#510 = VECTOR('',#511,1.);
#511 = DIRECTION('',(0.,0.,1.));
#512 = ORIENTED_EDGE('',*,*,#513,.F.);
#513 = EDGE_CURVE('',#514,#506,#516,.T.);
#514 = VERTEX_POINT('',#515);
#515 = CARTESIAN_POINT('',(76.85,0.,-11.));
#516 = CIRCLE('',#517,30.);
#517 = AXIS2_PLACEMENT_3D('',#518,#519,#520);
#518 = CARTESIAN_POINT('',(76.85,30.,-11.));
#519 = DIRECTION('',(9.01E-15,8.430302881391E-32,1.));
#520 = DIRECTION('',(0.707106781187,-0.707106781187,-6.371032098491E-15)
  );
#521 = ORIENTED_EDGE('',*,*,#522,.F.);
#522 = EDGE_CURVE('',#523,#514,#525,.T.);
#523 = VERTEX_POINT('',#524);
#524 = CARTESIAN_POINT('',(76.85,2.557953848736E-13,-17.));
#525 = LINE('',#526,#527);
#526 = CARTESIAN_POINT('',(76.85,0.,9.000000000001));
#527 = VECTOR('',#528,1.);
#528 = DIRECTION('',(0.,0.,1.));
#529 = ORIENTED_EDGE('',*,*,#530,.T.);
#530 = EDGE_CURVE('',#523,#350,#531,.T.);
#531 = CIRCLE('',#532,30.);
#532 = AXIS2_PLACEMENT_3D('',#533,#534,#535);
#533 = CARTESIAN_POINT('',(76.85,30.,-17.));
#534 = DIRECTION('',(1.226E-14,-2.551834517378E-31,1.));
#535 = DIRECTION('',(0.707106781187,-0.707106781187,-8.669129137347E-15)
  );
#536 = CYLINDRICAL_SURFACE('',#537,30.);
#537 = AXIS2_PLACEMENT_3D('',#538,#539,#540);
#538 = CARTESIAN_POINT('',(76.85,30.,9.000000000001));
#539 = DIRECTION('',(0.,0.,-1.));
#540 = DIRECTION('',(0.707106781187,-0.707106781187,0.));
#541 = ADVANCED_FACE('',(#542),#560,.F.);
#542 = FACE_BOUND('',#543,.T.);
#543 = EDGE_LOOP('',(#544,#545,#546,#554));
#544 = ORIENTED_EDGE('',*,*,#216,.F.);
#545 = ORIENTED_EDGE('',*,*,#488,.F.);
#546 = ORIENTED_EDGE('',*,*,#547,.F.);
#547 = EDGE_CURVE('',#548,#489,#550,.T.);
#548 = VERTEX_POINT('',#549);
#549 = CARTESIAN_POINT('',(-60.35,0.,16.000000000004));
#550 = LINE('',#551,#552);
#551 = CARTESIAN_POINT('',(87.35,0.,16.));
#552 = VECTOR('',#553,1.);
#553 = DIRECTION('',(1.,0.,-2.569E-14));
#554 = ORIENTED_EDGE('',*,*,#555,.F.);
#555 = EDGE_CURVE('',#177,#548,#556,.T.);
#556 = LINE('',#557,#558);
#557 = CARTESIAN_POINT('',(-60.35,0.,-8.999999999998));
#558 = VECTOR('',#559,1.);
#559 = DIRECTION('',(0.,0.,-1.));
#560 = PLANE('',#561);
#561 = AXIS2_PLACEMENT_3D('',#562,#563,#564);
#562 = CARTESIAN_POINT('',(8.25,0.,1.23013E-12));
#563 = DIRECTION('',(0.,-1.,0.));
#564 = DIRECTION('',(1.,0.,0.));
#565 = ADVANCED_FACE('',(#566),#591,.F.);
#566 = FACE_BOUND('',#567,.T.);
#567 = EDGE_LOOP('',(#568,#576,#584,#590));
#568 = ORIENTED_EDGE('',*,*,#569,.F.);
#569 = EDGE_CURVE('',#570,#523,#572,.T.);
#570 = VERTEX_POINT('',#571);
#571 = CARTESIAN_POINT('',(-60.35,0.,-17.));
#572 = LINE('',#573,#574);
#573 = CARTESIAN_POINT('',(57.55,0.,-16.99999999999));
#574 = VECTOR('',#575,1.);
#575 = DIRECTION('',(1.,0.,-1.226E-14));
#576 = ORIENTED_EDGE('',*,*,#577,.F.);
#577 = EDGE_CURVE('',#578,#570,#580,.T.);
#578 = VERTEX_POINT('',#579);
#579 = CARTESIAN_POINT('',(-60.35,0.,-10.99999999999));
#580 = LINE('',#581,#582);
#581 = CARTESIAN_POINT('',(-60.35,0.,-8.999999999998));
#582 = VECTOR('',#583,1.);
#583 = DIRECTION('',(0.,0.,-1.));
#584 = ORIENTED_EDGE('',*,*,#585,.T.);
#585 = EDGE_CURVE('',#578,#514,#586,.T.);
#586 = LINE('',#587,#588);
#587 = CARTESIAN_POINT('',(47.8,0.,-11.));
#588 = VECTOR('',#589,1.);
#589 = DIRECTION('',(1.,0.,-9.01E-15));
#590 = ORIENTED_EDGE('',*,*,#522,.F.);
#591 = PLANE('',#592);
#592 = AXIS2_PLACEMENT_3D('',#593,#594,#595);
#593 = CARTESIAN_POINT('',(8.25,0.,1.23013E-12));
#594 = DIRECTION('',(0.,-1.,0.));
#595 = DIRECTION('',(1.,0.,0.));
#596 = ADVANCED_FACE('',(#597,#647),#691,.F.);
#597 = FACE_BOUND('',#598,.F.);
#598 = EDGE_LOOP('',(#599,#610,#618,#641));
#599 = ORIENTED_EDGE('',*,*,#600,.F.);
#600 = EDGE_CURVE('',#601,#603,#605,.T.);
#601 = VERTEX_POINT('',#602);
#602 = CARTESIAN_POINT('',(-77.6,5.45539774207,0.25));
#603 = VERTEX_POINT('',#604);
#604 = CARTESIAN_POINT('',(-75.1,3.876495258101,0.25));
#605 = CIRCLE('',#606,30.);
#606 = AXIS2_PLACEMENT_3D('',#607,#608,#609);
#607 = CARTESIAN_POINT('',(-60.35,30.,0.25));
#608 = DIRECTION('',(-1.2E-16,-3.995466428348E-33,1.));
#609 = DIRECTION('',(-0.707106781187,-0.707106781187,-8.485281374239E-17
    ));
#610 = ORIENTED_EDGE('',*,*,#611,.F.);
#611 = EDGE_CURVE('',#612,#601,#614,.T.);
#612 = VERTEX_POINT('',#613);
#613 = CARTESIAN_POINT('',(-77.59999999952,5.455397741734,1.177095883414
    ));
#614 = LINE('',#615,#616);
#615 = CARTESIAN_POINT('',(-77.6,5.45539774207,-8.999999999998));
#616 = VECTOR('',#617,1.);
#617 = DIRECTION('',(0.,0.,-1.));
#618 = ORIENTED_EDGE('',*,*,#619,.F.);
#619 = EDGE_CURVE('',#620,#612,#622,.T.);
#620 = VERTEX_POINT('',#621);
#621 = CARTESIAN_POINT('',(-75.1,3.876495258103,1.177095883552));
#622 = B_SPLINE_CURVE_WITH_KNOTS('',3,(#623,#624,#625,#626,#627,#628,
    #629,#630,#631,#632,#633,#634,#635,#636,#637,#638,#639,#640),
  .UNSPECIFIED.,.F.,.F.,(4,1,1,1,1,1,1,1,1,1,1,1,1,1,1,4),(
    -6.056569653739E-03,-4.308766977386E-03,-2.560964301034E-03,
    -8.131616246809E-04,9.346410516716E-04,2.682443728024E-03,
    4.430246404377E-03,7.925851757082E-03,9.673654433435E-03,
    1.142145710979E-02,1.316925978614E-02,1.491706246249E-02,
    1.666486513884E-02,1.84126678152E-02,2.016047049155E-02,
    2.19082731679E-02),.UNSPECIFIED.);
#623 = CARTESIAN_POINT('',(-75.1,3.876495258104,1.177095883551));
#624 = CARTESIAN_POINT('',(-74.60225767274,3.595457189146,1.321021793613
    ));
#625 = CARTESIAN_POINT('',(-73.64118176317,3.091212073173,1.784063886988
    ));
#626 = CARTESIAN_POINT('',(-72.46769362594,2.54996729093,3.014494389893)
  );
#627 = CARTESIAN_POINT('',(-71.81083205923,2.275274791636,4.659730097281
    ));
#628 = CARTESIAN_POINT('',(-71.83497236827,2.284928155306,6.45937971803)
  );
#629 = CARTESIAN_POINT('',(-72.53251579728,2.578467286271,8.084386097231
    ));
#630 = CARTESIAN_POINT('',(-74.14514471369,3.32610835578,9.689189062257)
  );
#631 = CARTESIAN_POINT('',(-76.24296636319,4.505729374652,
    10.185453412349));
#632 = CARTESIAN_POINT('',(-78.13995708089,5.825134943318,9.712152007946
    ));
#633 = CARTESIAN_POINT('',(-79.38339908791,6.795370412963,8.933349932301
    ));
#634 = CARTESIAN_POINT('',(-80.37363740911,7.651940541278,7.726169579914
    ));
#635 = CARTESIAN_POINT('',(-80.93137016321,8.173361399078,6.07971914794)
  );
#636 = CARTESIAN_POINT('',(-80.79630322159,8.044262780921,4.272392333637
    ));
#637 = CARTESIAN_POINT('',(-80.04529176938,7.358625141651,2.775310684125
    ));
#638 = CARTESIAN_POINT('',(-78.94605432909,6.441785433035,1.728762192292
    ));
#639 = CARTESIAN_POINT('',(-78.06940661214,5.785297732859,1.312828309923
    ));
#640 = CARTESIAN_POINT('',(-77.59999999904,5.455397741397,1.177095883276
    ));
#641 = ORIENTED_EDGE('',*,*,#642,.F.);
#642 = EDGE_CURVE('',#603,#620,#643,.T.);
#643 = LINE('',#644,#645);
#644 = CARTESIAN_POINT('',(-75.1,3.876495258101,-8.999999999998));
#645 = VECTOR('',#646,1.);
#646 = DIRECTION('',(0.,0.,1.));
#647 = FACE_BOUND('',#648,.F.);
#648 = EDGE_LOOP('',(#649,#650,#659,#667,#674,#675,#676,#684));
#649 = ORIENTED_EDGE('',*,*,#577,.F.);
#650 = ORIENTED_EDGE('',*,*,#651,.F.);
#651 = EDGE_CURVE('',#652,#578,#654,.T.);
#652 = VERTEX_POINT('',#653);
#653 = CARTESIAN_POINT('',(-70.84999999999,1.897509007206,
    -10.99999999999));
#654 = CIRCLE('',#655,30.);
#655 = AXIS2_PLACEMENT_3D('',#656,#657,#658);
#656 = CARTESIAN_POINT('',(-60.35,30.,-11.));
#657 = DIRECTION('',(9.01E-15,-8.430302881391E-32,1.));
#658 = DIRECTION('',(-0.707106781187,-0.707106781187,6.371032098491E-15)
  );
#659 = ORIENTED_EDGE('',*,*,#660,.F.);
#660 = EDGE_CURVE('',#661,#652,#663,.T.);
#661 = VERTEX_POINT('',#662);
#662 = CARTESIAN_POINT('',(-70.84999999999,1.897509007206,
    16.000000000004));
#663 = LINE('',#664,#665);
#664 = CARTESIAN_POINT('',(-70.84999999999,1.897509007206,
    -8.999999999998));
#665 = VECTOR('',#666,1.);
#666 = DIRECTION('',(0.,0.,-1.));
#667 = ORIENTED_EDGE('',*,*,#668,.F.);
#668 = EDGE_CURVE('',#548,#661,#669,.T.);
#669 = CIRCLE('',#670,30.);
#670 = AXIS2_PLACEMENT_3D('',#671,#672,#673);
#671 = CARTESIAN_POINT('',(-60.35,30.,16.000000000004));
#672 = DIRECTION('',(-2.569E-14,-4.072159735403E-31,-1.));
#673 = DIRECTION('',(-0.707106781187,-0.707106781187,1.816557320868E-14)
  );
#674 = ORIENTED_EDGE('',*,*,#555,.F.);
#675 = ORIENTED_EDGE('',*,*,#176,.T.);
#676 = ORIENTED_EDGE('',*,*,#677,.F.);
#677 = EDGE_CURVE('',#678,#145,#680,.T.);
#678 = VERTEX_POINT('',#679);
#679 = CARTESIAN_POINT('',(-90.34999999999,30.,-17.));
#680 = LINE('',#681,#682);
#681 = CARTESIAN_POINT('',(-90.35,30.,-8.999999999998));
#682 = VECTOR('',#683,1.);
#683 = DIRECTION('',(0.,0.,1.));
#684 = ORIENTED_EDGE('',*,*,#685,.T.);
#685 = EDGE_CURVE('',#678,#570,#686,.T.);
#686 = CIRCLE('',#687,30.);
#687 = AXIS2_PLACEMENT_3D('',#688,#689,#690);
#688 = CARTESIAN_POINT('',(-60.35,30.,-17.));
#689 = DIRECTION('',(1.226E-14,2.551834517378E-31,1.));
#690 = DIRECTION('',(-0.707106781187,-0.707106781187,8.669129137347E-15)
  );
#691 = CYLINDRICAL_SURFACE('',#692,30.);
#692 = AXIS2_PLACEMENT_3D('',#693,#694,#695);
#693 = CARTESIAN_POINT('',(-60.35,30.,-8.999999999998));
#694 = DIRECTION('',(0.,0.,1.));
#695 = DIRECTION('',(-0.707106781187,-0.707106781187,0.));
#696 = ADVANCED_FACE('',(#697),#731,.T.);
#697 = FACE_BOUND('',#698,.T.);
#698 = EDGE_LOOP('',(#699,#709,#717,#725));
#699 = ORIENTED_EDGE('',*,*,#700,.T.);
#700 = EDGE_CURVE('',#701,#703,#705,.T.);
#701 = VERTEX_POINT('',#702);
#702 = CARTESIAN_POINT('',(123.5,-4.,-21.15));
#703 = VERTEX_POINT('',#704);
#704 = CARTESIAN_POINT('',(123.5,-3.,-22.15));
#705 = LINE('',#706,#707);
#706 = CARTESIAN_POINT('',(123.5,-3.25,-21.9));
#707 = VECTOR('',#708,1.);
#708 = DIRECTION('',(6.73E-15,0.707106781187,-0.707106781187));
#709 = ORIENTED_EDGE('',*,*,#710,.T.);
#710 = EDGE_CURVE('',#703,#711,#713,.T.);
#711 = VERTEX_POINT('',#712);
#712 = CARTESIAN_POINT('',(127.5,-3.,-18.15));
#713 = LINE('',#714,#715);
#714 = CARTESIAN_POINT('',(124.5,-3.,-21.15));
#715 = VECTOR('',#716,1.);
#716 = DIRECTION('',(0.707106781187,5.29E-15,0.707106781187));
#717 = ORIENTED_EDGE('',*,*,#718,.T.);
#718 = EDGE_CURVE('',#711,#719,#721,.T.);
#719 = VERTEX_POINT('',#720);
#720 = CARTESIAN_POINT('',(126.5,-4.,-18.15));
#721 = LINE('',#722,#723);
#722 = CARTESIAN_POINT('',(126.25,-4.25,-18.15));
#723 = VECTOR('',#724,1.);
#724 = DIRECTION('',(-0.707106781187,-0.707106781187,-6.44E-15));
#725 = ORIENTED_EDGE('',*,*,#726,.T.);
#726 = EDGE_CURVE('',#719,#701,#727,.T.);
#727 = LINE('',#728,#729);
#728 = CARTESIAN_POINT('',(97.6625,-4.,-46.9875));
#729 = VECTOR('',#730,1.);
#730 = DIRECTION('',(-0.707106781187,0.,-0.707106781187));
#731 = PLANE('',#732);
#732 = AXIS2_PLACEMENT_3D('',#733,#734,#735);
#733 = CARTESIAN_POINT('',(123.5,-3.,-22.15));
#734 = DIRECTION('',(0.57735026919,-0.57735026919,-0.57735026919));
#735 = DIRECTION('',(-0.707106781187,9.359270450281E-16,-0.707106781187)
  );
#736 = ADVANCED_FACE('',(#737),#762,.T.);
#737 = FACE_BOUND('',#738,.T.);
#738 = EDGE_LOOP('',(#739,#749,#755,#756));
#739 = ORIENTED_EDGE('',*,*,#740,.F.);
#740 = EDGE_CURVE('',#741,#743,#745,.T.);
#741 = VERTEX_POINT('',#742);
#742 = CARTESIAN_POINT('',(127.5,-1.,-18.15));
#743 = VERTEX_POINT('',#744);
#744 = CARTESIAN_POINT('',(123.5,-1.,-22.15));
#745 = LINE('',#746,#747);
#746 = CARTESIAN_POINT('',(99.1625,-1.,-46.4875));
#747 = VECTOR('',#748,1.);
#748 = DIRECTION('',(-0.707106781187,0.,-0.707106781187));
#749 = ORIENTED_EDGE('',*,*,#750,.T.);
#750 = EDGE_CURVE('',#741,#711,#751,.T.);
#751 = LINE('',#752,#753);
#752 = CARTESIAN_POINT('',(127.5,0.,-18.15));
#753 = VECTOR('',#754,1.);
#754 = DIRECTION('',(0.,-1.,0.));
#755 = ORIENTED_EDGE('',*,*,#710,.F.);
#756 = ORIENTED_EDGE('',*,*,#757,.T.);
#757 = EDGE_CURVE('',#703,#743,#758,.T.);
#758 = LINE('',#759,#760);
#759 = CARTESIAN_POINT('',(123.5,0.,-22.15));
#760 = VECTOR('',#761,1.);
#761 = DIRECTION('',(0.,1.,0.));
#762 = PLANE('',#763);
#763 = AXIS2_PLACEMENT_3D('',#764,#765,#766);
#764 = CARTESIAN_POINT('',(125.5,0.,-20.15));
#765 = DIRECTION('',(0.707106781187,0.,-0.707106781187));
#766 = DIRECTION('',(-0.707106781187,0.,-0.707106781187));
#767 = ADVANCED_FACE('',(#768),#802,.T.);
#768 = FACE_BOUND('',#769,.T.);
#769 = EDGE_LOOP('',(#770,#780,#788,#796));
#770 = ORIENTED_EDGE('',*,*,#771,.T.);
#771 = EDGE_CURVE('',#772,#774,#776,.T.);
#772 = VERTEX_POINT('',#773);
#773 = CARTESIAN_POINT('',(-126.5,-4.,-18.15));
#774 = VERTEX_POINT('',#775);
#775 = CARTESIAN_POINT('',(-127.5,-3.,-18.15));
#776 = LINE('',#777,#778);
#777 = CARTESIAN_POINT('',(-127.25,-3.25,-18.15));
#778 = VECTOR('',#779,1.);
#779 = DIRECTION('',(-0.707106781187,0.707106781187,2.4E-15));
#780 = ORIENTED_EDGE('',*,*,#781,.T.);
#781 = EDGE_CURVE('',#774,#782,#784,.T.);
#782 = VERTEX_POINT('',#783);
#783 = CARTESIAN_POINT('',(-123.5,-3.,-22.15));
#784 = LINE('',#785,#786);
#785 = CARTESIAN_POINT('',(-126.5,-3.,-19.15));
#786 = VECTOR('',#787,1.);
#787 = DIRECTION('',(0.707106781187,-9.23E-15,-0.707106781187));
#788 = ORIENTED_EDGE('',*,*,#789,.T.);
#789 = EDGE_CURVE('',#782,#790,#792,.T.);
#790 = VERTEX_POINT('',#791);
#791 = CARTESIAN_POINT('',(-123.5,-4.,-21.15));
#792 = LINE('',#793,#794);
#793 = CARTESIAN_POINT('',(-123.5,-4.25,-20.9));
#794 = VECTOR('',#795,1.);
#795 = DIRECTION('',(-2.9E-16,-0.707106781187,0.707106781187));
#796 = ORIENTED_EDGE('',*,*,#797,.T.);
#797 = EDGE_CURVE('',#790,#772,#798,.T.);
#798 = LINE('',#799,#800);
#799 = CARTESIAN_POINT('',(-99.6625,-4.,-44.9875));
#800 = VECTOR('',#801,1.);
#801 = DIRECTION('',(-0.707106781187,0.,0.707106781187));
#802 = PLANE('',#803);
#803 = AXIS2_PLACEMENT_3D('',#804,#805,#806);
#804 = CARTESIAN_POINT('',(-127.5,-3.,-18.15));
#805 = DIRECTION('',(-0.57735026919,-0.57735026919,-0.57735026919));
#806 = DIRECTION('',(-0.707106781187,-1.322512342976E-15,0.707106781187)
  );
#807 = ADVANCED_FACE('',(#808),#824,.T.);
#808 = FACE_BOUND('',#809,.T.);
#809 = EDGE_LOOP('',(#810,#811,#817,#818));
#810 = ORIENTED_EDGE('',*,*,#700,.F.);
#811 = ORIENTED_EDGE('',*,*,#812,.T.);
#812 = EDGE_CURVE('',#701,#790,#813,.T.);
#813 = LINE('',#814,#815);
#814 = CARTESIAN_POINT('',(-63.75,-4.,-21.15));
#815 = VECTOR('',#816,1.);
#816 = DIRECTION('',(-1.,0.,0.));
#817 = ORIENTED_EDGE('',*,*,#789,.F.);
#818 = ORIENTED_EDGE('',*,*,#819,.T.);
#819 = EDGE_CURVE('',#782,#703,#820,.T.);
#820 = LINE('',#821,#822);
#821 = CARTESIAN_POINT('',(-63.75,-3.,-22.15));
#822 = VECTOR('',#823,1.);
#823 = DIRECTION('',(1.,0.,0.));
#824 = PLANE('',#825);
#825 = AXIS2_PLACEMENT_3D('',#826,#827,#828);
#826 = CARTESIAN_POINT('',(-63.75,-3.5,-21.65));
#827 = DIRECTION('',(0.,-0.707106781187,-0.707106781187));
#828 = DIRECTION('',(-1.,-0.,0.));
#829 = ADVANCED_FACE('',(#830),#864,.T.);
#830 = FACE_BOUND('',#831,.T.);
#831 = EDGE_LOOP('',(#832,#842,#850,#858));
#832 = ORIENTED_EDGE('',*,*,#833,.T.);
#833 = EDGE_CURVE('',#834,#836,#838,.T.);
#834 = VERTEX_POINT('',#835);
#835 = CARTESIAN_POINT('',(126.5,-4.,18.15));
#836 = VERTEX_POINT('',#837);
#837 = CARTESIAN_POINT('',(127.5,-3.,18.15));
#838 = LINE('',#839,#840);
#839 = CARTESIAN_POINT('',(127.25,-3.25,18.15));
#840 = VECTOR('',#841,1.);
#841 = DIRECTION('',(0.707106781187,0.707106781187,-7.02E-15));
#842 = ORIENTED_EDGE('',*,*,#843,.T.);
#843 = EDGE_CURVE('',#836,#844,#846,.T.);
#844 = VERTEX_POINT('',#845);
#845 = CARTESIAN_POINT('',(123.5,-3.,22.15));
#846 = LINE('',#847,#848);
#847 = CARTESIAN_POINT('',(126.5,-3.,19.15));
#848 = VECTOR('',#849,1.);
#849 = DIRECTION('',(-0.707106781187,2.21E-15,0.707106781187));
#850 = ORIENTED_EDGE('',*,*,#851,.T.);
#851 = EDGE_CURVE('',#844,#852,#854,.T.);
#852 = VERTEX_POINT('',#853);
#853 = CARTESIAN_POINT('',(123.5,-4.,21.15));
#854 = LINE('',#855,#856);
#855 = CARTESIAN_POINT('',(123.5,-4.25,20.9));
#856 = VECTOR('',#857,1.);
#857 = DIRECTION('',(3.8E-16,-0.707106781187,-0.707106781187));
#858 = ORIENTED_EDGE('',*,*,#859,.T.);
#859 = EDGE_CURVE('',#852,#834,#860,.T.);
#860 = LINE('',#861,#862);
#861 = CARTESIAN_POINT('',(99.6625,-4.,44.9875));
#862 = VECTOR('',#863,1.);
#863 = DIRECTION('',(0.707106781187,0.,-0.707106781187));
#864 = PLANE('',#865);
#865 = AXIS2_PLACEMENT_3D('',#866,#867,#868);
#866 = CARTESIAN_POINT('',(127.5,-3.,18.15));
#867 = DIRECTION('',(0.57735026919,-0.57735026919,0.57735026919));
#868 = DIRECTION('',(0.707106781187,9.371944909887E-16,-0.707106781187)
  );
#869 = ADVANCED_FACE('',(#870),#895,.T.);
#870 = FACE_BOUND('',#871,.T.);
#871 = EDGE_LOOP('',(#872,#882,#888,#889));
#872 = ORIENTED_EDGE('',*,*,#873,.F.);
#873 = EDGE_CURVE('',#874,#876,#878,.T.);
#874 = VERTEX_POINT('',#875);
#875 = CARTESIAN_POINT('',(123.5,-1.,22.15));
#876 = VERTEX_POINT('',#877);
#877 = CARTESIAN_POINT('',(127.5,-1.,18.15));
#878 = LINE('',#879,#880);
#879 = CARTESIAN_POINT('',(99.1625,-1.,46.4875));
#880 = VECTOR('',#881,1.);
#881 = DIRECTION('',(0.707106781187,0.,-0.707106781187));
#882 = ORIENTED_EDGE('',*,*,#883,.T.);
#883 = EDGE_CURVE('',#874,#844,#884,.T.);
#884 = LINE('',#885,#886);
#885 = CARTESIAN_POINT('',(123.5,0.,22.15));
#886 = VECTOR('',#887,1.);
#887 = DIRECTION('',(0.,-1.,0.));
#888 = ORIENTED_EDGE('',*,*,#843,.F.);
#889 = ORIENTED_EDGE('',*,*,#890,.T.);
#890 = EDGE_CURVE('',#836,#876,#891,.T.);
#891 = LINE('',#892,#893);
#892 = CARTESIAN_POINT('',(127.5,0.,18.15));
#893 = VECTOR('',#894,1.);
#894 = DIRECTION('',(0.,1.,0.));
#895 = PLANE('',#896);
#896 = AXIS2_PLACEMENT_3D('',#897,#898,#899);
#897 = CARTESIAN_POINT('',(125.5,0.,20.15));
#898 = DIRECTION('',(0.707106781187,0.,0.707106781187));
#899 = DIRECTION('',(0.707106781187,0.,-0.707106781187));
#900 = ADVANCED_FACE('',(#901),#935,.T.);
#901 = FACE_BOUND('',#902,.T.);
#902 = EDGE_LOOP('',(#903,#913,#921,#929));
#903 = ORIENTED_EDGE('',*,*,#904,.T.);
#904 = EDGE_CURVE('',#905,#907,#909,.T.);
#905 = VERTEX_POINT('',#906);
#906 = CARTESIAN_POINT('',(-123.5,-4.,21.15));
#907 = VERTEX_POINT('',#908);
#908 = CARTESIAN_POINT('',(-123.5,-3.,22.15));
#909 = LINE('',#910,#911);
#910 = CARTESIAN_POINT('',(-123.5,-3.25,21.9));
#911 = VECTOR('',#912,1.);
#912 = DIRECTION('',(6.83E-15,0.707106781187,0.707106781187));
#913 = ORIENTED_EDGE('',*,*,#914,.T.);
#914 = EDGE_CURVE('',#907,#915,#917,.T.);
#915 = VERTEX_POINT('',#916);
#916 = CARTESIAN_POINT('',(-127.5,-3.,18.15));
#917 = LINE('',#918,#919);
#918 = CARTESIAN_POINT('',(-124.5,-3.,21.15));
#919 = VECTOR('',#920,1.);
#920 = DIRECTION('',(-0.707106781187,-3.37E-15,-0.707106781187));
#921 = ORIENTED_EDGE('',*,*,#922,.T.);
#922 = EDGE_CURVE('',#915,#923,#925,.T.);
#923 = VERTEX_POINT('',#924);
#924 = CARTESIAN_POINT('',(-126.5,-4.,18.15));
#925 = LINE('',#926,#927);
#926 = CARTESIAN_POINT('',(-126.25,-4.25,18.15));
#927 = VECTOR('',#928,1.);
#928 = DIRECTION('',(0.707106781187,-0.707106781187,2.21E-15));
#929 = ORIENTED_EDGE('',*,*,#930,.T.);
#930 = EDGE_CURVE('',#923,#905,#931,.T.);
#931 = LINE('',#932,#933);
#932 = CARTESIAN_POINT('',(-97.6625,-4.,46.9875));
#933 = VECTOR('',#934,1.);
#934 = DIRECTION('',(0.707106781187,0.,0.707106781187));
#935 = PLANE('',#936);
#936 = AXIS2_PLACEMENT_3D('',#937,#938,#939);
#937 = CARTESIAN_POINT('',(-123.5,-3.,22.15));
#938 = DIRECTION('',(-0.57735026919,-0.57735026919,0.57735026919));
#939 = DIRECTION('',(0.707106781187,-4.908042393189E-16,0.707106781187)
  );
#940 = ADVANCED_FACE('',(#941),#957,.T.);
#941 = FACE_BOUND('',#942,.T.);
#942 = EDGE_LOOP('',(#943,#944,#950,#951));
#943 = ORIENTED_EDGE('',*,*,#771,.F.);
#944 = ORIENTED_EDGE('',*,*,#945,.T.);
#945 = EDGE_CURVE('',#772,#923,#946,.T.);
#946 = LINE('',#947,#948);
#947 = CARTESIAN_POINT('',(-126.5,-4.,11.075));
#948 = VECTOR('',#949,1.);
#949 = DIRECTION('',(1.2E-15,0.,1.));
#950 = ORIENTED_EDGE('',*,*,#922,.F.);
#951 = ORIENTED_EDGE('',*,*,#952,.T.);
#952 = EDGE_CURVE('',#915,#774,#953,.T.);
#953 = LINE('',#954,#955);
#954 = CARTESIAN_POINT('',(-127.5,-3.,11.075));
#955 = VECTOR('',#956,1.);
#956 = DIRECTION('',(-1.2E-15,0.,-1.));
#957 = PLANE('',#958);
#958 = AXIS2_PLACEMENT_3D('',#959,#960,#961);
#959 = CARTESIAN_POINT('',(-127.,-3.5,11.075));
#960 = DIRECTION('',(-0.707106781187,-0.707106781187,0.));
#961 = DIRECTION('',(6.E-16,-6.E-16,1.));
#962 = ADVANCED_FACE('',(#963),#979,.T.);
#963 = FACE_BOUND('',#964,.T.);
#964 = EDGE_LOOP('',(#965,#966,#972,#973));
#965 = ORIENTED_EDGE('',*,*,#904,.F.);
#966 = ORIENTED_EDGE('',*,*,#967,.T.);
#967 = EDGE_CURVE('',#905,#852,#968,.T.);
#968 = LINE('',#969,#970);
#969 = CARTESIAN_POINT('',(63.75,-4.,21.15));
#970 = VECTOR('',#971,1.);
#971 = DIRECTION('',(1.,0.,0.));
#972 = ORIENTED_EDGE('',*,*,#851,.F.);
#973 = ORIENTED_EDGE('',*,*,#974,.T.);
#974 = EDGE_CURVE('',#844,#907,#975,.T.);
#975 = LINE('',#976,#977);
#976 = CARTESIAN_POINT('',(63.75,-3.,22.15));
#977 = VECTOR('',#978,1.);
#978 = DIRECTION('',(-1.,0.,0.));
#979 = PLANE('',#980);
#980 = AXIS2_PLACEMENT_3D('',#981,#982,#983);
#981 = CARTESIAN_POINT('',(63.75,-3.5,21.65));
#982 = DIRECTION('',(0.,-0.707106781187,0.707106781187));
#983 = DIRECTION('',(1.,0.,0.));
#984 = ADVANCED_FACE('',(#985),#1001,.T.);
#985 = FACE_BOUND('',#986,.T.);
#986 = EDGE_LOOP('',(#987,#988,#994,#995));
#987 = ORIENTED_EDGE('',*,*,#833,.F.);
#988 = ORIENTED_EDGE('',*,*,#989,.T.);
#989 = EDGE_CURVE('',#834,#719,#990,.T.);
#990 = LINE('',#991,#992);
#991 = CARTESIAN_POINT('',(126.5,-4.,-11.075));
#992 = VECTOR('',#993,1.);
#993 = DIRECTION('',(8.E-16,0.,-1.));
#994 = ORIENTED_EDGE('',*,*,#718,.F.);
#995 = ORIENTED_EDGE('',*,*,#996,.T.);
#996 = EDGE_CURVE('',#711,#836,#997,.T.);
#997 = LINE('',#998,#999);
#998 = CARTESIAN_POINT('',(127.5,-3.,-11.075));
#999 = VECTOR('',#1000,1.);
#1000 = DIRECTION('',(-8.E-16,0.,1.));
#1001 = PLANE('',#1002);
#1002 = AXIS2_PLACEMENT_3D('',#1003,#1004,#1005);
#1003 = CARTESIAN_POINT('',(127.,-3.5,-11.075));
#1004 = DIRECTION('',(0.707106781187,-0.707106781187,0.));
#1005 = DIRECTION('',(4.E-16,4.E-16,-1.));
#1006 = ADVANCED_FACE('',(#1007,#1043,#1079,#1115,#1151,#1162,#1173,
    #1184,#1195),#1245,.F.);
#1007 = FACE_BOUND('',#1008,.T.);
#1008 = EDGE_LOOP('',(#1009,#1019,#1028,#1036));
#1009 = ORIENTED_EDGE('',*,*,#1010,.T.);
#1010 = EDGE_CURVE('',#1011,#1013,#1015,.T.);
#1011 = VERTEX_POINT('',#1012);
#1012 = CARTESIAN_POINT('',(-118.1125,0.,-13.275));
#1013 = VERTEX_POINT('',#1014);
#1014 = CARTESIAN_POINT('',(-121.225,0.,-13.275));
#1015 = LINE('',#1016,#1017);
#1016 = CARTESIAN_POINT('',(-60.6125,0.,-13.275));
#1017 = VECTOR('',#1018,1.);
#1018 = DIRECTION('',(-1.,0.,-7.1E-16));
#1019 = ORIENTED_EDGE('',*,*,#1020,.T.);
#1020 = EDGE_CURVE('',#1013,#1021,#1023,.T.);
#1021 = VERTEX_POINT('',#1022);
#1022 = CARTESIAN_POINT('',(-121.225,0.,-18.475));
#1023 = CIRCLE('',#1024,2.6);
#1024 = AXIS2_PLACEMENT_3D('',#1025,#1026,#1027);
#1025 = CARTESIAN_POINT('',(-121.225,0.,-15.875));
#1026 = DIRECTION('',(0.,-1.,0.));
#1027 = DIRECTION('',(0.,0.,1.));
#1028 = ORIENTED_EDGE('',*,*,#1029,.T.);
#1029 = EDGE_CURVE('',#1021,#1030,#1032,.T.);
#1030 = VERTEX_POINT('',#1031);
#1031 = CARTESIAN_POINT('',(-118.1125,0.,-18.475));
#1032 = LINE('',#1033,#1034);
#1033 = CARTESIAN_POINT('',(-59.05625,0.,-18.475));
#1034 = VECTOR('',#1035,1.);
#1035 = DIRECTION('',(1.,0.,7.1E-16));
#1036 = ORIENTED_EDGE('',*,*,#1037,.T.);
#1037 = EDGE_CURVE('',#1030,#1011,#1038,.T.);
#1038 = CIRCLE('',#1039,2.6);
#1039 = AXIS2_PLACEMENT_3D('',#1040,#1041,#1042);
#1040 = CARTESIAN_POINT('',(-118.1125,0.,-15.875));
#1041 = DIRECTION('',(0.,-1.,0.));
#1042 = DIRECTION('',(0.,0.,-1.));
#1043 = FACE_BOUND('',#1044,.T.);
#1044 = EDGE_LOOP('',(#1045,#1055,#1064,#1072));
#1045 = ORIENTED_EDGE('',*,*,#1046,.T.);
#1046 = EDGE_CURVE('',#1047,#1049,#1051,.T.);
#1047 = VERTEX_POINT('',#1048);
#1048 = CARTESIAN_POINT('',(-118.1125,0.,2.6));
#1049 = VERTEX_POINT('',#1050);
#1050 = CARTESIAN_POINT('',(-121.225,0.,2.6));
#1051 = LINE('',#1052,#1053);
#1052 = CARTESIAN_POINT('',(-60.6125,0.,2.6));
#1053 = VECTOR('',#1054,1.);
#1054 = DIRECTION('',(-1.,0.,-1.8E-16));
#1055 = ORIENTED_EDGE('',*,*,#1056,.T.);
#1056 = EDGE_CURVE('',#1049,#1057,#1059,.T.);
#1057 = VERTEX_POINT('',#1058);
#1058 = CARTESIAN_POINT('',(-121.225,0.,-2.6));
#1059 = CIRCLE('',#1060,2.6);
#1060 = AXIS2_PLACEMENT_3D('',#1061,#1062,#1063);
#1061 = CARTESIAN_POINT('',(-121.225,0.,-6.7E-16));
#1062 = DIRECTION('',(0.,-1.,0.));
#1063 = DIRECTION('',(0.,0.,1.));
#1064 = ORIENTED_EDGE('',*,*,#1065,.T.);
#1065 = EDGE_CURVE('',#1057,#1066,#1068,.T.);
#1066 = VERTEX_POINT('',#1067);
#1067 = CARTESIAN_POINT('',(-118.1125,0.,-2.6));
#1068 = LINE('',#1069,#1070);
#1069 = CARTESIAN_POINT('',(-59.05625,0.,-2.6));
#1070 = VECTOR('',#1071,1.);
#1071 = DIRECTION('',(1.,0.,1.8E-16));
#1072 = ORIENTED_EDGE('',*,*,#1073,.T.);
#1073 = EDGE_CURVE('',#1066,#1047,#1074,.T.);
#1074 = CIRCLE('',#1075,2.6);
#1075 = AXIS2_PLACEMENT_3D('',#1076,#1077,#1078);
#1076 = CARTESIAN_POINT('',(-118.1125,0.,0.));
#1077 = DIRECTION('',(0.,-1.,0.));
#1078 = DIRECTION('',(0.,0.,-1.));
#1079 = FACE_BOUND('',#1080,.T.);
#1080 = EDGE_LOOP('',(#1081,#1091,#1100,#1108));
#1081 = ORIENTED_EDGE('',*,*,#1082,.T.);
#1082 = EDGE_CURVE('',#1083,#1085,#1087,.T.);
#1083 = VERTEX_POINT('',#1084);
#1084 = CARTESIAN_POINT('',(-118.1125,0.,18.475));
#1085 = VERTEX_POINT('',#1086);
#1086 = CARTESIAN_POINT('',(-121.225,0.,18.475));
#1087 = LINE('',#1088,#1089);
#1088 = CARTESIAN_POINT('',(-60.6125,0.,18.475));
#1089 = VECTOR('',#1090,1.);
#1090 = DIRECTION('',(-1.,0.,0.));
#1091 = ORIENTED_EDGE('',*,*,#1092,.T.);
#1092 = EDGE_CURVE('',#1085,#1093,#1095,.T.);
#1093 = VERTEX_POINT('',#1094);
#1094 = CARTESIAN_POINT('',(-121.225,0.,13.275));
#1095 = CIRCLE('',#1096,2.6);
#1096 = AXIS2_PLACEMENT_3D('',#1097,#1098,#1099);
#1097 = CARTESIAN_POINT('',(-121.225,0.,15.875));
#1098 = DIRECTION('',(0.,-1.,0.));
#1099 = DIRECTION('',(0.,0.,1.));
#1100 = ORIENTED_EDGE('',*,*,#1101,.T.);
#1101 = EDGE_CURVE('',#1093,#1102,#1104,.T.);
#1102 = VERTEX_POINT('',#1103);
#1103 = CARTESIAN_POINT('',(-118.1125,0.,13.275));
#1104 = LINE('',#1105,#1106);
#1105 = CARTESIAN_POINT('',(-59.05625,0.,13.275));
#1106 = VECTOR('',#1107,1.);
#1107 = DIRECTION('',(1.,0.,0.));
#1108 = ORIENTED_EDGE('',*,*,#1109,.T.);
#1109 = EDGE_CURVE('',#1102,#1083,#1110,.T.);
#1110 = CIRCLE('',#1111,2.6);
#1111 = AXIS2_PLACEMENT_3D('',#1112,#1113,#1114);
#1112 = CARTESIAN_POINT('',(-118.1125,0.,15.875));
#1113 = DIRECTION('',(0.,-1.,0.));
#1114 = DIRECTION('',(0.,0.,-1.));
#1115 = FACE_BOUND('',#1116,.T.);
#1116 = EDGE_LOOP('',(#1117,#1127,#1136,#1144));
#1117 = ORIENTED_EDGE('',*,*,#1118,.T.);
#1118 = EDGE_CURVE('',#1119,#1121,#1123,.T.);
#1119 = VERTEX_POINT('',#1120);
#1120 = CARTESIAN_POINT('',(-98.,0.,-4.));
#1121 = VERTEX_POINT('',#1122);
#1122 = CARTESIAN_POINT('',(-98.,0.,4.));
#1123 = LINE('',#1124,#1125);
#1124 = CARTESIAN_POINT('',(-98.,0.,-2.));
#1125 = VECTOR('',#1126,1.);
#1126 = DIRECTION('',(0.,0.,1.));
#1127 = ORIENTED_EDGE('',*,*,#1128,.T.);
#1128 = EDGE_CURVE('',#1121,#1129,#1131,.T.);
#1129 = VERTEX_POINT('',#1130);
#1130 = CARTESIAN_POINT('',(-108.,0.,4.));
#1131 = CIRCLE('',#1132,5.);
#1132 = AXIS2_PLACEMENT_3D('',#1133,#1134,#1135);
#1133 = CARTESIAN_POINT('',(-103.,0.,4.));
#1134 = DIRECTION('',(0.,-1.,0.));
#1135 = DIRECTION('',(-1.,0.,0.));
#1136 = ORIENTED_EDGE('',*,*,#1137,.T.);
#1137 = EDGE_CURVE('',#1129,#1138,#1140,.T.);
#1138 = VERTEX_POINT('',#1139);
#1139 = CARTESIAN_POINT('',(-108.,0.,-4.));
#1140 = LINE('',#1141,#1142);
#1141 = CARTESIAN_POINT('',(-108.,0.,2.));
#1142 = VECTOR('',#1143,1.);
#1143 = DIRECTION('',(0.,0.,-1.));
#1144 = ORIENTED_EDGE('',*,*,#1145,.T.);
#1145 = EDGE_CURVE('',#1138,#1119,#1146,.T.);
#1146 = CIRCLE('',#1147,5.);
#1147 = AXIS2_PLACEMENT_3D('',#1148,#1149,#1150);
#1148 = CARTESIAN_POINT('',(-103.,0.,-4.));
#1149 = DIRECTION('',(0.,-1.,0.));
#1150 = DIRECTION('',(1.,0.,0.));
#1151 = FACE_BOUND('',#1152,.T.);
#1152 = EDGE_LOOP('',(#1153));
#1153 = ORIENTED_EDGE('',*,*,#1154,.T.);
#1154 = EDGE_CURVE('',#1155,#1155,#1157,.T.);
#1155 = VERTEX_POINT('',#1156);
#1156 = CARTESIAN_POINT('',(-99.16776695296,0.,-9.782233047034));
#1157 = CIRCLE('',#1158,0.9);
#1158 = AXIS2_PLACEMENT_3D('',#1159,#1160,#1161);
#1159 = CARTESIAN_POINT('',(-98.26776695296,0.,-9.782233047034));
#1160 = DIRECTION('',(0.,-1.,0.));
#1161 = DIRECTION('',(-1.,0.,0.));
#1162 = FACE_BOUND('',#1163,.T.);
#1163 = EDGE_LOOP('',(#1164));
#1164 = ORIENTED_EDGE('',*,*,#1165,.T.);
#1165 = EDGE_CURVE('',#1166,#1166,#1168,.T.);
#1166 = VERTEX_POINT('',#1167);
#1167 = CARTESIAN_POINT('',(-99.16776695296,0.,9.782233047034));
#1168 = CIRCLE('',#1169,0.9);
#1169 = AXIS2_PLACEMENT_3D('',#1170,#1171,#1172);
#1170 = CARTESIAN_POINT('',(-98.26776695296,0.,9.782233047034));
#1171 = DIRECTION('',(0.,-1.,0.));
#1172 = DIRECTION('',(-1.,0.,0.));
#1173 = FACE_BOUND('',#1174,.T.);
#1174 = EDGE_LOOP('',(#1175));
#1175 = ORIENTED_EDGE('',*,*,#1176,.T.);
#1176 = EDGE_CURVE('',#1177,#1177,#1179,.T.);
#1177 = VERTEX_POINT('',#1178);
#1178 = CARTESIAN_POINT('',(-108.632233047,0.,-9.782233047034));
#1179 = CIRCLE('',#1180,0.9);
#1180 = AXIS2_PLACEMENT_3D('',#1181,#1182,#1183);
#1181 = CARTESIAN_POINT('',(-107.732233047,0.,-9.782233047034));
#1182 = DIRECTION('',(0.,-1.,0.));
#1183 = DIRECTION('',(-1.,0.,0.));
#1184 = FACE_BOUND('',#1185,.T.);
#1185 = EDGE_LOOP('',(#1186));
#1186 = ORIENTED_EDGE('',*,*,#1187,.T.);
#1187 = EDGE_CURVE('',#1188,#1188,#1190,.T.);
#1188 = VERTEX_POINT('',#1189);
#1189 = CARTESIAN_POINT('',(-108.632233047,0.,9.782233047034));
#1190 = CIRCLE('',#1191,0.9);
#1191 = AXIS2_PLACEMENT_3D('',#1192,#1193,#1194);
#1192 = CARTESIAN_POINT('',(-107.732233047,0.,9.782233047034));
#1193 = DIRECTION('',(0.,-1.,0.));
#1194 = DIRECTION('',(-1.,0.,0.));
#1195 = FACE_BOUND('',#1196,.T.);
#1196 = EDGE_LOOP('',(#1197,#1207,#1215,#1223,#1231,#1239));
#1197 = ORIENTED_EDGE('',*,*,#1198,.F.);
#1198 = EDGE_CURVE('',#1199,#1201,#1203,.T.);
#1199 = VERTEX_POINT('',#1200);
#1200 = CARTESIAN_POINT('',(-94.5,0.,21.15));
#1201 = VERTEX_POINT('',#1202);
#1202 = CARTESIAN_POINT('',(-123.0857864376,0.,21.15));
#1203 = LINE('',#1204,#1205);
#1204 = CARTESIAN_POINT('',(63.75,0.,21.15));
#1205 = VECTOR('',#1206,1.);
#1206 = DIRECTION('',(-1.,0.,0.));
#1207 = ORIENTED_EDGE('',*,*,#1208,.T.);
#1208 = EDGE_CURVE('',#1199,#1209,#1211,.T.);
#1209 = VERTEX_POINT('',#1210);
#1210 = CARTESIAN_POINT('',(-94.5,0.,-21.15));
#1211 = LINE('',#1212,#1213);
#1212 = CARTESIAN_POINT('',(-94.5,0.,-11.075));
#1213 = VECTOR('',#1214,1.);
#1214 = DIRECTION('',(-8.E-16,0.,-1.));
#1215 = ORIENTED_EDGE('',*,*,#1216,.F.);
#1216 = EDGE_CURVE('',#1217,#1209,#1219,.T.);
#1217 = VERTEX_POINT('',#1218);
#1218 = CARTESIAN_POINT('',(-123.0857864376,0.,-21.15));
#1219 = LINE('',#1220,#1221);
#1220 = CARTESIAN_POINT('',(-63.75,0.,-21.15));
#1221 = VECTOR('',#1222,1.);
#1222 = DIRECTION('',(1.,0.,0.));
#1223 = ORIENTED_EDGE('',*,*,#1224,.F.);
#1224 = EDGE_CURVE('',#1225,#1217,#1227,.T.);
#1225 = VERTEX_POINT('',#1226);
#1226 = CARTESIAN_POINT('',(-126.5,0.,-17.73578643762));
#1227 = LINE('',#1228,#1229);
#1228 = CARTESIAN_POINT('',(-98.45539321881,0.,-45.78039321881));
#1229 = VECTOR('',#1230,1.);
#1230 = DIRECTION('',(0.707106781187,0.,-0.707106781187));
#1231 = ORIENTED_EDGE('',*,*,#1232,.F.);
#1232 = EDGE_CURVE('',#1233,#1225,#1235,.T.);
#1233 = VERTEX_POINT('',#1234);
#1234 = CARTESIAN_POINT('',(-126.5,0.,17.735786437627));
#1235 = LINE('',#1236,#1237);
#1236 = CARTESIAN_POINT('',(-126.5,0.,11.075));
#1237 = VECTOR('',#1238,1.);
#1238 = DIRECTION('',(-1.2E-15,0.,-1.));
#1239 = ORIENTED_EDGE('',*,*,#1240,.F.);
#1240 = EDGE_CURVE('',#1201,#1233,#1241,.T.);
#1241 = LINE('',#1242,#1243);
#1242 = CARTESIAN_POINT('',(-98.45539321881,0.,45.780393218813));
#1243 = VECTOR('',#1244,1.);
#1244 = DIRECTION('',(-0.707106781187,0.,-0.707106781187));
#1245 = PLANE('',#1246);
#1246 = AXIS2_PLACEMENT_3D('',#1247,#1248,#1249);
#1247 = CARTESIAN_POINT('',(8.25,0.,1.23013E-12));
#1248 = DIRECTION('',(0.,-1.,0.));
#1249 = DIRECTION('',(1.,0.,0.));
#1250 = ADVANCED_FACE('',(#1251),#1285,.T.);
#1251 = FACE_BOUND('',#1252,.T.);
#1252 = EDGE_LOOP('',(#1253,#1263,#1271,#1279));
#1253 = ORIENTED_EDGE('',*,*,#1254,.T.);
#1254 = EDGE_CURVE('',#1255,#1257,#1259,.T.);
#1255 = VERTEX_POINT('',#1256);
#1256 = CARTESIAN_POINT('',(-71.84999999999,-4.,-11.99999999999));
#1257 = VERTEX_POINT('',#1258);
#1258 = CARTESIAN_POINT('',(88.35,-4.,-12.));
#1259 = LINE('',#1260,#1261);
#1260 = CARTESIAN_POINT('',(43.675,-4.,-12.));
#1261 = VECTOR('',#1262,1.);
#1262 = DIRECTION('',(1.,0.,-9.01E-15));
#1263 = ORIENTED_EDGE('',*,*,#1264,.T.);
#1264 = EDGE_CURVE('',#1257,#1265,#1267,.T.);
#1265 = VERTEX_POINT('',#1266);
#1266 = CARTESIAN_POINT('',(87.35,-3.,-11.));
#1267 = LINE('',#1268,#1269);
#1268 = CARTESIAN_POINT('',(88.35,-4.,-12.));
#1269 = VECTOR('',#1270,1.);
#1270 = DIRECTION('',(-0.57735026919,0.57735026919,0.57735026919));
#1271 = ORIENTED_EDGE('',*,*,#1272,.T.);
#1272 = EDGE_CURVE('',#1265,#1273,#1275,.T.);
#1273 = VERTEX_POINT('',#1274);
#1274 = CARTESIAN_POINT('',(-70.84999999999,-3.,-10.99999999999));
#1275 = LINE('',#1276,#1277);
#1276 = CARTESIAN_POINT('',(43.675,-3.,-11.));
#1277 = VECTOR('',#1278,1.);
#1278 = DIRECTION('',(-1.,0.,9.01E-15));
#1279 = ORIENTED_EDGE('',*,*,#1280,.F.);
#1280 = EDGE_CURVE('',#1255,#1273,#1281,.T.);
#1281 = LINE('',#1282,#1283);
#1282 = CARTESIAN_POINT('',(-71.84999999999,-4.,-11.99999999999));
#1283 = VECTOR('',#1284,1.);
#1284 = DIRECTION('',(0.57735026919,0.57735026919,0.57735026919));
#1285 = PLANE('',#1286);
#1286 = AXIS2_PLACEMENT_3D('',#1287,#1288,#1289);
#1287 = CARTESIAN_POINT('',(43.675,-3.5,-11.5));
#1288 = DIRECTION('',(0.,-0.707106781187,0.707106781187));
#1289 = DIRECTION('',(1.,-4.51E-15,-4.51E-15));
#1290 = ADVANCED_FACE('',(#1291),#1325,.T.);
#1291 = FACE_BOUND('',#1292,.T.);
#1292 = EDGE_LOOP('',(#1293,#1303,#1311,#1319));
#1293 = ORIENTED_EDGE('',*,*,#1294,.T.);
#1294 = EDGE_CURVE('',#1295,#1297,#1299,.T.);
#1295 = VERTEX_POINT('',#1296);
#1296 = CARTESIAN_POINT('',(88.35,-4.,17.));
#1297 = VERTEX_POINT('',#1298);
#1298 = CARTESIAN_POINT('',(-71.84999999999,-4.,17.000000000004));
#1299 = LINE('',#1300,#1301);
#1300 = CARTESIAN_POINT('',(-35.42499999999,-4.,17.000000000003));
#1301 = VECTOR('',#1302,1.);
#1302 = DIRECTION('',(-1.,0.,2.569E-14));
#1303 = ORIENTED_EDGE('',*,*,#1304,.T.);
#1304 = EDGE_CURVE('',#1297,#1305,#1307,.T.);
#1305 = VERTEX_POINT('',#1306);
#1306 = CARTESIAN_POINT('',(-70.84999999999,-3.,16.000000000004));
#1307 = LINE('',#1308,#1309);
#1308 = CARTESIAN_POINT('',(-71.84999999999,-4.,17.000000000004));
#1309 = VECTOR('',#1310,1.);
#1310 = DIRECTION('',(0.57735026919,0.57735026919,-0.57735026919));
#1311 = ORIENTED_EDGE('',*,*,#1312,.T.);
#1312 = EDGE_CURVE('',#1305,#1313,#1315,.T.);
#1313 = VERTEX_POINT('',#1314);
#1314 = CARTESIAN_POINT('',(87.35,-3.,16.));
#1315 = LINE('',#1316,#1317);
#1316 = CARTESIAN_POINT('',(-35.42499999999,-3.,16.000000000003));
#1317 = VECTOR('',#1318,1.);
#1318 = DIRECTION('',(1.,0.,-2.569E-14));
#1319 = ORIENTED_EDGE('',*,*,#1320,.T.);
#1320 = EDGE_CURVE('',#1313,#1295,#1321,.T.);
#1321 = LINE('',#1322,#1323);
#1322 = CARTESIAN_POINT('',(87.35,-3.,16.));
#1323 = VECTOR('',#1324,1.);
#1324 = DIRECTION('',(0.57735026919,-0.57735026919,0.57735026919));
#1325 = PLANE('',#1326);
#1326 = AXIS2_PLACEMENT_3D('',#1327,#1328,#1329);
#1327 = CARTESIAN_POINT('',(-35.42499999999,-3.5,16.500000000003));
#1328 = DIRECTION('',(0.,-0.707106781187,-0.707106781187));
#1329 = DIRECTION('',(-1.,-1.284E-14,1.284E-14));
#1330 = ADVANCED_FACE('',(#1331),#1347,.T.);
#1331 = FACE_BOUND('',#1332,.T.);
#1332 = EDGE_LOOP('',(#1333,#1339,#1340,#1346));
#1333 = ORIENTED_EDGE('',*,*,#1334,.T.);
#1334 = EDGE_CURVE('',#1273,#1305,#1335,.T.);
#1335 = LINE('',#1336,#1337);
#1336 = CARTESIAN_POINT('',(-70.84999999999,-3.,-7.999999999999));
#1337 = VECTOR('',#1338,1.);
#1338 = DIRECTION('',(0.,0.,1.));
#1339 = ORIENTED_EDGE('',*,*,#1304,.F.);
#1340 = ORIENTED_EDGE('',*,*,#1341,.T.);
#1341 = EDGE_CURVE('',#1297,#1255,#1342,.T.);
#1342 = LINE('',#1343,#1344);
#1343 = CARTESIAN_POINT('',(-71.84999999999,-4.,-7.999999999999));
#1344 = VECTOR('',#1345,1.);
#1345 = DIRECTION('',(0.,0.,-1.));
#1346 = ORIENTED_EDGE('',*,*,#1280,.T.);
#1347 = PLANE('',#1348);
#1348 = AXIS2_PLACEMENT_3D('',#1349,#1350,#1351);
#1349 = CARTESIAN_POINT('',(-71.34999999999,-3.5,-7.999999999999));
#1350 = DIRECTION('',(0.707106781187,-0.707106781187,0.));
#1351 = DIRECTION('',(0.,0.,-1.));
#1352 = ADVANCED_FACE('',(#1353),#1369,.T.);
#1353 = FACE_BOUND('',#1354,.T.);
#1354 = EDGE_LOOP('',(#1355,#1361,#1362,#1368));
#1355 = ORIENTED_EDGE('',*,*,#1356,.T.);
#1356 = EDGE_CURVE('',#1257,#1295,#1357,.T.);
#1357 = LINE('',#1358,#1359);
#1358 = CARTESIAN_POINT('',(88.35,-4.,8.));
#1359 = VECTOR('',#1360,1.);
#1360 = DIRECTION('',(5.6E-16,0.,1.));
#1361 = ORIENTED_EDGE('',*,*,#1320,.F.);
#1362 = ORIENTED_EDGE('',*,*,#1363,.T.);
#1363 = EDGE_CURVE('',#1313,#1265,#1364,.T.);
#1364 = LINE('',#1365,#1366);
#1365 = CARTESIAN_POINT('',(87.35,-3.,8.));
#1366 = VECTOR('',#1367,1.);
#1367 = DIRECTION('',(-5.6E-16,0.,-1.));
#1368 = ORIENTED_EDGE('',*,*,#1264,.F.);
#1369 = PLANE('',#1370);
#1370 = AXIS2_PLACEMENT_3D('',#1371,#1372,#1373);
#1371 = CARTESIAN_POINT('',(87.85,-3.5,8.));
#1372 = DIRECTION('',(-0.707106781187,-0.707106781187,0.));
#1373 = DIRECTION('',(2.8E-16,-2.8E-16,1.));
#1374 = ADVANCED_FACE('',(#1375),#1391,.F.);
#1375 = FACE_BOUND('',#1376,.T.);
#1376 = EDGE_LOOP('',(#1377,#1378,#1384,#1385));
#1377 = ORIENTED_EDGE('',*,*,#1363,.F.);
#1378 = ORIENTED_EDGE('',*,*,#1379,.T.);
#1379 = EDGE_CURVE('',#1313,#497,#1380,.T.);
#1380 = LINE('',#1381,#1382);
#1381 = CARTESIAN_POINT('',(87.35,-4.,16.));
#1382 = VECTOR('',#1383,1.);
#1383 = DIRECTION('',(0.,1.,0.));
#1384 = ORIENTED_EDGE('',*,*,#505,.F.);
#1385 = ORIENTED_EDGE('',*,*,#1386,.T.);
#1386 = EDGE_CURVE('',#506,#1265,#1387,.T.);
#1387 = LINE('',#1388,#1389);
#1388 = CARTESIAN_POINT('',(87.35,-4.,-11.));
#1389 = VECTOR('',#1390,1.);
#1390 = DIRECTION('',(0.,-1.,0.));
#1391 = PLANE('',#1392);
#1392 = AXIS2_PLACEMENT_3D('',#1393,#1394,#1395);
#1393 = CARTESIAN_POINT('',(87.35,-4.,16.));
#1394 = DIRECTION('',(1.,0.,0.));
#1395 = DIRECTION('',(0.,0.,-1.));
#1396 = ADVANCED_FACE('',(#1397),#1410,.F.);
#1397 = FACE_BOUND('',#1398,.T.);
#1398 = EDGE_LOOP('',(#1399,#1400,#1406,#1407,#1408,#1409));
#1399 = ORIENTED_EDGE('',*,*,#1312,.F.);
#1400 = ORIENTED_EDGE('',*,*,#1401,.T.);
#1401 = EDGE_CURVE('',#1305,#661,#1402,.T.);
#1402 = LINE('',#1403,#1404);
#1403 = CARTESIAN_POINT('',(-70.84999999999,-4.,16.000000000004));
#1404 = VECTOR('',#1405,1.);
#1405 = DIRECTION('',(0.,1.,0.));
#1406 = ORIENTED_EDGE('',*,*,#668,.F.);
#1407 = ORIENTED_EDGE('',*,*,#547,.T.);
#1408 = ORIENTED_EDGE('',*,*,#496,.F.);
#1409 = ORIENTED_EDGE('',*,*,#1379,.F.);
#1410 = PLANE('',#1411);
#1411 = AXIS2_PLACEMENT_3D('',#1412,#1413,#1414);
#1412 = CARTESIAN_POINT('',(-70.84999999999,-4.,16.000000000004));
#1413 = DIRECTION('',(0.,0.,1.));
#1414 = DIRECTION('',(1.,0.,-0.));
#1415 = ADVANCED_FACE('',(#1416),#1427,.F.);
#1416 = FACE_BOUND('',#1417,.T.);
#1417 = EDGE_LOOP('',(#1418,#1419,#1425,#1426));
#1418 = ORIENTED_EDGE('',*,*,#1334,.F.);
#1419 = ORIENTED_EDGE('',*,*,#1420,.T.);
#1420 = EDGE_CURVE('',#1273,#652,#1421,.T.);
#1421 = LINE('',#1422,#1423);
#1422 = CARTESIAN_POINT('',(-70.84999999999,-4.,-10.99999999999));
#1423 = VECTOR('',#1424,1.);
#1424 = DIRECTION('',(0.,1.,0.));
#1425 = ORIENTED_EDGE('',*,*,#660,.F.);
#1426 = ORIENTED_EDGE('',*,*,#1401,.F.);
#1427 = PLANE('',#1428);
#1428 = AXIS2_PLACEMENT_3D('',#1429,#1430,#1431);
#1429 = CARTESIAN_POINT('',(-70.84999999999,-4.,-15.99999999999));
#1430 = DIRECTION('',(-1.,0.,0.));
#1431 = DIRECTION('',(0.,0.,1.));
#1432 = ADVANCED_FACE('',(#1433),#1441,.F.);
#1433 = FACE_BOUND('',#1434,.T.);
#1434 = EDGE_LOOP('',(#1435,#1436,#1437,#1438,#1439,#1440));
#1435 = ORIENTED_EDGE('',*,*,#1272,.F.);
#1436 = ORIENTED_EDGE('',*,*,#1386,.F.);
#1437 = ORIENTED_EDGE('',*,*,#513,.F.);
#1438 = ORIENTED_EDGE('',*,*,#585,.F.);
#1439 = ORIENTED_EDGE('',*,*,#651,.F.);
#1440 = ORIENTED_EDGE('',*,*,#1420,.F.);
#1441 = PLANE('',#1442);
#1442 = AXIS2_PLACEMENT_3D('',#1443,#1444,#1445);
#1443 = CARTESIAN_POINT('',(87.35,-4.,-11.));
#1444 = DIRECTION('',(0.,0.,-1.));
#1445 = DIRECTION('',(-1.,0.,0.));
#1446 = ADVANCED_FACE('',(#1447),#1472,.T.);
#1447 = FACE_BOUND('',#1448,.T.);
#1448 = EDGE_LOOP('',(#1449,#1457,#1465,#1471));
#1449 = ORIENTED_EDGE('',*,*,#1450,.F.);
#1450 = EDGE_CURVE('',#1451,#454,#1453,.T.);
#1451 = VERTEX_POINT('',#1452);
#1452 = CARTESIAN_POINT('',(111.,0.,21.15));
#1453 = LINE('',#1454,#1455);
#1454 = CARTESIAN_POINT('',(111.,0.,21.15));
#1455 = VECTOR('',#1456,1.);
#1456 = DIRECTION('',(0.,1.,0.));
#1457 = ORIENTED_EDGE('',*,*,#1458,.F.);
#1458 = EDGE_CURVE('',#1459,#1451,#1461,.T.);
#1459 = VERTEX_POINT('',#1460);
#1460 = CARTESIAN_POINT('',(111.,0.,-21.15));
#1461 = LINE('',#1462,#1463);
#1462 = CARTESIAN_POINT('',(111.,0.,11.075));
#1463 = VECTOR('',#1464,1.);
#1464 = DIRECTION('',(0.,0.,1.));
#1465 = ORIENTED_EDGE('',*,*,#1466,.F.);
#1466 = EDGE_CURVE('',#463,#1459,#1467,.T.);
#1467 = LINE('',#1468,#1469);
#1468 = CARTESIAN_POINT('',(111.,0.,-21.15));
#1469 = VECTOR('',#1470,1.);
#1470 = DIRECTION('',(0.,-1.,0.));
#1471 = ORIENTED_EDGE('',*,*,#462,.F.);
#1472 = PLANE('',#1473);
#1473 = AXIS2_PLACEMENT_3D('',#1474,#1475,#1476);
#1474 = CARTESIAN_POINT('',(111.,0.,22.15));
#1475 = DIRECTION('',(1.,0.,0.));
#1476 = DIRECTION('',(0.,0.,-1.));
#1477 = ADVANCED_FACE('',(#1478),#1512,.T.);
#1478 = FACE_BOUND('',#1479,.T.);
#1479 = EDGE_LOOP('',(#1480,#1490,#1498,#1506));
#1480 = ORIENTED_EDGE('',*,*,#1481,.T.);
#1481 = EDGE_CURVE('',#1482,#1484,#1486,.T.);
#1482 = VERTEX_POINT('',#1483);
#1483 = CARTESIAN_POINT('',(121.225,-3.5,-13.275));
#1484 = VERTEX_POINT('',#1485);
#1485 = CARTESIAN_POINT('',(121.225,-4.,-12.775));
#1486 = LINE('',#1487,#1488);
#1487 = CARTESIAN_POINT('',(121.225,-3.5,-13.275));
#1488 = VECTOR('',#1489,1.);
#1489 = DIRECTION('',(0.,-0.707106781187,0.707106781187));
#1490 = ORIENTED_EDGE('',*,*,#1491,.T.);
#1491 = EDGE_CURVE('',#1484,#1492,#1494,.T.);
#1492 = VERTEX_POINT('',#1493);
#1493 = CARTESIAN_POINT('',(118.1125,-4.,-12.775));
#1494 = LINE('',#1495,#1496);
#1495 = CARTESIAN_POINT('',(60.6125,-4.,-12.775));
#1496 = VECTOR('',#1497,1.);
#1497 = DIRECTION('',(-1.,0.,7.1E-16));
#1498 = ORIENTED_EDGE('',*,*,#1499,.T.);
#1499 = EDGE_CURVE('',#1492,#1500,#1502,.T.);
#1500 = VERTEX_POINT('',#1501);
#1501 = CARTESIAN_POINT('',(118.1125,-3.5,-13.275));
#1502 = LINE('',#1503,#1504);
#1503 = CARTESIAN_POINT('',(118.1125,-4.,-12.775));
#1504 = VECTOR('',#1505,1.);
#1505 = DIRECTION('',(0.,0.707106781187,-0.707106781187));
#1506 = ORIENTED_EDGE('',*,*,#1507,.T.);
#1507 = EDGE_CURVE('',#1500,#1482,#1508,.T.);
#1508 = LINE('',#1509,#1510);
#1509 = CARTESIAN_POINT('',(60.6125,-3.5,-13.275));
#1510 = VECTOR('',#1511,1.);
#1511 = DIRECTION('',(1.,0.,-7.1E-16));
#1512 = PLANE('',#1513);
#1513 = AXIS2_PLACEMENT_3D('',#1514,#1515,#1516);
#1514 = CARTESIAN_POINT('',(-60.6125,-3.75,-13.025));
#1515 = DIRECTION('',(0.,-0.707106781187,-0.707106781187));
#1516 = DIRECTION('',(-1.,3.6E-16,-3.6E-16));
#1517 = ADVANCED_FACE('',(#1518),#1545,.F.);
#1518 = FACE_BOUND('',#1519,.F.);
#1519 = EDGE_LOOP('',(#1520,#1529,#1530,#1539));
#1520 = ORIENTED_EDGE('',*,*,#1521,.F.);
#1521 = EDGE_CURVE('',#1482,#1522,#1524,.T.);
#1522 = VERTEX_POINT('',#1523);
#1523 = CARTESIAN_POINT('',(121.225,-3.5,-18.475));
#1524 = CIRCLE('',#1525,2.6);
#1525 = AXIS2_PLACEMENT_3D('',#1526,#1527,#1528);
#1526 = CARTESIAN_POINT('',(121.225,-3.5,-15.875));
#1527 = DIRECTION('',(0.,1.,0.));
#1528 = DIRECTION('',(0.,-0.,1.));
#1529 = ORIENTED_EDGE('',*,*,#1481,.T.);
#1530 = ORIENTED_EDGE('',*,*,#1531,.F.);
#1531 = EDGE_CURVE('',#1532,#1484,#1534,.T.);
#1532 = VERTEX_POINT('',#1533);
#1533 = CARTESIAN_POINT('',(121.225,-4.,-18.975));
#1534 = CIRCLE('',#1535,3.1);
#1535 = AXIS2_PLACEMENT_3D('',#1536,#1537,#1538);
#1536 = CARTESIAN_POINT('',(121.225,-4.,-15.875));
#1537 = DIRECTION('',(0.,-1.,0.));
#1538 = DIRECTION('',(0.,0.,1.));
#1539 = ORIENTED_EDGE('',*,*,#1540,.F.);
#1540 = EDGE_CURVE('',#1522,#1532,#1541,.T.);
#1541 = LINE('',#1542,#1543);
#1542 = CARTESIAN_POINT('',(121.225,-3.5,-18.475));
#1543 = VECTOR('',#1544,1.);
#1544 = DIRECTION('',(0.,-0.707106781187,-0.707106781187));
#1545 = CONICAL_SURFACE('',#1546,2.85,0.785398163397);
#1546 = AXIS2_PLACEMENT_3D('',#1547,#1548,#1549);
#1547 = CARTESIAN_POINT('',(121.225,-3.75,-15.875));
#1548 = DIRECTION('',(0.,-1.,0.));
#1549 = DIRECTION('',(0.,0.,1.));
#1550 = ADVANCED_FACE('',(#1551),#1576,.T.);
#1551 = FACE_BOUND('',#1552,.T.);
#1552 = EDGE_LOOP('',(#1553,#1563,#1569,#1570));
#1553 = ORIENTED_EDGE('',*,*,#1554,.T.);
#1554 = EDGE_CURVE('',#1555,#1557,#1559,.T.);
#1555 = VERTEX_POINT('',#1556);
#1556 = CARTESIAN_POINT('',(118.1125,-3.5,-18.475));
#1557 = VERTEX_POINT('',#1558);
#1558 = CARTESIAN_POINT('',(118.1125,-4.,-18.975));
#1559 = LINE('',#1560,#1561);
#1560 = CARTESIAN_POINT('',(118.1125,-3.5,-18.475));
#1561 = VECTOR('',#1562,1.);
#1562 = DIRECTION('',(0.,-0.707106781187,-0.707106781187));
#1563 = ORIENTED_EDGE('',*,*,#1564,.T.);
#1564 = EDGE_CURVE('',#1557,#1532,#1565,.T.);
#1565 = LINE('',#1566,#1567);
#1566 = CARTESIAN_POINT('',(59.05625,-4.,-18.975));
#1567 = VECTOR('',#1568,1.);
#1568 = DIRECTION('',(1.,0.,-7.1E-16));
#1569 = ORIENTED_EDGE('',*,*,#1540,.F.);
#1570 = ORIENTED_EDGE('',*,*,#1571,.T.);
#1571 = EDGE_CURVE('',#1522,#1555,#1572,.T.);
#1572 = LINE('',#1573,#1574);
#1573 = CARTESIAN_POINT('',(59.05625,-3.5,-18.475));
#1574 = VECTOR('',#1575,1.);
#1575 = DIRECTION('',(-1.,0.,7.1E-16));
#1576 = PLANE('',#1577);
#1577 = AXIS2_PLACEMENT_3D('',#1578,#1579,#1580);
#1578 = CARTESIAN_POINT('',(-59.05625,-3.75,-18.725));
#1579 = DIRECTION('',(0.,-0.707106781187,0.707106781187));
#1580 = DIRECTION('',(1.,3.6E-16,3.6E-16));
#1581 = ADVANCED_FACE('',(#1582),#1600,.F.);
#1582 = FACE_BOUND('',#1583,.F.);
#1583 = EDGE_LOOP('',(#1584,#1591,#1592,#1599));
#1584 = ORIENTED_EDGE('',*,*,#1585,.F.);
#1585 = EDGE_CURVE('',#1555,#1500,#1586,.T.);
#1586 = CIRCLE('',#1587,2.6);
#1587 = AXIS2_PLACEMENT_3D('',#1588,#1589,#1590);
#1588 = CARTESIAN_POINT('',(118.1125,-3.5,-15.875));
#1589 = DIRECTION('',(0.,1.,0.));
#1590 = DIRECTION('',(0.,0.,-1.));
#1591 = ORIENTED_EDGE('',*,*,#1554,.T.);
#1592 = ORIENTED_EDGE('',*,*,#1593,.F.);
#1593 = EDGE_CURVE('',#1492,#1557,#1594,.T.);
#1594 = CIRCLE('',#1595,3.1);
#1595 = AXIS2_PLACEMENT_3D('',#1596,#1597,#1598);
#1596 = CARTESIAN_POINT('',(118.1125,-4.,-15.875));
#1597 = DIRECTION('',(0.,-1.,0.));
#1598 = DIRECTION('',(0.,0.,-1.));
#1599 = ORIENTED_EDGE('',*,*,#1499,.T.);
#1600 = CONICAL_SURFACE('',#1601,2.85,0.785398163397);
#1601 = AXIS2_PLACEMENT_3D('',#1602,#1603,#1604);
#1602 = CARTESIAN_POINT('',(118.1125,-3.75,-15.875));
#1603 = DIRECTION('',(0.,-1.,0.));
#1604 = DIRECTION('',(0.,0.,-1.));
#1605 = ADVANCED_FACE('',(#1606),#1632,.F.);
#1606 = FACE_BOUND('',#1607,.F.);
#1607 = EDGE_LOOP('',(#1608,#1616,#1625,#1631));
#1608 = ORIENTED_EDGE('',*,*,#1609,.T.);
#1609 = EDGE_CURVE('',#1522,#1610,#1612,.T.);
#1610 = VERTEX_POINT('',#1611);
#1611 = CARTESIAN_POINT('',(121.225,0.,-18.475));
#1612 = LINE('',#1613,#1614);
#1613 = CARTESIAN_POINT('',(121.225,-4.,-18.475));
#1614 = VECTOR('',#1615,1.);
#1615 = DIRECTION('',(0.,1.,0.));
#1616 = ORIENTED_EDGE('',*,*,#1617,.T.);
#1617 = EDGE_CURVE('',#1610,#1618,#1620,.T.);
#1618 = VERTEX_POINT('',#1619);
#1619 = CARTESIAN_POINT('',(121.225,0.,-13.275));
#1620 = CIRCLE('',#1621,2.6);
#1621 = AXIS2_PLACEMENT_3D('',#1622,#1623,#1624);
#1622 = CARTESIAN_POINT('',(121.225,0.,-15.875));
#1623 = DIRECTION('',(0.,-1.,0.));
#1624 = DIRECTION('',(0.,0.,1.));
#1625 = ORIENTED_EDGE('',*,*,#1626,.F.);
#1626 = EDGE_CURVE('',#1482,#1618,#1627,.T.);
#1627 = LINE('',#1628,#1629);
#1628 = CARTESIAN_POINT('',(121.225,-4.,-13.275));
#1629 = VECTOR('',#1630,1.);
#1630 = DIRECTION('',(0.,1.,0.));
#1631 = ORIENTED_EDGE('',*,*,#1521,.T.);
#1632 = CYLINDRICAL_SURFACE('',#1633,2.6);
#1633 = AXIS2_PLACEMENT_3D('',#1634,#1635,#1636);
#1634 = CARTESIAN_POINT('',(121.225,-4.,-15.875));
#1635 = DIRECTION('',(0.,-1.,0.));
#1636 = DIRECTION('',(0.,0.,1.));
#1637 = ADVANCED_FACE('',(#1638),#1656,.F.);
#1638 = FACE_BOUND('',#1639,.T.);
#1639 = EDGE_LOOP('',(#1640,#1641,#1649,#1655));
#1640 = ORIENTED_EDGE('',*,*,#1507,.F.);
#1641 = ORIENTED_EDGE('',*,*,#1642,.T.);
#1642 = EDGE_CURVE('',#1500,#1643,#1645,.T.);
#1643 = VERTEX_POINT('',#1644);
#1644 = CARTESIAN_POINT('',(118.1125,0.,-13.275));
#1645 = LINE('',#1646,#1647);
#1646 = CARTESIAN_POINT('',(118.1125,-4.,-13.275));
#1647 = VECTOR('',#1648,1.);
#1648 = DIRECTION('',(0.,1.,0.));
#1649 = ORIENTED_EDGE('',*,*,#1650,.F.);
#1650 = EDGE_CURVE('',#1618,#1643,#1651,.T.);
#1651 = LINE('',#1652,#1653);
#1652 = CARTESIAN_POINT('',(60.6125,0.,-13.275));
#1653 = VECTOR('',#1654,1.);
#1654 = DIRECTION('',(-1.,0.,7.1E-16));
#1655 = ORIENTED_EDGE('',*,*,#1626,.F.);
#1656 = PLANE('',#1657);
#1657 = AXIS2_PLACEMENT_3D('',#1658,#1659,#1660);
#1658 = CARTESIAN_POINT('',(-121.225,-4.,-13.275));
#1659 = DIRECTION('',(0.,0.,1.));
#1660 = DIRECTION('',(1.,0.,-0.));
#1661 = ADVANCED_FACE('',(#1662),#1696,.T.);
#1662 = FACE_BOUND('',#1663,.T.);
#1663 = EDGE_LOOP('',(#1664,#1674,#1682,#1690));
#1664 = ORIENTED_EDGE('',*,*,#1665,.T.);
#1665 = EDGE_CURVE('',#1666,#1668,#1670,.T.);
#1666 = VERTEX_POINT('',#1667);
#1667 = CARTESIAN_POINT('',(121.225,-3.5,2.6));
#1668 = VERTEX_POINT('',#1669);
#1669 = CARTESIAN_POINT('',(121.225,-4.,3.1));
#1670 = LINE('',#1671,#1672);
#1671 = CARTESIAN_POINT('',(121.225,-3.5,2.6));
#1672 = VECTOR('',#1673,1.);
#1673 = DIRECTION('',(0.,-0.707106781187,0.707106781187));
#1674 = ORIENTED_EDGE('',*,*,#1675,.T.);
#1675 = EDGE_CURVE('',#1668,#1676,#1678,.T.);
#1676 = VERTEX_POINT('',#1677);
#1677 = CARTESIAN_POINT('',(118.1125,-4.,3.1));
#1678 = LINE('',#1679,#1680);
#1679 = CARTESIAN_POINT('',(60.6125,-4.,3.1));
#1680 = VECTOR('',#1681,1.);
#1681 = DIRECTION('',(-1.,0.,1.8E-16));
#1682 = ORIENTED_EDGE('',*,*,#1683,.T.);
#1683 = EDGE_CURVE('',#1676,#1684,#1686,.T.);
#1684 = VERTEX_POINT('',#1685);
#1685 = CARTESIAN_POINT('',(118.1125,-3.5,2.6));
#1686 = LINE('',#1687,#1688);
#1687 = CARTESIAN_POINT('',(118.1125,-4.,3.1));
#1688 = VECTOR('',#1689,1.);
#1689 = DIRECTION('',(0.,0.707106781187,-0.707106781187));
#1690 = ORIENTED_EDGE('',*,*,#1691,.T.);
#1691 = EDGE_CURVE('',#1684,#1666,#1692,.T.);
#1692 = LINE('',#1693,#1694);
#1693 = CARTESIAN_POINT('',(60.6125,-3.5,2.6));
#1694 = VECTOR('',#1695,1.);
#1695 = DIRECTION('',(1.,0.,-1.8E-16));
#1696 = PLANE('',#1697);
#1697 = AXIS2_PLACEMENT_3D('',#1698,#1699,#1700);
#1698 = CARTESIAN_POINT('',(-60.6125,-3.75,2.85));
#1699 = DIRECTION('',(0.,-0.707106781187,-0.707106781187));
#1700 = DIRECTION('',(-1.,9.E-17,-9.E-17));
#1701 = ADVANCED_FACE('',(#1702),#1729,.F.);
#1702 = FACE_BOUND('',#1703,.F.);
#1703 = EDGE_LOOP('',(#1704,#1713,#1714,#1723));
#1704 = ORIENTED_EDGE('',*,*,#1705,.F.);
#1705 = EDGE_CURVE('',#1666,#1706,#1708,.T.);
#1706 = VERTEX_POINT('',#1707);
#1707 = CARTESIAN_POINT('',(121.225,-3.5,-2.6));
#1708 = CIRCLE('',#1709,2.6);
#1709 = AXIS2_PLACEMENT_3D('',#1710,#1711,#1712);
#1710 = CARTESIAN_POINT('',(121.225,-3.5,-6.7E-16));
#1711 = DIRECTION('',(0.,1.,0.));
#1712 = DIRECTION('',(0.,-0.,1.));
#1713 = ORIENTED_EDGE('',*,*,#1665,.T.);
#1714 = ORIENTED_EDGE('',*,*,#1715,.F.);
#1715 = EDGE_CURVE('',#1716,#1668,#1718,.T.);
#1716 = VERTEX_POINT('',#1717);
#1717 = CARTESIAN_POINT('',(121.225,-4.,-3.1));
#1718 = CIRCLE('',#1719,3.1);
#1719 = AXIS2_PLACEMENT_3D('',#1720,#1721,#1722);
#1720 = CARTESIAN_POINT('',(121.225,-4.,-6.7E-16));
#1721 = DIRECTION('',(0.,-1.,0.));
#1722 = DIRECTION('',(0.,0.,1.));
#1723 = ORIENTED_EDGE('',*,*,#1724,.F.);
#1724 = EDGE_CURVE('',#1706,#1716,#1725,.T.);
#1725 = LINE('',#1726,#1727);
#1726 = CARTESIAN_POINT('',(121.225,-3.5,-2.6));
#1727 = VECTOR('',#1728,1.);
#1728 = DIRECTION('',(0.,-0.707106781187,-0.707106781187));
#1729 = CONICAL_SURFACE('',#1730,2.85,0.785398163397);
#1730 = AXIS2_PLACEMENT_3D('',#1731,#1732,#1733);
#1731 = CARTESIAN_POINT('',(121.225,-3.75,-6.7E-16));
#1732 = DIRECTION('',(0.,-1.,0.));
#1733 = DIRECTION('',(0.,0.,1.));
#1734 = ADVANCED_FACE('',(#1735),#1760,.T.);
#1735 = FACE_BOUND('',#1736,.T.);
#1736 = EDGE_LOOP('',(#1737,#1747,#1753,#1754));
#1737 = ORIENTED_EDGE('',*,*,#1738,.T.);
#1738 = EDGE_CURVE('',#1739,#1741,#1743,.T.);
#1739 = VERTEX_POINT('',#1740);
#1740 = CARTESIAN_POINT('',(118.1125,-3.5,-2.6));
#1741 = VERTEX_POINT('',#1742);
#1742 = CARTESIAN_POINT('',(118.1125,-4.,-3.1));
#1743 = LINE('',#1744,#1745);
#1744 = CARTESIAN_POINT('',(118.1125,-3.5,-2.6));
#1745 = VECTOR('',#1746,1.);
#1746 = DIRECTION('',(0.,-0.707106781187,-0.707106781187));
#1747 = ORIENTED_EDGE('',*,*,#1748,.T.);
#1748 = EDGE_CURVE('',#1741,#1716,#1749,.T.);
#1749 = LINE('',#1750,#1751);
#1750 = CARTESIAN_POINT('',(59.05625,-4.,-3.1));
#1751 = VECTOR('',#1752,1.);
#1752 = DIRECTION('',(1.,0.,-1.8E-16));
#1753 = ORIENTED_EDGE('',*,*,#1724,.F.);
#1754 = ORIENTED_EDGE('',*,*,#1755,.T.);
#1755 = EDGE_CURVE('',#1706,#1739,#1756,.T.);
#1756 = LINE('',#1757,#1758);
#1757 = CARTESIAN_POINT('',(59.05625,-3.5,-2.6));
#1758 = VECTOR('',#1759,1.);
#1759 = DIRECTION('',(-1.,0.,1.8E-16));
#1760 = PLANE('',#1761);
#1761 = AXIS2_PLACEMENT_3D('',#1762,#1763,#1764);
#1762 = CARTESIAN_POINT('',(-59.05625,-3.75,-2.85));
#1763 = DIRECTION('',(0.,-0.707106781187,0.707106781187));
#1764 = DIRECTION('',(1.,9.E-17,9.E-17));
#1765 = ADVANCED_FACE('',(#1766),#1784,.F.);
#1766 = FACE_BOUND('',#1767,.F.);
#1767 = EDGE_LOOP('',(#1768,#1775,#1776,#1783));
#1768 = ORIENTED_EDGE('',*,*,#1769,.F.);
#1769 = EDGE_CURVE('',#1739,#1684,#1770,.T.);
#1770 = CIRCLE('',#1771,2.6);
#1771 = AXIS2_PLACEMENT_3D('',#1772,#1773,#1774);
#1772 = CARTESIAN_POINT('',(118.1125,-3.5,0.));
#1773 = DIRECTION('',(0.,1.,0.));
#1774 = DIRECTION('',(0.,0.,-1.));
#1775 = ORIENTED_EDGE('',*,*,#1738,.T.);
#1776 = ORIENTED_EDGE('',*,*,#1777,.F.);
#1777 = EDGE_CURVE('',#1676,#1741,#1778,.T.);
#1778 = CIRCLE('',#1779,3.1);
#1779 = AXIS2_PLACEMENT_3D('',#1780,#1781,#1782);
#1780 = CARTESIAN_POINT('',(118.1125,-4.,0.));
#1781 = DIRECTION('',(0.,-1.,0.));
#1782 = DIRECTION('',(0.,0.,-1.));
#1783 = ORIENTED_EDGE('',*,*,#1683,.T.);
#1784 = CONICAL_SURFACE('',#1785,2.85,0.785398163397);
#1785 = AXIS2_PLACEMENT_3D('',#1786,#1787,#1788);
#1786 = CARTESIAN_POINT('',(118.1125,-3.75,0.));
#1787 = DIRECTION('',(0.,-1.,0.));
#1788 = DIRECTION('',(0.,0.,-1.));
#1789 = ADVANCED_FACE('',(#1790),#1816,.F.);
#1790 = FACE_BOUND('',#1791,.F.);
#1791 = EDGE_LOOP('',(#1792,#1800,#1809,#1815));
#1792 = ORIENTED_EDGE('',*,*,#1793,.T.);
#1793 = EDGE_CURVE('',#1706,#1794,#1796,.T.);
#1794 = VERTEX_POINT('',#1795);
#1795 = CARTESIAN_POINT('',(121.225,0.,-2.6));
#1796 = LINE('',#1797,#1798);
#1797 = CARTESIAN_POINT('',(121.225,-4.,-2.6));
#1798 = VECTOR('',#1799,1.);
#1799 = DIRECTION('',(0.,1.,0.));
#1800 = ORIENTED_EDGE('',*,*,#1801,.T.);
#1801 = EDGE_CURVE('',#1794,#1802,#1804,.T.);
#1802 = VERTEX_POINT('',#1803);
#1803 = CARTESIAN_POINT('',(121.225,0.,2.6));
#1804 = CIRCLE('',#1805,2.6);
#1805 = AXIS2_PLACEMENT_3D('',#1806,#1807,#1808);
#1806 = CARTESIAN_POINT('',(121.225,0.,-6.7E-16));
#1807 = DIRECTION('',(0.,-1.,0.));
#1808 = DIRECTION('',(0.,0.,1.));
#1809 = ORIENTED_EDGE('',*,*,#1810,.F.);
#1810 = EDGE_CURVE('',#1666,#1802,#1811,.T.);
#1811 = LINE('',#1812,#1813);
#1812 = CARTESIAN_POINT('',(121.225,-4.,2.6));
#1813 = VECTOR('',#1814,1.);
#1814 = DIRECTION('',(0.,1.,0.));
#1815 = ORIENTED_EDGE('',*,*,#1705,.T.);
#1816 = CYLINDRICAL_SURFACE('',#1817,2.6);
#1817 = AXIS2_PLACEMENT_3D('',#1818,#1819,#1820);
#1818 = CARTESIAN_POINT('',(121.225,-4.,-6.7E-16));
#1819 = DIRECTION('',(0.,-1.,0.));
#1820 = DIRECTION('',(0.,0.,1.));
#1821 = ADVANCED_FACE('',(#1822),#1840,.F.);
#1822 = FACE_BOUND('',#1823,.T.);
#1823 = EDGE_LOOP('',(#1824,#1825,#1833,#1839));
#1824 = ORIENTED_EDGE('',*,*,#1691,.F.);
#1825 = ORIENTED_EDGE('',*,*,#1826,.T.);
#1826 = EDGE_CURVE('',#1684,#1827,#1829,.T.);
#1827 = VERTEX_POINT('',#1828);
#1828 = CARTESIAN_POINT('',(118.1125,0.,2.6));
#1829 = LINE('',#1830,#1831);
#1830 = CARTESIAN_POINT('',(118.1125,-4.,2.6));
#1831 = VECTOR('',#1832,1.);
#1832 = DIRECTION('',(0.,1.,0.));
#1833 = ORIENTED_EDGE('',*,*,#1834,.F.);
#1834 = EDGE_CURVE('',#1802,#1827,#1835,.T.);
#1835 = LINE('',#1836,#1837);
#1836 = CARTESIAN_POINT('',(60.6125,0.,2.6));
#1837 = VECTOR('',#1838,1.);
#1838 = DIRECTION('',(-1.,0.,1.8E-16));
#1839 = ORIENTED_EDGE('',*,*,#1810,.F.);
#1840 = PLANE('',#1841);
#1841 = AXIS2_PLACEMENT_3D('',#1842,#1843,#1844);
#1842 = CARTESIAN_POINT('',(-121.225,-4.,2.6));
#1843 = DIRECTION('',(0.,0.,1.));
#1844 = DIRECTION('',(1.,0.,-0.));
#1845 = ADVANCED_FACE('',(#1846),#1882,.F.);
#1846 = FACE_BOUND('',#1847,.F.);
#1847 = EDGE_LOOP('',(#1848,#1859,#1867,#1876));
#1848 = ORIENTED_EDGE('',*,*,#1849,.F.);
#1849 = EDGE_CURVE('',#1850,#1852,#1854,.T.);
#1850 = VERTEX_POINT('',#1851);
#1851 = CARTESIAN_POINT('',(121.225,-3.5,18.475));
#1852 = VERTEX_POINT('',#1853);
#1853 = CARTESIAN_POINT('',(121.225,-3.5,13.275));
#1854 = CIRCLE('',#1855,2.6);
#1855 = AXIS2_PLACEMENT_3D('',#1856,#1857,#1858);
#1856 = CARTESIAN_POINT('',(121.225,-3.5,15.875));
#1857 = DIRECTION('',(0.,1.,0.));
#1858 = DIRECTION('',(0.,-0.,1.));
#1859 = ORIENTED_EDGE('',*,*,#1860,.F.);
#1860 = EDGE_CURVE('',#1861,#1850,#1863,.T.);
#1861 = VERTEX_POINT('',#1862);
#1862 = CARTESIAN_POINT('',(121.225,-4.,18.975));
#1863 = LINE('',#1864,#1865);
#1864 = CARTESIAN_POINT('',(121.225,-4.,18.975));
#1865 = VECTOR('',#1866,1.);
#1866 = DIRECTION('',(0.,0.707106781187,-0.707106781187));
#1867 = ORIENTED_EDGE('',*,*,#1868,.F.);
#1868 = EDGE_CURVE('',#1869,#1861,#1871,.T.);
#1869 = VERTEX_POINT('',#1870);
#1870 = CARTESIAN_POINT('',(121.225,-4.,12.775));
#1871 = CIRCLE('',#1872,3.1);
#1872 = AXIS2_PLACEMENT_3D('',#1873,#1874,#1875);
#1873 = CARTESIAN_POINT('',(121.225,-4.,15.875));
#1874 = DIRECTION('',(0.,-1.,0.));
#1875 = DIRECTION('',(0.,0.,1.));
#1876 = ORIENTED_EDGE('',*,*,#1877,.F.);
#1877 = EDGE_CURVE('',#1852,#1869,#1878,.T.);
#1878 = LINE('',#1879,#1880);
#1879 = CARTESIAN_POINT('',(121.225,-3.5,13.275));
#1880 = VECTOR('',#1881,1.);
#1881 = DIRECTION('',(0.,-0.707106781187,-0.707106781187));
#1882 = CONICAL_SURFACE('',#1883,2.85,0.785398163397);
#1883 = AXIS2_PLACEMENT_3D('',#1884,#1885,#1886);
#1884 = CARTESIAN_POINT('',(121.225,-3.75,15.875));
#1885 = DIRECTION('',(0.,-1.,0.));
#1886 = DIRECTION('',(0.,0.,1.));
#1887 = ADVANCED_FACE('',(#1888),#1913,.T.);
#1888 = FACE_BOUND('',#1889,.T.);
#1889 = EDGE_LOOP('',(#1890,#1900,#1906,#1907));
#1890 = ORIENTED_EDGE('',*,*,#1891,.T.);
#1891 = EDGE_CURVE('',#1892,#1894,#1896,.T.);
#1892 = VERTEX_POINT('',#1893);
#1893 = CARTESIAN_POINT('',(118.1125,-3.5,13.275));
#1894 = VERTEX_POINT('',#1895);
#1895 = CARTESIAN_POINT('',(118.1125,-4.,12.775));
#1896 = LINE('',#1897,#1898);
#1897 = CARTESIAN_POINT('',(118.1125,-3.5,13.275));
#1898 = VECTOR('',#1899,1.);
#1899 = DIRECTION('',(0.,-0.707106781187,-0.707106781187));
#1900 = ORIENTED_EDGE('',*,*,#1901,.T.);
#1901 = EDGE_CURVE('',#1894,#1869,#1902,.T.);
#1902 = LINE('',#1903,#1904);
#1903 = CARTESIAN_POINT('',(59.05625,-4.,12.775));
#1904 = VECTOR('',#1905,1.);
#1905 = DIRECTION('',(1.,0.,0.));
#1906 = ORIENTED_EDGE('',*,*,#1877,.F.);
#1907 = ORIENTED_EDGE('',*,*,#1908,.T.);
#1908 = EDGE_CURVE('',#1852,#1892,#1909,.T.);
#1909 = LINE('',#1910,#1911);
#1910 = CARTESIAN_POINT('',(59.05625,-3.5,13.275));
#1911 = VECTOR('',#1912,1.);
#1912 = DIRECTION('',(-1.,0.,0.));
#1913 = PLANE('',#1914);
#1914 = AXIS2_PLACEMENT_3D('',#1915,#1916,#1917);
#1915 = CARTESIAN_POINT('',(-59.05625,-3.75,13.025));
#1916 = DIRECTION('',(0.,-0.707106781187,0.707106781187));
#1917 = DIRECTION('',(1.,0.,0.));
#1918 = ADVANCED_FACE('',(#1919),#1946,.F.);
#1919 = FACE_BOUND('',#1920,.F.);
#1920 = EDGE_LOOP('',(#1921,#1930,#1931,#1940));
#1921 = ORIENTED_EDGE('',*,*,#1922,.F.);
#1922 = EDGE_CURVE('',#1892,#1923,#1925,.T.);
#1923 = VERTEX_POINT('',#1924);
#1924 = CARTESIAN_POINT('',(118.1125,-3.5,18.475));
#1925 = CIRCLE('',#1926,2.6);
#1926 = AXIS2_PLACEMENT_3D('',#1927,#1928,#1929);
#1927 = CARTESIAN_POINT('',(118.1125,-3.5,15.875));
#1928 = DIRECTION('',(0.,1.,0.));
#1929 = DIRECTION('',(0.,0.,-1.));
#1930 = ORIENTED_EDGE('',*,*,#1891,.T.);
#1931 = ORIENTED_EDGE('',*,*,#1932,.F.);
#1932 = EDGE_CURVE('',#1933,#1894,#1935,.T.);
#1933 = VERTEX_POINT('',#1934);
#1934 = CARTESIAN_POINT('',(118.1125,-4.,18.975));
#1935 = CIRCLE('',#1936,3.1);
#1936 = AXIS2_PLACEMENT_3D('',#1937,#1938,#1939);
#1937 = CARTESIAN_POINT('',(118.1125,-4.,15.875));
#1938 = DIRECTION('',(0.,-1.,0.));
#1939 = DIRECTION('',(0.,0.,-1.));
#1940 = ORIENTED_EDGE('',*,*,#1941,.F.);
#1941 = EDGE_CURVE('',#1923,#1933,#1942,.T.);
#1942 = LINE('',#1943,#1944);
#1943 = CARTESIAN_POINT('',(118.1125,-3.5,18.475));
#1944 = VECTOR('',#1945,1.);
#1945 = DIRECTION('',(0.,-0.707106781187,0.707106781187));
#1946 = CONICAL_SURFACE('',#1947,2.85,0.785398163397);
#1947 = AXIS2_PLACEMENT_3D('',#1948,#1949,#1950);
#1948 = CARTESIAN_POINT('',(118.1125,-3.75,15.875));
#1949 = DIRECTION('',(0.,-1.,0.));
#1950 = DIRECTION('',(0.,0.,-1.));
#1951 = ADVANCED_FACE('',(#1952),#1968,.T.);
#1952 = FACE_BOUND('',#1953,.T.);
#1953 = EDGE_LOOP('',(#1954,#1955,#1961,#1962));
#1954 = ORIENTED_EDGE('',*,*,#1860,.F.);
#1955 = ORIENTED_EDGE('',*,*,#1956,.T.);
#1956 = EDGE_CURVE('',#1861,#1933,#1957,.T.);
#1957 = LINE('',#1958,#1959);
#1958 = CARTESIAN_POINT('',(60.6125,-4.,18.975));
#1959 = VECTOR('',#1960,1.);
#1960 = DIRECTION('',(-1.,0.,0.));
#1961 = ORIENTED_EDGE('',*,*,#1941,.F.);
#1962 = ORIENTED_EDGE('',*,*,#1963,.T.);
#1963 = EDGE_CURVE('',#1923,#1850,#1964,.T.);
#1964 = LINE('',#1965,#1966);
#1965 = CARTESIAN_POINT('',(60.6125,-3.5,18.475));
#1966 = VECTOR('',#1967,1.);
#1967 = DIRECTION('',(1.,0.,0.));
#1968 = PLANE('',#1969);
#1969 = AXIS2_PLACEMENT_3D('',#1970,#1971,#1972);
#1970 = CARTESIAN_POINT('',(-60.6125,-3.75,18.725));
#1971 = DIRECTION('',(0.,-0.707106781187,-0.707106781187));
#1972 = DIRECTION('',(-1.,-0.,0.));
#1973 = ADVANCED_FACE('',(#1974),#1999,.F.);
#1974 = FACE_BOUND('',#1975,.T.);
#1975 = EDGE_LOOP('',(#1976,#1977,#1985,#1993));
#1976 = ORIENTED_EDGE('',*,*,#1908,.F.);
#1977 = ORIENTED_EDGE('',*,*,#1978,.T.);
#1978 = EDGE_CURVE('',#1852,#1979,#1981,.T.);
#1979 = VERTEX_POINT('',#1980);
#1980 = CARTESIAN_POINT('',(121.225,0.,13.275));
#1981 = LINE('',#1982,#1983);
#1982 = CARTESIAN_POINT('',(121.225,-4.,13.275));
#1983 = VECTOR('',#1984,1.);
#1984 = DIRECTION('',(0.,1.,0.));
#1985 = ORIENTED_EDGE('',*,*,#1986,.F.);
#1986 = EDGE_CURVE('',#1987,#1979,#1989,.T.);
#1987 = VERTEX_POINT('',#1988);
#1988 = CARTESIAN_POINT('',(118.1125,0.,13.275));
#1989 = LINE('',#1990,#1991);
#1990 = CARTESIAN_POINT('',(59.05625,0.,13.275));
#1991 = VECTOR('',#1992,1.);
#1992 = DIRECTION('',(1.,0.,0.));
#1993 = ORIENTED_EDGE('',*,*,#1994,.F.);
#1994 = EDGE_CURVE('',#1892,#1987,#1995,.T.);
#1995 = LINE('',#1996,#1997);
#1996 = CARTESIAN_POINT('',(118.1125,-4.,13.275));
#1997 = VECTOR('',#1998,1.);
#1998 = DIRECTION('',(0.,1.,0.));
#1999 = PLANE('',#2000);
#2000 = AXIS2_PLACEMENT_3D('',#2001,#2002,#2003);
#2001 = CARTESIAN_POINT('',(-118.1125,-4.,13.275));
#2002 = DIRECTION('',(0.,0.,-1.));
#2003 = DIRECTION('',(-1.,0.,0.));
#2004 = ADVANCED_FACE('',(#2005),#2024,.F.);
#2005 = FACE_BOUND('',#2006,.F.);
#2006 = EDGE_LOOP('',(#2007,#2008,#2017,#2023));
#2007 = ORIENTED_EDGE('',*,*,#1978,.T.);
#2008 = ORIENTED_EDGE('',*,*,#2009,.T.);
#2009 = EDGE_CURVE('',#1979,#2010,#2012,.T.);
#2010 = VERTEX_POINT('',#2011);
#2011 = CARTESIAN_POINT('',(121.225,0.,18.475));
#2012 = CIRCLE('',#2013,2.6);
#2013 = AXIS2_PLACEMENT_3D('',#2014,#2015,#2016);
#2014 = CARTESIAN_POINT('',(121.225,0.,15.875));
#2015 = DIRECTION('',(0.,-1.,0.));
#2016 = DIRECTION('',(0.,0.,1.));
#2017 = ORIENTED_EDGE('',*,*,#2018,.F.);
#2018 = EDGE_CURVE('',#1850,#2010,#2019,.T.);
#2019 = LINE('',#2020,#2021);
#2020 = CARTESIAN_POINT('',(121.225,-4.,18.475));
#2021 = VECTOR('',#2022,1.);
#2022 = DIRECTION('',(0.,1.,0.));
#2023 = ORIENTED_EDGE('',*,*,#1849,.T.);
#2024 = CYLINDRICAL_SURFACE('',#2025,2.6);
#2025 = AXIS2_PLACEMENT_3D('',#2026,#2027,#2028);
#2026 = CARTESIAN_POINT('',(121.225,-4.,15.875));
#2027 = DIRECTION('',(0.,-1.,0.));
#2028 = DIRECTION('',(0.,0.,1.));
#2029 = ADVANCED_FACE('',(#2030),#2064,.T.);
#2030 = FACE_BOUND('',#2031,.T.);
#2031 = EDGE_LOOP('',(#2032,#2042,#2050,#2058));
#2032 = ORIENTED_EDGE('',*,*,#2033,.T.);
#2033 = EDGE_CURVE('',#2034,#2036,#2038,.T.);
#2034 = VERTEX_POINT('',#2035);
#2035 = CARTESIAN_POINT('',(-118.1125,-3.5,-13.275));
#2036 = VERTEX_POINT('',#2037);
#2037 = CARTESIAN_POINT('',(-118.1125,-4.,-12.775));
#2038 = LINE('',#2039,#2040);
#2039 = CARTESIAN_POINT('',(-118.1125,-3.5,-13.275));
#2040 = VECTOR('',#2041,1.);
#2041 = DIRECTION('',(0.,-0.707106781187,0.707106781187));
#2042 = ORIENTED_EDGE('',*,*,#2043,.T.);
#2043 = EDGE_CURVE('',#2036,#2044,#2046,.T.);
#2044 = VERTEX_POINT('',#2045);
#2045 = CARTESIAN_POINT('',(-121.225,-4.,-12.775));
#2046 = LINE('',#2047,#2048);
#2047 = CARTESIAN_POINT('',(-60.6125,-4.,-12.775));
#2048 = VECTOR('',#2049,1.);
#2049 = DIRECTION('',(-1.,0.,-7.1E-16));
#2050 = ORIENTED_EDGE('',*,*,#2051,.T.);
#2051 = EDGE_CURVE('',#2044,#2052,#2054,.T.);
#2052 = VERTEX_POINT('',#2053);
#2053 = CARTESIAN_POINT('',(-121.225,-3.5,-13.275));
#2054 = LINE('',#2055,#2056);
#2055 = CARTESIAN_POINT('',(-121.225,-4.,-12.775));
#2056 = VECTOR('',#2057,1.);
#2057 = DIRECTION('',(0.,0.707106781187,-0.707106781187));
#2058 = ORIENTED_EDGE('',*,*,#2059,.T.);
#2059 = EDGE_CURVE('',#2052,#2034,#2060,.T.);
#2060 = LINE('',#2061,#2062);
#2061 = CARTESIAN_POINT('',(-60.6125,-3.5,-13.275));
#2062 = VECTOR('',#2063,1.);
#2063 = DIRECTION('',(1.,0.,7.1E-16));
#2064 = PLANE('',#2065);
#2065 = AXIS2_PLACEMENT_3D('',#2066,#2067,#2068);
#2066 = CARTESIAN_POINT('',(-60.6125,-3.75,-13.025));
#2067 = DIRECTION('',(0.,-0.707106781187,-0.707106781187));
#2068 = DIRECTION('',(-1.,3.6E-16,-3.6E-16));
#2069 = ADVANCED_FACE('',(#2070),#2097,.F.);
#2070 = FACE_BOUND('',#2071,.F.);
#2071 = EDGE_LOOP('',(#2072,#2081,#2082,#2091));
#2072 = ORIENTED_EDGE('',*,*,#2073,.F.);
#2073 = EDGE_CURVE('',#2034,#2074,#2076,.T.);
#2074 = VERTEX_POINT('',#2075);
#2075 = CARTESIAN_POINT('',(-118.1125,-3.5,-18.475));
#2076 = CIRCLE('',#2077,2.6);
#2077 = AXIS2_PLACEMENT_3D('',#2078,#2079,#2080);
#2078 = CARTESIAN_POINT('',(-118.1125,-3.5,-15.875));
#2079 = DIRECTION('',(0.,1.,0.));
#2080 = DIRECTION('',(0.,0.,-1.));
#2081 = ORIENTED_EDGE('',*,*,#2033,.T.);
#2082 = ORIENTED_EDGE('',*,*,#2083,.F.);
#2083 = EDGE_CURVE('',#2084,#2036,#2086,.T.);
#2084 = VERTEX_POINT('',#2085);
#2085 = CARTESIAN_POINT('',(-118.1125,-4.,-18.975));
#2086 = CIRCLE('',#2087,3.1);
#2087 = AXIS2_PLACEMENT_3D('',#2088,#2089,#2090);
#2088 = CARTESIAN_POINT('',(-118.1125,-4.,-15.875));
#2089 = DIRECTION('',(0.,-1.,0.));
#2090 = DIRECTION('',(0.,0.,-1.));
#2091 = ORIENTED_EDGE('',*,*,#2092,.F.);
#2092 = EDGE_CURVE('',#2074,#2084,#2093,.T.);
#2093 = LINE('',#2094,#2095);
#2094 = CARTESIAN_POINT('',(-118.1125,-3.5,-18.475));
#2095 = VECTOR('',#2096,1.);
#2096 = DIRECTION('',(0.,-0.707106781187,-0.707106781187));
#2097 = CONICAL_SURFACE('',#2098,2.85,0.785398163397);
#2098 = AXIS2_PLACEMENT_3D('',#2099,#2100,#2101);
#2099 = CARTESIAN_POINT('',(-118.1125,-3.75,-15.875));
#2100 = DIRECTION('',(0.,-1.,0.));
#2101 = DIRECTION('',(0.,0.,-1.));
#2102 = ADVANCED_FACE('',(#2103),#2128,.T.);
#2103 = FACE_BOUND('',#2104,.T.);
#2104 = EDGE_LOOP('',(#2105,#2115,#2121,#2122));
#2105 = ORIENTED_EDGE('',*,*,#2106,.T.);
#2106 = EDGE_CURVE('',#2107,#2109,#2111,.T.);
#2107 = VERTEX_POINT('',#2108);
#2108 = CARTESIAN_POINT('',(-121.225,-3.5,-18.475));
#2109 = VERTEX_POINT('',#2110);
#2110 = CARTESIAN_POINT('',(-121.225,-4.,-18.975));
#2111 = LINE('',#2112,#2113);
#2112 = CARTESIAN_POINT('',(-121.225,-3.5,-18.475));
#2113 = VECTOR('',#2114,1.);
#2114 = DIRECTION('',(0.,-0.707106781187,-0.707106781187));
#2115 = ORIENTED_EDGE('',*,*,#2116,.T.);
#2116 = EDGE_CURVE('',#2109,#2084,#2117,.T.);
#2117 = LINE('',#2118,#2119);
#2118 = CARTESIAN_POINT('',(-59.05625,-4.,-18.975));
#2119 = VECTOR('',#2120,1.);
#2120 = DIRECTION('',(1.,0.,7.1E-16));
#2121 = ORIENTED_EDGE('',*,*,#2092,.F.);
#2122 = ORIENTED_EDGE('',*,*,#2123,.T.);
#2123 = EDGE_CURVE('',#2074,#2107,#2124,.T.);
#2124 = LINE('',#2125,#2126);
#2125 = CARTESIAN_POINT('',(-59.05625,-3.5,-18.475));
#2126 = VECTOR('',#2127,1.);
#2127 = DIRECTION('',(-1.,0.,-7.1E-16));
#2128 = PLANE('',#2129);
#2129 = AXIS2_PLACEMENT_3D('',#2130,#2131,#2132);
#2130 = CARTESIAN_POINT('',(-59.05625,-3.75,-18.725));
#2131 = DIRECTION('',(0.,-0.707106781187,0.707106781187));
#2132 = DIRECTION('',(1.,3.6E-16,3.6E-16));
#2133 = ADVANCED_FACE('',(#2134),#2152,.F.);
#2134 = FACE_BOUND('',#2135,.F.);
#2135 = EDGE_LOOP('',(#2136,#2143,#2144,#2151));
#2136 = ORIENTED_EDGE('',*,*,#2137,.F.);
#2137 = EDGE_CURVE('',#2107,#2052,#2138,.T.);
#2138 = CIRCLE('',#2139,2.6);
#2139 = AXIS2_PLACEMENT_3D('',#2140,#2141,#2142);
#2140 = CARTESIAN_POINT('',(-121.225,-3.5,-15.875));
#2141 = DIRECTION('',(0.,1.,0.));
#2142 = DIRECTION('',(0.,-0.,1.));
#2143 = ORIENTED_EDGE('',*,*,#2106,.T.);
#2144 = ORIENTED_EDGE('',*,*,#2145,.F.);
#2145 = EDGE_CURVE('',#2044,#2109,#2146,.T.);
#2146 = CIRCLE('',#2147,3.1);
#2147 = AXIS2_PLACEMENT_3D('',#2148,#2149,#2150);
#2148 = CARTESIAN_POINT('',(-121.225,-4.,-15.875));
#2149 = DIRECTION('',(0.,-1.,0.));
#2150 = DIRECTION('',(0.,0.,1.));
#2151 = ORIENTED_EDGE('',*,*,#2051,.T.);
#2152 = CONICAL_SURFACE('',#2153,2.85,0.785398163397);
#2153 = AXIS2_PLACEMENT_3D('',#2154,#2155,#2156);
#2154 = CARTESIAN_POINT('',(-121.225,-3.75,-15.875));
#2155 = DIRECTION('',(0.,-1.,0.));
#2156 = DIRECTION('',(0.,0.,1.));
#2157 = ADVANCED_FACE('',(#2158),#2174,.F.);
#2158 = FACE_BOUND('',#2159,.F.);
#2159 = EDGE_LOOP('',(#2160,#2166,#2167,#2173));
#2160 = ORIENTED_EDGE('',*,*,#2161,.T.);
#2161 = EDGE_CURVE('',#2074,#1030,#2162,.T.);
#2162 = LINE('',#2163,#2164);
#2163 = CARTESIAN_POINT('',(-118.1125,-4.,-18.475));
#2164 = VECTOR('',#2165,1.);
#2165 = DIRECTION('',(0.,1.,0.));
#2166 = ORIENTED_EDGE('',*,*,#1037,.T.);
#2167 = ORIENTED_EDGE('',*,*,#2168,.F.);
#2168 = EDGE_CURVE('',#2034,#1011,#2169,.T.);
#2169 = LINE('',#2170,#2171);
#2170 = CARTESIAN_POINT('',(-118.1125,-4.,-13.275));
#2171 = VECTOR('',#2172,1.);
#2172 = DIRECTION('',(0.,1.,0.));
#2173 = ORIENTED_EDGE('',*,*,#2073,.T.);
#2174 = CYLINDRICAL_SURFACE('',#2175,2.6);
#2175 = AXIS2_PLACEMENT_3D('',#2176,#2177,#2178);
#2176 = CARTESIAN_POINT('',(-118.1125,-4.,-15.875));
#2177 = DIRECTION('',(0.,1.,0.));
#2178 = DIRECTION('',(0.,0.,-1.));
#2179 = ADVANCED_FACE('',(#2180),#2191,.F.);
#2180 = FACE_BOUND('',#2181,.T.);
#2181 = EDGE_LOOP('',(#2182,#2183,#2189,#2190));
#2182 = ORIENTED_EDGE('',*,*,#2059,.F.);
#2183 = ORIENTED_EDGE('',*,*,#2184,.T.);
#2184 = EDGE_CURVE('',#2052,#1013,#2185,.T.);
#2185 = LINE('',#2186,#2187);
#2186 = CARTESIAN_POINT('',(-121.225,-4.,-13.275));
#2187 = VECTOR('',#2188,1.);
#2188 = DIRECTION('',(0.,1.,0.));
#2189 = ORIENTED_EDGE('',*,*,#1010,.F.);
#2190 = ORIENTED_EDGE('',*,*,#2168,.F.);
#2191 = PLANE('',#2192);
#2192 = AXIS2_PLACEMENT_3D('',#2193,#2194,#2195);
#2193 = CARTESIAN_POINT('',(-121.225,-4.,-13.275));
#2194 = DIRECTION('',(0.,0.,1.));
#2195 = DIRECTION('',(1.,0.,-0.));
#2196 = ADVANCED_FACE('',(#2197),#2231,.T.);
#2197 = FACE_BOUND('',#2198,.T.);
#2198 = EDGE_LOOP('',(#2199,#2209,#2217,#2225));
#2199 = ORIENTED_EDGE('',*,*,#2200,.T.);
#2200 = EDGE_CURVE('',#2201,#2203,#2205,.T.);
#2201 = VERTEX_POINT('',#2202);
#2202 = CARTESIAN_POINT('',(-118.1125,-3.5,2.6));
#2203 = VERTEX_POINT('',#2204);
#2204 = CARTESIAN_POINT('',(-118.1125,-4.,3.1));
#2205 = LINE('',#2206,#2207);
#2206 = CARTESIAN_POINT('',(-118.1125,-3.5,2.6));
#2207 = VECTOR('',#2208,1.);
#2208 = DIRECTION('',(0.,-0.707106781187,0.707106781187));
#2209 = ORIENTED_EDGE('',*,*,#2210,.T.);
#2210 = EDGE_CURVE('',#2203,#2211,#2213,.T.);
#2211 = VERTEX_POINT('',#2212);
#2212 = CARTESIAN_POINT('',(-121.225,-4.,3.1));
#2213 = LINE('',#2214,#2215);
#2214 = CARTESIAN_POINT('',(-60.6125,-4.,3.1));
#2215 = VECTOR('',#2216,1.);
#2216 = DIRECTION('',(-1.,0.,-1.8E-16));
#2217 = ORIENTED_EDGE('',*,*,#2218,.T.);
#2218 = EDGE_CURVE('',#2211,#2219,#2221,.T.);
#2219 = VERTEX_POINT('',#2220);
#2220 = CARTESIAN_POINT('',(-121.225,-3.5,2.6));
#2221 = LINE('',#2222,#2223);
#2222 = CARTESIAN_POINT('',(-121.225,-4.,3.1));
#2223 = VECTOR('',#2224,1.);
#2224 = DIRECTION('',(0.,0.707106781187,-0.707106781187));
#2225 = ORIENTED_EDGE('',*,*,#2226,.T.);
#2226 = EDGE_CURVE('',#2219,#2201,#2227,.T.);
#2227 = LINE('',#2228,#2229);
#2228 = CARTESIAN_POINT('',(-60.6125,-3.5,2.6));
#2229 = VECTOR('',#2230,1.);
#2230 = DIRECTION('',(1.,0.,1.8E-16));
#2231 = PLANE('',#2232);
#2232 = AXIS2_PLACEMENT_3D('',#2233,#2234,#2235);
#2233 = CARTESIAN_POINT('',(-60.6125,-3.75,2.85));
#2234 = DIRECTION('',(0.,-0.707106781187,-0.707106781187));
#2235 = DIRECTION('',(-1.,9.E-17,-9.E-17));
#2236 = ADVANCED_FACE('',(#2237),#2264,.F.);
#2237 = FACE_BOUND('',#2238,.F.);
#2238 = EDGE_LOOP('',(#2239,#2248,#2249,#2258));
#2239 = ORIENTED_EDGE('',*,*,#2240,.F.);
#2240 = EDGE_CURVE('',#2201,#2241,#2243,.T.);
#2241 = VERTEX_POINT('',#2242);
#2242 = CARTESIAN_POINT('',(-118.1125,-3.5,-2.6));
#2243 = CIRCLE('',#2244,2.6);
#2244 = AXIS2_PLACEMENT_3D('',#2245,#2246,#2247);
#2245 = CARTESIAN_POINT('',(-118.1125,-3.5,0.));
#2246 = DIRECTION('',(0.,1.,0.));
#2247 = DIRECTION('',(0.,0.,-1.));
#2248 = ORIENTED_EDGE('',*,*,#2200,.T.);
#2249 = ORIENTED_EDGE('',*,*,#2250,.F.);
#2250 = EDGE_CURVE('',#2251,#2203,#2253,.T.);
#2251 = VERTEX_POINT('',#2252);
#2252 = CARTESIAN_POINT('',(-118.1125,-4.,-3.1));
#2253 = CIRCLE('',#2254,3.1);
#2254 = AXIS2_PLACEMENT_3D('',#2255,#2256,#2257);
#2255 = CARTESIAN_POINT('',(-118.1125,-4.,0.));
#2256 = DIRECTION('',(0.,-1.,0.));
#2257 = DIRECTION('',(0.,0.,-1.));
#2258 = ORIENTED_EDGE('',*,*,#2259,.F.);
#2259 = EDGE_CURVE('',#2241,#2251,#2260,.T.);
#2260 = LINE('',#2261,#2262);
#2261 = CARTESIAN_POINT('',(-118.1125,-3.5,-2.6));
#2262 = VECTOR('',#2263,1.);
#2263 = DIRECTION('',(0.,-0.707106781187,-0.707106781187));
#2264 = CONICAL_SURFACE('',#2265,2.85,0.785398163397);
#2265 = AXIS2_PLACEMENT_3D('',#2266,#2267,#2268);
#2266 = CARTESIAN_POINT('',(-118.1125,-3.75,0.));
#2267 = DIRECTION('',(0.,-1.,0.));
#2268 = DIRECTION('',(0.,0.,-1.));
#2269 = ADVANCED_FACE('',(#2270),#2295,.T.);
#2270 = FACE_BOUND('',#2271,.T.);
#2271 = EDGE_LOOP('',(#2272,#2282,#2288,#2289));
#2272 = ORIENTED_EDGE('',*,*,#2273,.T.);
#2273 = EDGE_CURVE('',#2274,#2276,#2278,.T.);
#2274 = VERTEX_POINT('',#2275);
#2275 = CARTESIAN_POINT('',(-121.225,-3.5,-2.6));
#2276 = VERTEX_POINT('',#2277);
#2277 = CARTESIAN_POINT('',(-121.225,-4.,-3.1));
#2278 = LINE('',#2279,#2280);
#2279 = CARTESIAN_POINT('',(-121.225,-3.5,-2.6));
#2280 = VECTOR('',#2281,1.);
#2281 = DIRECTION('',(0.,-0.707106781187,-0.707106781187));
#2282 = ORIENTED_EDGE('',*,*,#2283,.T.);
#2283 = EDGE_CURVE('',#2276,#2251,#2284,.T.);
#2284 = LINE('',#2285,#2286);
#2285 = CARTESIAN_POINT('',(-59.05625,-4.,-3.1));
#2286 = VECTOR('',#2287,1.);
#2287 = DIRECTION('',(1.,0.,1.8E-16));
#2288 = ORIENTED_EDGE('',*,*,#2259,.F.);
#2289 = ORIENTED_EDGE('',*,*,#2290,.T.);
#2290 = EDGE_CURVE('',#2241,#2274,#2291,.T.);
#2291 = LINE('',#2292,#2293);
#2292 = CARTESIAN_POINT('',(-59.05625,-3.5,-2.6));
#2293 = VECTOR('',#2294,1.);
#2294 = DIRECTION('',(-1.,0.,-1.8E-16));
#2295 = PLANE('',#2296);
#2296 = AXIS2_PLACEMENT_3D('',#2297,#2298,#2299);
#2297 = CARTESIAN_POINT('',(-59.05625,-3.75,-2.85));
#2298 = DIRECTION('',(0.,-0.707106781187,0.707106781187));
#2299 = DIRECTION('',(1.,9.E-17,9.E-17));
#2300 = ADVANCED_FACE('',(#2301),#2319,.F.);
#2301 = FACE_BOUND('',#2302,.F.);
#2302 = EDGE_LOOP('',(#2303,#2310,#2311,#2318));
#2303 = ORIENTED_EDGE('',*,*,#2304,.F.);
#2304 = EDGE_CURVE('',#2274,#2219,#2305,.T.);
#2305 = CIRCLE('',#2306,2.6);
#2306 = AXIS2_PLACEMENT_3D('',#2307,#2308,#2309);
#2307 = CARTESIAN_POINT('',(-121.225,-3.5,-6.7E-16));
#2308 = DIRECTION('',(0.,1.,0.));
#2309 = DIRECTION('',(0.,-0.,1.));
#2310 = ORIENTED_EDGE('',*,*,#2273,.T.);
#2311 = ORIENTED_EDGE('',*,*,#2312,.F.);
#2312 = EDGE_CURVE('',#2211,#2276,#2313,.T.);
#2313 = CIRCLE('',#2314,3.1);
#2314 = AXIS2_PLACEMENT_3D('',#2315,#2316,#2317);
#2315 = CARTESIAN_POINT('',(-121.225,-4.,-6.7E-16));
#2316 = DIRECTION('',(0.,-1.,0.));
#2317 = DIRECTION('',(0.,0.,1.));
#2318 = ORIENTED_EDGE('',*,*,#2218,.T.);
#2319 = CONICAL_SURFACE('',#2320,2.85,0.785398163397);
#2320 = AXIS2_PLACEMENT_3D('',#2321,#2322,#2323);
#2321 = CARTESIAN_POINT('',(-121.225,-3.75,-6.7E-16));
#2322 = DIRECTION('',(0.,-1.,0.));
#2323 = DIRECTION('',(0.,0.,1.));
#2324 = ADVANCED_FACE('',(#2325),#2341,.F.);
#2325 = FACE_BOUND('',#2326,.F.);
#2326 = EDGE_LOOP('',(#2327,#2333,#2334,#2340));
#2327 = ORIENTED_EDGE('',*,*,#2328,.T.);
#2328 = EDGE_CURVE('',#2241,#1066,#2329,.T.);
#2329 = LINE('',#2330,#2331);
#2330 = CARTESIAN_POINT('',(-118.1125,-4.,-2.6));
#2331 = VECTOR('',#2332,1.);
#2332 = DIRECTION('',(0.,1.,0.));
#2333 = ORIENTED_EDGE('',*,*,#1073,.T.);
#2334 = ORIENTED_EDGE('',*,*,#2335,.F.);
#2335 = EDGE_CURVE('',#2201,#1047,#2336,.T.);
#2336 = LINE('',#2337,#2338);
#2337 = CARTESIAN_POINT('',(-118.1125,-4.,2.6));
#2338 = VECTOR('',#2339,1.);
#2339 = DIRECTION('',(0.,1.,0.));
#2340 = ORIENTED_EDGE('',*,*,#2240,.T.);
#2341 = CYLINDRICAL_SURFACE('',#2342,2.6);
#2342 = AXIS2_PLACEMENT_3D('',#2343,#2344,#2345);
#2343 = CARTESIAN_POINT('',(-118.1125,-4.,0.));
#2344 = DIRECTION('',(0.,1.,0.));
#2345 = DIRECTION('',(0.,0.,-1.));
#2346 = ADVANCED_FACE('',(#2347),#2358,.F.);
#2347 = FACE_BOUND('',#2348,.T.);
#2348 = EDGE_LOOP('',(#2349,#2350,#2356,#2357));
#2349 = ORIENTED_EDGE('',*,*,#2226,.F.);
#2350 = ORIENTED_EDGE('',*,*,#2351,.T.);
#2351 = EDGE_CURVE('',#2219,#1049,#2352,.T.);
#2352 = LINE('',#2353,#2354);
#2353 = CARTESIAN_POINT('',(-121.225,-4.,2.6));
#2354 = VECTOR('',#2355,1.);
#2355 = DIRECTION('',(0.,1.,0.));
#2356 = ORIENTED_EDGE('',*,*,#1046,.F.);
#2357 = ORIENTED_EDGE('',*,*,#2335,.F.);
#2358 = PLANE('',#2359);
#2359 = AXIS2_PLACEMENT_3D('',#2360,#2361,#2362);
#2360 = CARTESIAN_POINT('',(-121.225,-4.,2.6));
#2361 = DIRECTION('',(0.,0.,1.));
#2362 = DIRECTION('',(1.,0.,-0.));
#2363 = ADVANCED_FACE('',(#2364),#2398,.T.);
#2364 = FACE_BOUND('',#2365,.T.);
#2365 = EDGE_LOOP('',(#2366,#2376,#2384,#2392));
#2366 = ORIENTED_EDGE('',*,*,#2367,.T.);
#2367 = EDGE_CURVE('',#2368,#2370,#2372,.T.);
#2368 = VERTEX_POINT('',#2369);
#2369 = CARTESIAN_POINT('',(-118.1125,-3.5,18.475));
#2370 = VERTEX_POINT('',#2371);
#2371 = CARTESIAN_POINT('',(-118.1125,-4.,18.975));
#2372 = LINE('',#2373,#2374);
#2373 = CARTESIAN_POINT('',(-118.1125,-3.5,18.475));
#2374 = VECTOR('',#2375,1.);
#2375 = DIRECTION('',(0.,-0.707106781187,0.707106781187));
#2376 = ORIENTED_EDGE('',*,*,#2377,.T.);
#2377 = EDGE_CURVE('',#2370,#2378,#2380,.T.);
#2378 = VERTEX_POINT('',#2379);
#2379 = CARTESIAN_POINT('',(-121.225,-4.,18.975));
#2380 = LINE('',#2381,#2382);
#2381 = CARTESIAN_POINT('',(-60.6125,-4.,18.975));
#2382 = VECTOR('',#2383,1.);
#2383 = DIRECTION('',(-1.,0.,0.));
#2384 = ORIENTED_EDGE('',*,*,#2385,.T.);
#2385 = EDGE_CURVE('',#2378,#2386,#2388,.T.);
#2386 = VERTEX_POINT('',#2387);
#2387 = CARTESIAN_POINT('',(-121.225,-3.5,18.475));
#2388 = LINE('',#2389,#2390);
#2389 = CARTESIAN_POINT('',(-121.225,-4.,18.975));
#2390 = VECTOR('',#2391,1.);
#2391 = DIRECTION('',(0.,0.707106781187,-0.707106781187));
#2392 = ORIENTED_EDGE('',*,*,#2393,.T.);
#2393 = EDGE_CURVE('',#2386,#2368,#2394,.T.);
#2394 = LINE('',#2395,#2396);
#2395 = CARTESIAN_POINT('',(-60.6125,-3.5,18.475));
#2396 = VECTOR('',#2397,1.);
#2397 = DIRECTION('',(1.,0.,0.));
#2398 = PLANE('',#2399);
#2399 = AXIS2_PLACEMENT_3D('',#2400,#2401,#2402);
#2400 = CARTESIAN_POINT('',(-60.6125,-3.75,18.725));
#2401 = DIRECTION('',(0.,-0.707106781187,-0.707106781187));
#2402 = DIRECTION('',(-1.,-0.,0.));
#2403 = ADVANCED_FACE('',(#2404),#2431,.F.);
#2404 = FACE_BOUND('',#2405,.F.);
#2405 = EDGE_LOOP('',(#2406,#2415,#2416,#2425));
#2406 = ORIENTED_EDGE('',*,*,#2407,.F.);
#2407 = EDGE_CURVE('',#2368,#2408,#2410,.T.);
#2408 = VERTEX_POINT('',#2409);
#2409 = CARTESIAN_POINT('',(-118.1125,-3.5,13.275));
#2410 = CIRCLE('',#2411,2.6);
#2411 = AXIS2_PLACEMENT_3D('',#2412,#2413,#2414);
#2412 = CARTESIAN_POINT('',(-118.1125,-3.5,15.875));
#2413 = DIRECTION('',(0.,1.,0.));
#2414 = DIRECTION('',(0.,0.,-1.));
#2415 = ORIENTED_EDGE('',*,*,#2367,.T.);
#2416 = ORIENTED_EDGE('',*,*,#2417,.F.);
#2417 = EDGE_CURVE('',#2418,#2370,#2420,.T.);
#2418 = VERTEX_POINT('',#2419);
#2419 = CARTESIAN_POINT('',(-118.1125,-4.,12.775));
#2420 = CIRCLE('',#2421,3.1);
#2421 = AXIS2_PLACEMENT_3D('',#2422,#2423,#2424);
#2422 = CARTESIAN_POINT('',(-118.1125,-4.,15.875));
#2423 = DIRECTION('',(0.,-1.,0.));
#2424 = DIRECTION('',(0.,0.,-1.));
#2425 = ORIENTED_EDGE('',*,*,#2426,.F.);
#2426 = EDGE_CURVE('',#2408,#2418,#2427,.T.);
#2427 = LINE('',#2428,#2429);
#2428 = CARTESIAN_POINT('',(-118.1125,-3.5,13.275));
#2429 = VECTOR('',#2430,1.);
#2430 = DIRECTION('',(0.,-0.707106781187,-0.707106781187));
#2431 = CONICAL_SURFACE('',#2432,2.85,0.785398163397);
#2432 = AXIS2_PLACEMENT_3D('',#2433,#2434,#2435);
#2433 = CARTESIAN_POINT('',(-118.1125,-3.75,15.875));
#2434 = DIRECTION('',(0.,-1.,0.));
#2435 = DIRECTION('',(0.,0.,-1.));
#2436 = ADVANCED_FACE('',(#2437),#2462,.T.);
#2437 = FACE_BOUND('',#2438,.T.);
#2438 = EDGE_LOOP('',(#2439,#2449,#2455,#2456));
#2439 = ORIENTED_EDGE('',*,*,#2440,.T.);
#2440 = EDGE_CURVE('',#2441,#2443,#2445,.T.);
#2441 = VERTEX_POINT('',#2442);
#2442 = CARTESIAN_POINT('',(-121.225,-3.5,13.275));
#2443 = VERTEX_POINT('',#2444);
#2444 = CARTESIAN_POINT('',(-121.225,-4.,12.775));
#2445 = LINE('',#2446,#2447);
#2446 = CARTESIAN_POINT('',(-121.225,-3.5,13.275));
#2447 = VECTOR('',#2448,1.);
#2448 = DIRECTION('',(0.,-0.707106781187,-0.707106781187));
#2449 = ORIENTED_EDGE('',*,*,#2450,.T.);
#2450 = EDGE_CURVE('',#2443,#2418,#2451,.T.);
#2451 = LINE('',#2452,#2453);
#2452 = CARTESIAN_POINT('',(-59.05625,-4.,12.775));
#2453 = VECTOR('',#2454,1.);
#2454 = DIRECTION('',(1.,0.,0.));
#2455 = ORIENTED_EDGE('',*,*,#2426,.F.);
#2456 = ORIENTED_EDGE('',*,*,#2457,.T.);
#2457 = EDGE_CURVE('',#2408,#2441,#2458,.T.);
#2458 = LINE('',#2459,#2460);
#2459 = CARTESIAN_POINT('',(-59.05625,-3.5,13.275));
#2460 = VECTOR('',#2461,1.);
#2461 = DIRECTION('',(-1.,0.,0.));
#2462 = PLANE('',#2463);
#2463 = AXIS2_PLACEMENT_3D('',#2464,#2465,#2466);
#2464 = CARTESIAN_POINT('',(-59.05625,-3.75,13.025));
#2465 = DIRECTION('',(0.,-0.707106781187,0.707106781187));
#2466 = DIRECTION('',(1.,0.,0.));
#2467 = ADVANCED_FACE('',(#2468),#2486,.F.);
#2468 = FACE_BOUND('',#2469,.F.);
#2469 = EDGE_LOOP('',(#2470,#2477,#2478,#2485));
#2470 = ORIENTED_EDGE('',*,*,#2471,.F.);
#2471 = EDGE_CURVE('',#2441,#2386,#2472,.T.);
#2472 = CIRCLE('',#2473,2.6);
#2473 = AXIS2_PLACEMENT_3D('',#2474,#2475,#2476);
#2474 = CARTESIAN_POINT('',(-121.225,-3.5,15.875));
#2475 = DIRECTION('',(0.,1.,0.));
#2476 = DIRECTION('',(0.,-0.,1.));
#2477 = ORIENTED_EDGE('',*,*,#2440,.T.);
#2478 = ORIENTED_EDGE('',*,*,#2479,.F.);
#2479 = EDGE_CURVE('',#2378,#2443,#2480,.T.);
#2480 = CIRCLE('',#2481,3.1);
#2481 = AXIS2_PLACEMENT_3D('',#2482,#2483,#2484);
#2482 = CARTESIAN_POINT('',(-121.225,-4.,15.875));
#2483 = DIRECTION('',(0.,-1.,0.));
#2484 = DIRECTION('',(0.,0.,1.));
#2485 = ORIENTED_EDGE('',*,*,#2385,.T.);
#2486 = CONICAL_SURFACE('',#2487,2.85,0.785398163397);
#2487 = AXIS2_PLACEMENT_3D('',#2488,#2489,#2490);
#2488 = CARTESIAN_POINT('',(-121.225,-3.75,15.875));
#2489 = DIRECTION('',(0.,-1.,0.));
#2490 = DIRECTION('',(0.,0.,1.));
#2491 = ADVANCED_FACE('',(#2492),#2508,.F.);
#2492 = FACE_BOUND('',#2493,.F.);
#2493 = EDGE_LOOP('',(#2494,#2500,#2501,#2507));
#2494 = ORIENTED_EDGE('',*,*,#2495,.T.);
#2495 = EDGE_CURVE('',#2408,#1102,#2496,.T.);
#2496 = LINE('',#2497,#2498);
#2497 = CARTESIAN_POINT('',(-118.1125,-4.,13.275));
#2498 = VECTOR('',#2499,1.);
#2499 = DIRECTION('',(0.,1.,0.));
#2500 = ORIENTED_EDGE('',*,*,#1109,.T.);
#2501 = ORIENTED_EDGE('',*,*,#2502,.F.);
#2502 = EDGE_CURVE('',#2368,#1083,#2503,.T.);
#2503 = LINE('',#2504,#2505);
#2504 = CARTESIAN_POINT('',(-118.1125,-4.,18.475));
#2505 = VECTOR('',#2506,1.);
#2506 = DIRECTION('',(0.,1.,0.));
#2507 = ORIENTED_EDGE('',*,*,#2407,.T.);
#2508 = CYLINDRICAL_SURFACE('',#2509,2.6);
#2509 = AXIS2_PLACEMENT_3D('',#2510,#2511,#2512);
#2510 = CARTESIAN_POINT('',(-118.1125,-4.,15.875));
#2511 = DIRECTION('',(0.,1.,0.));
#2512 = DIRECTION('',(0.,0.,-1.));
#2513 = ADVANCED_FACE('',(#2514),#2525,.F.);
#2514 = FACE_BOUND('',#2515,.T.);
#2515 = EDGE_LOOP('',(#2516,#2517,#2523,#2524));
#2516 = ORIENTED_EDGE('',*,*,#2393,.F.);
#2517 = ORIENTED_EDGE('',*,*,#2518,.T.);
#2518 = EDGE_CURVE('',#2386,#1085,#2519,.T.);
#2519 = LINE('',#2520,#2521);
#2520 = CARTESIAN_POINT('',(-121.225,-4.,18.475));
#2521 = VECTOR('',#2522,1.);
#2522 = DIRECTION('',(0.,1.,0.));
#2523 = ORIENTED_EDGE('',*,*,#1082,.F.);
#2524 = ORIENTED_EDGE('',*,*,#2502,.F.);
#2525 = PLANE('',#2526);
#2526 = AXIS2_PLACEMENT_3D('',#2527,#2528,#2529);
#2527 = CARTESIAN_POINT('',(-121.225,-4.,18.475));
#2528 = DIRECTION('',(0.,0.,1.));
#2529 = DIRECTION('',(1.,0.,-0.));
#2530 = ADVANCED_FACE('',(#2531),#2549,.F.);
#2531 = FACE_BOUND('',#2532,.T.);
#2532 = EDGE_LOOP('',(#2533,#2534,#2535,#2543));
#2533 = ORIENTED_EDGE('',*,*,#1571,.F.);
#2534 = ORIENTED_EDGE('',*,*,#1609,.T.);
#2535 = ORIENTED_EDGE('',*,*,#2536,.F.);
#2536 = EDGE_CURVE('',#2537,#1610,#2539,.T.);
#2537 = VERTEX_POINT('',#2538);
#2538 = CARTESIAN_POINT('',(118.1125,0.,-18.475));
#2539 = LINE('',#2540,#2541);
#2540 = CARTESIAN_POINT('',(59.05625,0.,-18.475));
#2541 = VECTOR('',#2542,1.);
#2542 = DIRECTION('',(1.,0.,-7.1E-16));
#2543 = ORIENTED_EDGE('',*,*,#2544,.F.);
#2544 = EDGE_CURVE('',#1555,#2537,#2545,.T.);
#2545 = LINE('',#2546,#2547);
#2546 = CARTESIAN_POINT('',(118.1125,-4.,-18.475));
#2547 = VECTOR('',#2548,1.);
#2548 = DIRECTION('',(0.,1.,0.));
#2549 = PLANE('',#2550);
#2550 = AXIS2_PLACEMENT_3D('',#2551,#2552,#2553);
#2551 = CARTESIAN_POINT('',(-118.1125,-4.,-18.475));
#2552 = DIRECTION('',(0.,0.,-1.));
#2553 = DIRECTION('',(-1.,0.,0.));
#2554 = ADVANCED_FACE('',(#2555),#2567,.F.);
#2555 = FACE_BOUND('',#2556,.F.);
#2556 = EDGE_LOOP('',(#2557,#2558,#2565,#2566));
#2557 = ORIENTED_EDGE('',*,*,#1642,.T.);
#2558 = ORIENTED_EDGE('',*,*,#2559,.T.);
#2559 = EDGE_CURVE('',#1643,#2537,#2560,.T.);
#2560 = CIRCLE('',#2561,2.6);
#2561 = AXIS2_PLACEMENT_3D('',#2562,#2563,#2564);
#2562 = CARTESIAN_POINT('',(118.1125,0.,-15.875));
#2563 = DIRECTION('',(0.,-1.,0.));
#2564 = DIRECTION('',(0.,0.,-1.));
#2565 = ORIENTED_EDGE('',*,*,#2544,.F.);
#2566 = ORIENTED_EDGE('',*,*,#1585,.T.);
#2567 = CYLINDRICAL_SURFACE('',#2568,2.6);
#2568 = AXIS2_PLACEMENT_3D('',#2569,#2570,#2571);
#2569 = CARTESIAN_POINT('',(118.1125,-4.,-15.875));
#2570 = DIRECTION('',(0.,-1.,0.));
#2571 = DIRECTION('',(0.,0.,-1.));
#2572 = ADVANCED_FACE('',(#2573),#2591,.F.);
#2573 = FACE_BOUND('',#2574,.T.);
#2574 = EDGE_LOOP('',(#2575,#2576,#2577,#2585));
#2575 = ORIENTED_EDGE('',*,*,#1755,.F.);
#2576 = ORIENTED_EDGE('',*,*,#1793,.T.);
#2577 = ORIENTED_EDGE('',*,*,#2578,.F.);
#2578 = EDGE_CURVE('',#2579,#1794,#2581,.T.);
#2579 = VERTEX_POINT('',#2580);
#2580 = CARTESIAN_POINT('',(118.1125,0.,-2.6));
#2581 = LINE('',#2582,#2583);
#2582 = CARTESIAN_POINT('',(59.05625,0.,-2.6));
#2583 = VECTOR('',#2584,1.);
#2584 = DIRECTION('',(1.,0.,-1.8E-16));
#2585 = ORIENTED_EDGE('',*,*,#2586,.F.);
#2586 = EDGE_CURVE('',#1739,#2579,#2587,.T.);
#2587 = LINE('',#2588,#2589);
#2588 = CARTESIAN_POINT('',(118.1125,-4.,-2.6));
#2589 = VECTOR('',#2590,1.);
#2590 = DIRECTION('',(0.,1.,0.));
#2591 = PLANE('',#2592);
#2592 = AXIS2_PLACEMENT_3D('',#2593,#2594,#2595);
#2593 = CARTESIAN_POINT('',(-118.1125,-4.,-2.6));
#2594 = DIRECTION('',(0.,0.,-1.));
#2595 = DIRECTION('',(-1.,0.,0.));
#2596 = ADVANCED_FACE('',(#2597),#2609,.F.);
#2597 = FACE_BOUND('',#2598,.F.);
#2598 = EDGE_LOOP('',(#2599,#2600,#2607,#2608));
#2599 = ORIENTED_EDGE('',*,*,#1826,.T.);
#2600 = ORIENTED_EDGE('',*,*,#2601,.T.);
#2601 = EDGE_CURVE('',#1827,#2579,#2602,.T.);
#2602 = CIRCLE('',#2603,2.6);
#2603 = AXIS2_PLACEMENT_3D('',#2604,#2605,#2606);
#2604 = CARTESIAN_POINT('',(118.1125,0.,0.));
#2605 = DIRECTION('',(0.,-1.,0.));
#2606 = DIRECTION('',(0.,0.,-1.));
#2607 = ORIENTED_EDGE('',*,*,#2586,.F.);
#2608 = ORIENTED_EDGE('',*,*,#1769,.T.);
#2609 = CYLINDRICAL_SURFACE('',#2610,2.6);
#2610 = AXIS2_PLACEMENT_3D('',#2611,#2612,#2613);
#2611 = CARTESIAN_POINT('',(118.1125,-4.,0.));
#2612 = DIRECTION('',(0.,-1.,0.));
#2613 = DIRECTION('',(0.,0.,-1.));
#2614 = ADVANCED_FACE('',(#2615),#2633,.F.);
#2615 = FACE_BOUND('',#2616,.T.);
#2616 = EDGE_LOOP('',(#2617,#2618,#2626,#2632));
#2617 = ORIENTED_EDGE('',*,*,#1963,.F.);
#2618 = ORIENTED_EDGE('',*,*,#2619,.T.);
#2619 = EDGE_CURVE('',#1923,#2620,#2622,.T.);
#2620 = VERTEX_POINT('',#2621);
#2621 = CARTESIAN_POINT('',(118.1125,0.,18.475));
#2622 = LINE('',#2623,#2624);
#2623 = CARTESIAN_POINT('',(118.1125,-4.,18.475));
#2624 = VECTOR('',#2625,1.);
#2625 = DIRECTION('',(0.,1.,0.));
#2626 = ORIENTED_EDGE('',*,*,#2627,.F.);
#2627 = EDGE_CURVE('',#2010,#2620,#2628,.T.);
#2628 = LINE('',#2629,#2630);
#2629 = CARTESIAN_POINT('',(60.6125,0.,18.475));
#2630 = VECTOR('',#2631,1.);
#2631 = DIRECTION('',(-1.,0.,0.));
#2632 = ORIENTED_EDGE('',*,*,#2018,.F.);
#2633 = PLANE('',#2634);
#2634 = AXIS2_PLACEMENT_3D('',#2635,#2636,#2637);
#2635 = CARTESIAN_POINT('',(-121.225,-4.,18.475));
#2636 = DIRECTION('',(0.,0.,1.));
#2637 = DIRECTION('',(1.,0.,-0.));
#2638 = ADVANCED_FACE('',(#2639),#2651,.F.);
#2639 = FACE_BOUND('',#2640,.F.);
#2640 = EDGE_LOOP('',(#2641,#2642,#2649,#2650));
#2641 = ORIENTED_EDGE('',*,*,#2619,.T.);
#2642 = ORIENTED_EDGE('',*,*,#2643,.T.);
#2643 = EDGE_CURVE('',#2620,#1987,#2644,.T.);
#2644 = CIRCLE('',#2645,2.6);
#2645 = AXIS2_PLACEMENT_3D('',#2646,#2647,#2648);
#2646 = CARTESIAN_POINT('',(118.1125,0.,15.875));
#2647 = DIRECTION('',(0.,-1.,0.));
#2648 = DIRECTION('',(0.,0.,-1.));
#2649 = ORIENTED_EDGE('',*,*,#1994,.F.);
#2650 = ORIENTED_EDGE('',*,*,#1922,.T.);
#2651 = CYLINDRICAL_SURFACE('',#2652,2.6);
#2652 = AXIS2_PLACEMENT_3D('',#2653,#2654,#2655);
#2653 = CARTESIAN_POINT('',(118.1125,-4.,15.875));
#2654 = DIRECTION('',(0.,-1.,0.));
#2655 = DIRECTION('',(0.,0.,-1.));
#2656 = ADVANCED_FACE('',(#2657),#2668,.F.);
#2657 = FACE_BOUND('',#2658,.F.);
#2658 = EDGE_LOOP('',(#2659,#2660,#2661,#2667));
#2659 = ORIENTED_EDGE('',*,*,#2184,.T.);
#2660 = ORIENTED_EDGE('',*,*,#1020,.T.);
#2661 = ORIENTED_EDGE('',*,*,#2662,.F.);
#2662 = EDGE_CURVE('',#2107,#1021,#2663,.T.);
#2663 = LINE('',#2664,#2665);
#2664 = CARTESIAN_POINT('',(-121.225,-4.,-18.475));
#2665 = VECTOR('',#2666,1.);
#2666 = DIRECTION('',(0.,1.,0.));
#2667 = ORIENTED_EDGE('',*,*,#2137,.T.);
#2668 = CYLINDRICAL_SURFACE('',#2669,2.6);
#2669 = AXIS2_PLACEMENT_3D('',#2670,#2671,#2672);
#2670 = CARTESIAN_POINT('',(-121.225,-4.,-15.875));
#2671 = DIRECTION('',(0.,1.,0.));
#2672 = DIRECTION('',(0.,-0.,1.));
#2673 = ADVANCED_FACE('',(#2674),#2680,.F.);
#2674 = FACE_BOUND('',#2675,.T.);
#2675 = EDGE_LOOP('',(#2676,#2677,#2678,#2679));
#2676 = ORIENTED_EDGE('',*,*,#2123,.F.);
#2677 = ORIENTED_EDGE('',*,*,#2161,.T.);
#2678 = ORIENTED_EDGE('',*,*,#1029,.F.);
#2679 = ORIENTED_EDGE('',*,*,#2662,.F.);
#2680 = PLANE('',#2681);
#2681 = AXIS2_PLACEMENT_3D('',#2682,#2683,#2684);
#2682 = CARTESIAN_POINT('',(-118.1125,-4.,-18.475));
#2683 = DIRECTION('',(0.,0.,-1.));
#2684 = DIRECTION('',(-1.,0.,0.));
#2685 = ADVANCED_FACE('',(#2686),#2697,.F.);
#2686 = FACE_BOUND('',#2687,.F.);
#2687 = EDGE_LOOP('',(#2688,#2689,#2690,#2696));
#2688 = ORIENTED_EDGE('',*,*,#2351,.T.);
#2689 = ORIENTED_EDGE('',*,*,#1056,.T.);
#2690 = ORIENTED_EDGE('',*,*,#2691,.F.);
#2691 = EDGE_CURVE('',#2274,#1057,#2692,.T.);
#2692 = LINE('',#2693,#2694);
#2693 = CARTESIAN_POINT('',(-121.225,-4.,-2.6));
#2694 = VECTOR('',#2695,1.);
#2695 = DIRECTION('',(0.,1.,0.));
#2696 = ORIENTED_EDGE('',*,*,#2304,.T.);
#2697 = CYLINDRICAL_SURFACE('',#2698,2.6);
#2698 = AXIS2_PLACEMENT_3D('',#2699,#2700,#2701);
#2699 = CARTESIAN_POINT('',(-121.225,-4.,-6.7E-16));
#2700 = DIRECTION('',(0.,1.,0.));
#2701 = DIRECTION('',(0.,-0.,1.));
#2702 = ADVANCED_FACE('',(#2703),#2709,.F.);
#2703 = FACE_BOUND('',#2704,.T.);
#2704 = EDGE_LOOP('',(#2705,#2706,#2707,#2708));
#2705 = ORIENTED_EDGE('',*,*,#2290,.F.);
#2706 = ORIENTED_EDGE('',*,*,#2328,.T.);
#2707 = ORIENTED_EDGE('',*,*,#1065,.F.);
#2708 = ORIENTED_EDGE('',*,*,#2691,.F.);
#2709 = PLANE('',#2710);
#2710 = AXIS2_PLACEMENT_3D('',#2711,#2712,#2713);
#2711 = CARTESIAN_POINT('',(-118.1125,-4.,-2.6));
#2712 = DIRECTION('',(0.,0.,-1.));
#2713 = DIRECTION('',(-1.,0.,0.));
#2714 = ADVANCED_FACE('',(#2715),#2726,.F.);
#2715 = FACE_BOUND('',#2716,.F.);
#2716 = EDGE_LOOP('',(#2717,#2718,#2719,#2725));
#2717 = ORIENTED_EDGE('',*,*,#2518,.T.);
#2718 = ORIENTED_EDGE('',*,*,#1092,.T.);
#2719 = ORIENTED_EDGE('',*,*,#2720,.F.);
#2720 = EDGE_CURVE('',#2441,#1093,#2721,.T.);
#2721 = LINE('',#2722,#2723);
#2722 = CARTESIAN_POINT('',(-121.225,-4.,13.275));
#2723 = VECTOR('',#2724,1.);
#2724 = DIRECTION('',(0.,1.,0.));
#2725 = ORIENTED_EDGE('',*,*,#2471,.T.);
#2726 = CYLINDRICAL_SURFACE('',#2727,2.6);
#2727 = AXIS2_PLACEMENT_3D('',#2728,#2729,#2730);
#2728 = CARTESIAN_POINT('',(-121.225,-4.,15.875));
#2729 = DIRECTION('',(0.,1.,0.));
#2730 = DIRECTION('',(0.,-0.,1.));
#2731 = ADVANCED_FACE('',(#2732),#2738,.F.);
#2732 = FACE_BOUND('',#2733,.T.);
#2733 = EDGE_LOOP('',(#2734,#2735,#2736,#2737));
#2734 = ORIENTED_EDGE('',*,*,#2457,.F.);
#2735 = ORIENTED_EDGE('',*,*,#2495,.T.);
#2736 = ORIENTED_EDGE('',*,*,#1101,.F.);
#2737 = ORIENTED_EDGE('',*,*,#2720,.F.);
#2738 = PLANE('',#2739);
#2739 = AXIS2_PLACEMENT_3D('',#2740,#2741,#2742);
#2740 = CARTESIAN_POINT('',(-118.1125,-4.,13.275));
#2741 = DIRECTION('',(0.,0.,-1.));
#2742 = DIRECTION('',(-1.,0.,0.));
#2743 = ADVANCED_FACE('',(#2744),#2755,.T.);
#2744 = FACE_BOUND('',#2745,.T.);
#2745 = EDGE_LOOP('',(#2746,#2752,#2753,#2754));
#2746 = ORIENTED_EDGE('',*,*,#2747,.F.);
#2747 = EDGE_CURVE('',#876,#741,#2748,.T.);
#2748 = LINE('',#2749,#2750);
#2749 = CARTESIAN_POINT('',(127.5,-1.,-11.075));
#2750 = VECTOR('',#2751,1.);
#2751 = DIRECTION('',(8.E-16,0.,-1.));
#2752 = ORIENTED_EDGE('',*,*,#890,.F.);
#2753 = ORIENTED_EDGE('',*,*,#996,.F.);
#2754 = ORIENTED_EDGE('',*,*,#750,.F.);
#2755 = PLANE('',#2756);
#2756 = AXIS2_PLACEMENT_3D('',#2757,#2758,#2759);
#2757 = CARTESIAN_POINT('',(127.5,0.,-22.15));
#2758 = DIRECTION('',(1.,0.,0.));
#2759 = DIRECTION('',(0.,0.,1.));
#2760 = ADVANCED_FACE('',(#2761),#2795,.T.);
#2761 = FACE_BOUND('',#2762,.T.);
#2762 = EDGE_LOOP('',(#2763,#2773,#2781,#2789));
#2763 = ORIENTED_EDGE('',*,*,#2764,.F.);
#2764 = EDGE_CURVE('',#2765,#2767,#2769,.T.);
#2765 = VERTEX_POINT('',#2766);
#2766 = CARTESIAN_POINT('',(4.25,177.99670535623,-21.15));
#2767 = VERTEX_POINT('',#2768);
#2768 = CARTESIAN_POINT('',(4.25,184.00852361183,-21.15));
#2769 = LINE('',#2770,#2771);
#2770 = CARTESIAN_POINT('',(4.25,87.99835267812,-21.15));
#2771 = VECTOR('',#2772,1.);
#2772 = DIRECTION('',(5.E-17,1.,0.));
#2773 = ORIENTED_EDGE('',*,*,#2774,.F.);
#2774 = EDGE_CURVE('',#2775,#2765,#2777,.T.);
#2775 = VERTEX_POINT('',#2776);
#2776 = CARTESIAN_POINT('',(4.25,177.99670535623,-18.99999999999));
#2777 = LINE('',#2778,#2779);
#2778 = CARTESIAN_POINT('',(4.25,177.99670535623,-18.));
#2779 = VECTOR('',#2780,1.);
#2780 = DIRECTION('',(0.,0.,-1.));
#2781 = ORIENTED_EDGE('',*,*,#2782,.F.);
#2782 = EDGE_CURVE('',#2783,#2775,#2785,.T.);
#2783 = VERTEX_POINT('',#2784);
#2784 = CARTESIAN_POINT('',(4.25,184.00852361183,-18.99999999999));
#2785 = LINE('',#2786,#2787);
#2786 = CARTESIAN_POINT('',(4.25,87.99835267812,-19.));
#2787 = VECTOR('',#2788,1.);
#2788 = DIRECTION('',(-5.E-17,-1.,0.));
#2789 = ORIENTED_EDGE('',*,*,#2790,.F.);
#2790 = EDGE_CURVE('',#2767,#2783,#2791,.T.);
#2791 = LINE('',#2792,#2793);
#2792 = CARTESIAN_POINT('',(4.25,184.00852361183,-18.));
#2793 = VECTOR('',#2794,1.);
#2794 = DIRECTION('',(0.,0.,1.));
#2795 = PLANE('',#2796);
#2796 = AXIS2_PLACEMENT_3D('',#2797,#2798,#2799);
#2797 = CARTESIAN_POINT('',(4.25,11.191476388169,-18.));
#2798 = DIRECTION('',(-1.,0.,0.));
#2799 = DIRECTION('',(0.,1.,0.));
#2800 = ADVANCED_FACE('',(#2801),#2817,.T.);
#2801 = FACE_BOUND('',#2802,.T.);
#2802 = EDGE_LOOP('',(#2803,#2809,#2810,#2816));
#2803 = ORIENTED_EDGE('',*,*,#2804,.F.);
#2804 = EDGE_CURVE('',#2767,#71,#2805,.T.);
#2805 = LINE('',#2806,#2807);
#2806 = CARTESIAN_POINT('',(14.858668867035,173.98954363947,-21.15));
#2807 = VECTOR('',#2808,1.);
#2808 = DIRECTION('',(-0.727024044886,0.686611999718,0.));
#2809 = ORIENTED_EDGE('',*,*,#2790,.T.);
#2810 = ORIENTED_EDGE('',*,*,#2811,.F.);
#2811 = EDGE_CURVE('',#62,#2783,#2812,.T.);
#2812 = LINE('',#2813,#2814);
#2813 = CARTESIAN_POINT('',(76.793151096003,115.49772484223,-19.));
#2814 = VECTOR('',#2815,1.);
#2815 = DIRECTION('',(0.727024044886,-0.686611999718,-8.91E-15));
#2816 = ORIENTED_EDGE('',*,*,#70,.T.);
#2817 = PLANE('',#2818);
#2818 = AXIS2_PLACEMENT_3D('',#2819,#2820,#2821);
#2819 = CARTESIAN_POINT('',(3.251633133395,184.95139568814,-18.));
#2820 = DIRECTION('',(-0.686611999718,-0.727024044886,0.));
#2821 = DIRECTION('',(0.,0.,1.));
#2822 = ADVANCED_FACE('',(#2823),#2857,.T.);
#2823 = FACE_BOUND('',#2824,.T.);
#2824 = EDGE_LOOP('',(#2825,#2835,#2843,#2851));
#2825 = ORIENTED_EDGE('',*,*,#2826,.F.);
#2826 = EDGE_CURVE('',#2827,#2829,#2831,.T.);
#2827 = VERTEX_POINT('',#2828);
#2828 = CARTESIAN_POINT('',(51.682144511507,165.18442493974,-21.15));
#2829 = VERTEX_POINT('',#2830);
#2830 = CARTESIAN_POINT('',(55.215802621608,170.04808807561,-21.15));
#2831 = LINE('',#2832,#2833);
#2832 = CARTESIAN_POINT('',(-19.13352586536,67.715016546975,-21.15));
#2833 = VECTOR('',#2834,1.);
#2834 = DIRECTION('',(0.587785252292,0.809016994375,0.));
#2835 = ORIENTED_EDGE('',*,*,#2836,.F.);
#2836 = EDGE_CURVE('',#2837,#2827,#2839,.T.);
#2837 = VERTEX_POINT('',#2838);
#2838 = CARTESIAN_POINT('',(51.682144511507,165.18442493974,-19.));
#2839 = LINE('',#2840,#2841);
#2840 = CARTESIAN_POINT('',(51.682144511507,165.18442493974,-18.));
#2841 = VECTOR('',#2842,1.);
#2842 = DIRECTION('',(0.,0.,-1.));
#2843 = ORIENTED_EDGE('',*,*,#2844,.F.);
#2844 = EDGE_CURVE('',#2845,#2837,#2847,.T.);
#2845 = VERTEX_POINT('',#2846);
#2846 = CARTESIAN_POINT('',(55.215802621608,170.04808807561,-19.));
#2847 = LINE('',#2848,#2849);
#2848 = CARTESIAN_POINT('',(21.349440976694,123.43504019541,-19.));
#2849 = VECTOR('',#2850,1.);
#2850 = DIRECTION('',(-0.587785252292,-0.809016994375,7.21E-15));
#2851 = ORIENTED_EDGE('',*,*,#2852,.F.);
#2852 = EDGE_CURVE('',#2829,#2845,#2853,.T.);
#2853 = LINE('',#2854,#2855);
#2854 = CARTESIAN_POINT('',(55.215802621608,170.04808807561,-18.));
#2855 = VECTOR('',#2856,1.);
#2856 = DIRECTION('',(0.,0.,1.));
#2857 = PLANE('',#2858);
#2858 = AXIS2_PLACEMENT_3D('',#2859,#2860,#2861);
#2859 = CARTESIAN_POINT('',(-46.36350908119,30.236159953975,-18.));
#2860 = DIRECTION('',(-0.809016994375,0.587785252292,0.));
#2861 = DIRECTION('',(0.587785252292,0.809016994375,0.));
#2862 = ADVANCED_FACE('',(#2863),#2897,.T.);
#2863 = FACE_BOUND('',#2864,.T.);
#2864 = EDGE_LOOP('',(#2865,#2875,#2883,#2891));
#2865 = ORIENTED_EDGE('',*,*,#2866,.F.);
#2866 = EDGE_CURVE('',#2867,#2869,#2871,.T.);
#2867 = VERTEX_POINT('',#2868);
#2868 = CARTESIAN_POINT('',(82.524686023915,126.93915731763,-21.15));
#2869 = VERTEX_POINT('',#2870);
#2870 = CARTESIAN_POINT('',(88.242264950681,128.79691132571,-21.15));
#2871 = LINE('',#2872,#2873);
#2872 = CARTESIAN_POINT('',(-32.06416820869,89.706981608701,-21.15));
#2873 = VECTOR('',#2874,1.);
#2874 = DIRECTION('',(0.951056516295,0.309016994375,0.));
#2875 = ORIENTED_EDGE('',*,*,#2876,.F.);
#2876 = EDGE_CURVE('',#2877,#2867,#2879,.T.);
#2877 = VERTEX_POINT('',#2878);
#2878 = CARTESIAN_POINT('',(82.524686023915,126.93915731763,-19.));
#2879 = LINE('',#2880,#2881);
#2880 = CARTESIAN_POINT('',(82.524686023915,126.93915731763,-18.));
#2881 = VECTOR('',#2882,1.);
#2882 = DIRECTION('',(0.,0.,-1.));
#2883 = ORIENTED_EDGE('',*,*,#2884,.F.);
#2884 = EDGE_CURVE('',#2885,#2877,#2887,.T.);
#2885 = VERTEX_POINT('',#2886);
#2886 = CARTESIAN_POINT('',(88.24226495068,128.79691132571,-19.));
#2887 = LINE('',#2888,#2889);
#2888 = CARTESIAN_POINT('',(73.921614949247,124.14385007738,-19.));
#2889 = VECTOR('',#2890,1.);
#2890 = DIRECTION('',(-0.951056516295,-0.309016994375,1.166E-14));
#2891 = ORIENTED_EDGE('',*,*,#2892,.F.);
#2892 = EDGE_CURVE('',#2869,#2885,#2893,.T.);
#2893 = LINE('',#2894,#2895);
#2894 = CARTESIAN_POINT('',(88.242264950681,128.79691132571,-18.));
#2895 = VECTOR('',#2896,1.);
#2896 = DIRECTION('',(0.,0.,1.));
#2897 = PLANE('',#2898);
#2898 = AXIS2_PLACEMENT_3D('',#2899,#2900,#2901);
#2899 = CARTESIAN_POINT('',(-76.11651393827,75.393506815901,-18.));
#2900 = DIRECTION('',(-0.309016994375,0.951056516295,0.));
#2901 = DIRECTION('',(0.951056516295,0.309016994375,0.));
#2902 = ADVANCED_FACE('',(#2903),#2937,.T.);
#2903 = FACE_BOUND('',#2904,.T.);
#2904 = EDGE_LOOP('',(#2905,#2915,#2923,#2931));
#2905 = ORIENTED_EDGE('',*,*,#2906,.F.);
#2906 = EDGE_CURVE('',#2907,#2909,#2911,.T.);
#2907 = VERTEX_POINT('',#2908);
#2908 = CARTESIAN_POINT('',(82.524686023915,70.260842682362,-21.15));
#2909 = VERTEX_POINT('',#2910);
#2910 = CARTESIAN_POINT('',(79.883149631465,69.020583611636,-21.15));
#2911 = LINE('',#2912,#2913);
#2912 = CARTESIAN_POINT('',(-17.69468585228,23.205657152031,-21.15));
#2913 = VECTOR('',#2914,1.);
#2914 = DIRECTION('',(-0.905190248042,-0.425006605654,0.));
#2915 = ORIENTED_EDGE('',*,*,#2916,.T.);
#2916 = EDGE_CURVE('',#2907,#2917,#2919,.T.);
#2917 = VERTEX_POINT('',#2918);
#2918 = CARTESIAN_POINT('',(82.524686023915,70.260842682362,-19.));
#2919 = LINE('',#2920,#2921);
#2920 = CARTESIAN_POINT('',(82.524686023915,70.260842682362,-18.));
#2921 = VECTOR('',#2922,1.);
#2922 = DIRECTION('',(0.,0.,1.));
#2923 = ORIENTED_EDGE('',*,*,#2924,.F.);
#2924 = EDGE_CURVE('',#2925,#2917,#2927,.T.);
#2925 = VERTEX_POINT('',#2926);
#2926 = CARTESIAN_POINT('',(79.883149631465,69.020583611636,-19.));
#2927 = LINE('',#2928,#2929);
#2928 = CARTESIAN_POINT('',(78.314921852732,68.284266393711,-19.));
#2929 = VECTOR('',#2930,1.);
#2930 = DIRECTION('',(0.905190248042,0.425006605654,-1.11E-14));
#2931 = ORIENTED_EDGE('',*,*,#2932,.T.);
#2932 = EDGE_CURVE('',#2925,#2909,#2933,.T.);
#2933 = LINE('',#2934,#2935);
#2934 = CARTESIAN_POINT('',(79.883149631465,69.020583611636,-18.));
#2935 = VECTOR('',#2936,1.);
#2936 = DIRECTION('',(0.,0.,-1.));
#2937 = PLANE('',#2938);
#2938 = AXIS2_PLACEMENT_3D('',#2939,#2940,#2941);
#2939 = CARTESIAN_POINT('',(81.20391782769,69.640713146999,-18.));
#2940 = DIRECTION('',(0.425006605654,-0.905190248042,0.));
#2941 = DIRECTION('',(0.,0.,-1.));
#2942 = ADVANCED_FACE('',(#2943),#2977,.T.);
#2943 = FACE_BOUND('',#2944,.T.);
#2944 = EDGE_LOOP('',(#2945,#2955,#2963,#2971));
#2945 = ORIENTED_EDGE('',*,*,#2946,.F.);
#2946 = EDGE_CURVE('',#2947,#2949,#2951,.T.);
#2947 = VERTEX_POINT('',#2948);
#2948 = CARTESIAN_POINT('',(84.996821978914,77.869294812723,-21.15));
#2949 = VERTEX_POINT('',#2950);
#2950 = CARTESIAN_POINT('',(90.71440090568,76.011540804651,-21.15));
#2951 = LINE('',#2952,#2953);
#2952 = CARTESIAN_POINT('',(-0.614219315677,105.68600834434,-21.15));
#2953 = VECTOR('',#2954,1.);
#2954 = DIRECTION('',(0.951056516295,-0.309016994375,0.));
#2955 = ORIENTED_EDGE('',*,*,#2956,.F.);
#2956 = EDGE_CURVE('',#2957,#2947,#2959,.T.);
#2957 = VERTEX_POINT('',#2958);
#2958 = CARTESIAN_POINT('',(84.996821978914,77.869294812723,-19.));
#2959 = LINE('',#2960,#2961);
#2960 = CARTESIAN_POINT('',(84.996821978914,77.869294812723,-18.));
#2961 = VECTOR('',#2962,1.);
#2962 = DIRECTION('',(0.,0.,-1.));
#2963 = ORIENTED_EDGE('',*,*,#2964,.F.);
#2964 = EDGE_CURVE('',#2965,#2957,#2967,.T.);
#2965 = VERTEX_POINT('',#2966);
#2966 = CARTESIAN_POINT('',(90.71440090568,76.011540804651,-19.));
#2967 = LINE('',#2968,#2969);
#2968 = CARTESIAN_POINT('',(105.37156384226,71.249139875659,-19.));
#2969 = VECTOR('',#2970,1.);
#2970 = DIRECTION('',(-0.951056516295,0.309016994375,1.166E-14));
#2971 = ORIENTED_EDGE('',*,*,#2972,.F.);
#2972 = EDGE_CURVE('',#2949,#2965,#2973,.T.);
#2973 = LINE('',#2974,#2975);
#2974 = CARTESIAN_POINT('',(90.71440090568,76.011540804651,-18.));
#2975 = VECTOR('',#2976,1.);
#2976 = DIRECTION('',(0.,0.,1.));
#2977 = PLANE('',#2978);
#2978 = AXIS2_PLACEMENT_3D('',#2979,#2980,#2981);
#2979 = CARTESIAN_POINT('',(-73.64437798327,129.41494531446,-18.));
#2980 = DIRECTION('',(0.309016994375,0.951056516295,0.));
#2981 = DIRECTION('',(0.951056516295,-0.309016994375,0.));
#2982 = ADVANCED_FACE('',(#2983),#3017,.T.);
#2983 = FACE_BOUND('',#2984,.T.);
#2984 = EDGE_LOOP('',(#2985,#2995,#3003,#3011));
#2985 = ORIENTED_EDGE('',*,*,#2986,.F.);
#2986 = EDGE_CURVE('',#2987,#2989,#2991,.T.);
#2987 = VERTEX_POINT('',#2988);
#2988 = CARTESIAN_POINT('',(12.25,19.203294643764,-21.15));
#2989 = VERTEX_POINT('',#2990);
#2990 = CARTESIAN_POINT('',(12.25,13.191476388169,-21.15));
#2991 = LINE('',#2992,#2993);
#2992 = CARTESIAN_POINT('',(12.25,10.60164732188,-21.15));
#2993 = VECTOR('',#2994,1.);
#2994 = DIRECTION('',(7.E-17,-1.,0.));
#2995 = ORIENTED_EDGE('',*,*,#2996,.F.);
#2996 = EDGE_CURVE('',#2997,#2987,#2999,.T.);
#2997 = VERTEX_POINT('',#2998);
#2998 = CARTESIAN_POINT('',(12.25,19.203294643764,-18.99999999999));
#2999 = LINE('',#3000,#3001);
#3000 = CARTESIAN_POINT('',(12.25,19.203294643764,-18.));
#3001 = VECTOR('',#3002,1.);
#3002 = DIRECTION('',(0.,0.,-1.));
#3003 = ORIENTED_EDGE('',*,*,#3004,.F.);
#3004 = EDGE_CURVE('',#3005,#2997,#3007,.T.);
#3005 = VERTEX_POINT('',#3006);
#3006 = CARTESIAN_POINT('',(12.25,13.191476388169,-18.99999999999));
#3007 = LINE('',#3008,#3009);
#3008 = CARTESIAN_POINT('',(12.25,10.60164732188,-19.));
#3009 = VECTOR('',#3010,1.);
#3010 = DIRECTION('',(-7.E-17,1.,0.));
#3011 = ORIENTED_EDGE('',*,*,#3012,.F.);
#3012 = EDGE_CURVE('',#2989,#3005,#3013,.T.);
#3013 = LINE('',#3014,#3015);
#3014 = CARTESIAN_POINT('',(12.25,13.191476388169,-18.));
#3015 = VECTOR('',#3016,1.);
#3016 = DIRECTION('',(0.,0.,1.));
#3017 = PLANE('',#3018);
#3018 = AXIS2_PLACEMENT_3D('',#3019,#3020,#3021);
#3019 = CARTESIAN_POINT('',(12.25,21.20329464376,-18.));
#3020 = DIRECTION('',(1.,7.E-17,0.));
#3021 = DIRECTION('',(7.E-17,-1.,0.));
#3022 = ADVANCED_FACE('',(#3023),#3057,.T.);
#3023 = FACE_BOUND('',#3024,.T.);
#3024 = EDGE_LOOP('',(#3025,#3035,#3043,#3051));
#3025 = ORIENTED_EDGE('',*,*,#3026,.F.);
#3026 = EDGE_CURVE('',#3027,#3029,#3031,.T.);
#3027 = VERTEX_POINT('',#3028);
#3028 = CARTESIAN_POINT('',(-35.1821445115,32.015575060255,-21.15));
#3029 = VERTEX_POINT('',#3030);
#3030 = CARTESIAN_POINT('',(-38.7158026216,27.151911924385,-21.15));
#3031 = LINE('',#3032,#3033);
#3032 = CARTESIAN_POINT('',(-58.15403189478,0.397484586807,-21.15));
#3033 = VECTOR('',#3034,1.);
#3034 = DIRECTION('',(-0.587785252292,-0.809016994375,0.));
#3035 = ORIENTED_EDGE('',*,*,#3036,.F.);
#3036 = EDGE_CURVE('',#3037,#3027,#3039,.T.);
#3037 = VERTEX_POINT('',#3038);
#3038 = CARTESIAN_POINT('',(-35.1821445115,32.015575060255,
    -18.99999999999));
#3039 = LINE('',#3040,#3041);
#3040 = CARTESIAN_POINT('',(-35.1821445115,32.015575060255,-18.));
#3041 = VECTOR('',#3042,1.);
#3042 = DIRECTION('',(0.,0.,-1.));
#3043 = ORIENTED_EDGE('',*,*,#3044,.F.);
#3044 = EDGE_CURVE('',#3045,#3037,#3047,.T.);
#3045 = VERTEX_POINT('',#3046);
#3046 = CARTESIAN_POINT('',(-38.7158026216,27.151911924385,
    -18.99999999999));
#3047 = LINE('',#3048,#3049);
#3048 = CARTESIAN_POINT('',(-17.67106505273,56.117508235249,-19.));
#3049 = VECTOR('',#3050,1.);
#3050 = DIRECTION('',(0.587785252292,0.809016994375,-7.21E-15));
#3051 = ORIENTED_EDGE('',*,*,#3052,.F.);
#3052 = EDGE_CURVE('',#3029,#3045,#3053,.T.);
#3053 = LINE('',#3054,#3055);
#3054 = CARTESIAN_POINT('',(-38.7158026216,27.151911924385,-18.));
#3055 = VECTOR('',#3056,1.);
#3056 = DIRECTION('',(0.,0.,1.));
#3057 = PLANE('',#3058);
#3058 = AXIS2_PLACEMENT_3D('',#3059,#3060,#3061);
#3059 = CARTESIAN_POINT('',(-34.00657400692,33.633609049002,-18.));
#3060 = DIRECTION('',(0.809016994375,-0.587785252292,0.));
#3061 = DIRECTION('',(-0.587785252292,-0.809016994375,0.));
#3062 = ADVANCED_FACE('',(#3063),#3097,.T.);
#3063 = FACE_BOUND('',#3064,.T.);
#3064 = EDGE_LOOP('',(#3065,#3075,#3083,#3091));
#3065 = ORIENTED_EDGE('',*,*,#3066,.F.);
#3066 = EDGE_CURVE('',#3067,#3069,#3071,.T.);
#3067 = VERTEX_POINT('',#3068);
#3068 = CARTESIAN_POINT('',(-66.02468602391,70.260842682362,-21.15));
#3069 = VERTEX_POINT('',#3070);
#3070 = CARTESIAN_POINT('',(-71.74226495068,68.40308867429,-21.15));
#3071 = LINE('',#3072,#3073);
#3072 = CARTESIAN_POINT('',(-103.2006732225,58.181632214632,-21.15));
#3073 = VECTOR('',#3074,1.);
#3074 = DIRECTION('',(-0.951056516295,-0.309016994375,0.));
#3075 = ORIENTED_EDGE('',*,*,#3076,.F.);
#3076 = EDGE_CURVE('',#3077,#3067,#3079,.T.);
#3077 = VERTEX_POINT('',#3078);
#3078 = CARTESIAN_POINT('',(-66.02468602391,70.260842682362,
    -18.99999999999));
#3079 = LINE('',#3080,#3081);
#3080 = CARTESIAN_POINT('',(-66.02468602391,70.260842682362,-18.));
#3081 = VECTOR('',#3082,1.);
#3082 = DIRECTION('',(0.,0.,-1.));
#3083 = ORIENTED_EDGE('',*,*,#3084,.F.);
#3084 = EDGE_CURVE('',#3085,#3077,#3087,.T.);
#3085 = VERTEX_POINT('',#3086);
#3086 = CARTESIAN_POINT('',(-71.74226495068,68.40308867429,-19.));
#3087 = LINE('',#3088,#3089);
#3088 = CARTESIAN_POINT('',(2.785109935419,92.618500683317,-19.));
#3089 = VECTOR('',#3090,1.);
#3090 = DIRECTION('',(0.951056516295,0.309016994375,-1.166E-14));
#3091 = ORIENTED_EDGE('',*,*,#3092,.F.);
#3092 = EDGE_CURVE('',#3069,#3085,#3093,.T.);
#3093 = LINE('',#3094,#3095);
#3094 = CARTESIAN_POINT('',(-71.74226495068,68.40308867429,-18.));
#3095 = VECTOR('',#3096,1.);
#3096 = DIRECTION('',(0.,0.,1.));
#3097 = PLANE('',#3098);
#3098 = AXIS2_PLACEMENT_3D('',#3099,#3100,#3101);
#3099 = CARTESIAN_POINT('',(-64.12257299132,70.878876671111,-18.));
#3100 = DIRECTION('',(0.309016994375,-0.951056516295,0.));
#3101 = DIRECTION('',(-0.951056516295,-0.309016994375,0.));
#3102 = ADVANCED_FACE('',(#3103),#3137,.T.);
#3103 = FACE_BOUND('',#3104,.T.);
#3104 = EDGE_LOOP('',(#3105,#3115,#3123,#3131));
#3105 = ORIENTED_EDGE('',*,*,#3106,.F.);
#3106 = EDGE_CURVE('',#3107,#3109,#3111,.T.);
#3107 = VERTEX_POINT('',#3108);
#3108 = CARTESIAN_POINT('',(-68.49682197891,119.33070518727,-21.15));
#3109 = VERTEX_POINT('',#3110);
#3110 = CARTESIAN_POINT('',(-74.21440090568,121.18845919534,-21.15));
#3111 = LINE('',#3112,#3113);
#3112 = CARTESIAN_POINT('',(-76.6949962395,121.99445347769,-21.15));
#3113 = VECTOR('',#3114,1.);
#3114 = DIRECTION('',(-0.951056516295,0.309016994375,0.));
#3115 = ORIENTED_EDGE('',*,*,#3116,.F.);
#3116 = EDGE_CURVE('',#3117,#3107,#3119,.T.);
#3117 = VERTEX_POINT('',#3118);
#3118 = CARTESIAN_POINT('',(-68.49682197891,119.33070518727,
    -18.99999999999));
#3119 = LINE('',#3120,#3121);
#3120 = CARTESIAN_POINT('',(-68.49682197891,119.33070518727,-18.));
#3121 = VECTOR('',#3122,1.);
#3122 = DIRECTION('',(0.,0.,-1.));
#3123 = ORIENTED_EDGE('',*,*,#3124,.F.);
#3124 = EDGE_CURVE('',#3125,#3117,#3127,.T.);
#3125 = VERTEX_POINT('',#3126);
#3126 = CARTESIAN_POINT('',(-74.21440090568,121.18845919534,-19.));
#3127 = LINE('',#3128,#3129);
#3128 = CARTESIAN_POINT('',(29.290786918438,87.557585009007,-19.));
#3129 = VECTOR('',#3130,1.);
#3130 = DIRECTION('',(0.951056516295,-0.309016994375,-1.166E-14));
#3131 = ORIENTED_EDGE('',*,*,#3132,.F.);
#3132 = EDGE_CURVE('',#3109,#3125,#3133,.T.);
#3133 = LINE('',#3134,#3135);
#3134 = CARTESIAN_POINT('',(-74.21440090568,121.18845919534,-18.));
#3135 = VECTOR('',#3136,1.);
#3136 = DIRECTION('',(0.,0.,1.));
#3137 = PLANE('',#3138);
#3138 = AXIS2_PLACEMENT_3D('',#3139,#3140,#3141);
#3139 = CARTESIAN_POINT('',(-66.59470894632,118.71267119852,-18.));
#3140 = DIRECTION('',(-0.309016994375,-0.951056516295,0.));
#3141 = DIRECTION('',(-0.951056516295,0.309016994375,0.));
#3142 = ADVANCED_FACE('',(#3143),#3179,.T.);
#3143 = FACE_BOUND('',#3144,.T.);
#3144 = EDGE_LOOP('',(#3145,#3156,#3164,#3173));
#3145 = ORIENTED_EDGE('',*,*,#3146,.F.);
#3146 = EDGE_CURVE('',#3147,#3149,#3151,.T.);
#3147 = VERTEX_POINT('',#3148);
#3148 = CARTESIAN_POINT('',(-63.38314963146,128.17941638836,-21.15));
#3149 = VERTEX_POINT('',#3150);
#3150 = CARTESIAN_POINT('',(-42.01755730108,157.58663139205,-21.15));
#3151 = CIRCLE('',#3152,77.5);
#3152 = AXIS2_PLACEMENT_3D('',#3153,#3154,#3155);
#3153 = CARTESIAN_POINT('',(8.25,98.6,-21.15));
#3154 = DIRECTION('',(0.,0.,-1.));
#3155 = DIRECTION('',(-1.,0.,0.));
#3156 = ORIENTED_EDGE('',*,*,#3157,.F.);
#3157 = EDGE_CURVE('',#3158,#3147,#3160,.T.);
#3158 = VERTEX_POINT('',#3159);
#3159 = CARTESIAN_POINT('',(-63.38314963146,128.17941638836,
    -18.99999999999));
#3160 = LINE('',#3161,#3162);
#3161 = CARTESIAN_POINT('',(-63.38314963146,128.17941638836,-18.));
#3162 = VECTOR('',#3163,1.);
#3163 = DIRECTION('',(0.,0.,-1.));
#3164 = ORIENTED_EDGE('',*,*,#3165,.F.);
#3165 = EDGE_CURVE('',#3166,#3158,#3168,.T.);
#3166 = VERTEX_POINT('',#3167);
#3167 = CARTESIAN_POINT('',(-42.01755730108,157.58663139205,-19.));
#3168 = CIRCLE('',#3169,77.5);
#3169 = AXIS2_PLACEMENT_3D('',#3170,#3171,#3172);
#3170 = CARTESIAN_POINT('',(8.25,98.6,-19.));
#3171 = DIRECTION('',(1.226E-14,0.,1.));
#3172 = DIRECTION('',(-1.,0.,1.226E-14));
#3173 = ORIENTED_EDGE('',*,*,#3174,.F.);
#3174 = EDGE_CURVE('',#3149,#3166,#3175,.T.);
#3175 = LINE('',#3176,#3177);
#3176 = CARTESIAN_POINT('',(-42.01755730108,157.58663139205,-18.));
#3177 = VECTOR('',#3178,1.);
#3178 = DIRECTION('',(0.,0.,1.));
#3179 = CYLINDRICAL_SURFACE('',#3180,77.5);
#3180 = AXIS2_PLACEMENT_3D('',#3181,#3182,#3183);
#3181 = CARTESIAN_POINT('',(8.25,98.6,-18.));
#3182 = DIRECTION('',(0.,0.,-1.));
#3183 = DIRECTION('',(-1.,0.,0.));
#3184 = ADVANCED_FACE('',(#3185),#3210,.T.);
#3185 = FACE_BOUND('',#3186,.T.);
#3186 = EDGE_LOOP('',(#3187,#3195,#3196,#3204));
#3187 = ORIENTED_EDGE('',*,*,#3188,.F.);
#3188 = EDGE_CURVE('',#3149,#3189,#3191,.T.);
#3189 = VERTEX_POINT('',#3190);
#3190 = CARTESIAN_POINT('',(-41.6542804665,160.4821429214,-21.15));
#3191 = LINE('',#3192,#3193);
#3192 = CARTESIAN_POINT('',(-52.32146695063,75.458936070877,-21.15));
#3193 = VECTOR('',#3194,1.);
#3194 = DIRECTION('',(0.124486131988,0.992221347756,0.));
#3195 = ORIENTED_EDGE('',*,*,#3174,.T.);
#3196 = ORIENTED_EDGE('',*,*,#3197,.F.);
#3197 = EDGE_CURVE('',#3198,#3166,#3200,.T.);
#3198 = VERTEX_POINT('',#3199);
#3199 = CARTESIAN_POINT('',(-41.6542804665,160.4821429214,
    -18.99999999999));
#3200 = LINE('',#3201,#3202);
#3201 = CARTESIAN_POINT('',(-50.50562975544,89.932134011476,
    -18.99999999999));
#3202 = VECTOR('',#3203,1.);
#3203 = DIRECTION('',(-0.124486131988,-0.992221347756,1.53E-15));
#3204 = ORIENTED_EDGE('',*,*,#3205,.T.);
#3205 = EDGE_CURVE('',#3198,#3189,#3206,.T.);
#3206 = LINE('',#3207,#3208);
#3207 = CARTESIAN_POINT('',(-41.6542804665,160.4821429214,-18.));
#3208 = VECTOR('',#3209,1.);
#3209 = DIRECTION('',(0.,0.,-1.));
#3210 = PLANE('',#3211);
#3211 = AXIS2_PLACEMENT_3D('',#3212,#3213,#3214);
#3212 = CARTESIAN_POINT('',(-41.83591888379,159.03438715672,-18.));
#3213 = DIRECTION('',(-0.992221347756,0.124486131988,0.));
#3214 = DIRECTION('',(0.,0.,1.));
#3215 = ADVANCED_FACE('',(#3216),#3241,.T.);
#3216 = FACE_BOUND('',#3217,.T.);
#3217 = EDGE_LOOP('',(#3218,#3226,#3227,#3235));
#3218 = ORIENTED_EDGE('',*,*,#3219,.F.);
#3219 = EDGE_CURVE('',#3189,#3220,#3222,.T.);
#3220 = VERTEX_POINT('',#3221);
#3221 = CARTESIAN_POINT('',(-45.1879385766,165.34580605727,-21.15));
#3222 = LINE('',#3223,#3224);
#3223 = CARTESIAN_POINT('',(-17.73908159643,127.56569557216,-21.15));
#3224 = VECTOR('',#3225,1.);
#3225 = DIRECTION('',(-0.587785252292,0.809016994375,0.));
#3226 = ORIENTED_EDGE('',*,*,#3205,.F.);
#3227 = ORIENTED_EDGE('',*,*,#3228,.F.);
#3228 = EDGE_CURVE('',#3229,#3198,#3231,.T.);
#3229 = VERTEX_POINT('',#3230);
#3230 = CARTESIAN_POINT('',(-45.1879385766,165.34580605727,
    -18.99999999999));
#3231 = LINE('',#3232,#3233);
#3232 = CARTESIAN_POINT('',(22.743885245622,71.845671923727,-19.));
#3233 = VECTOR('',#3234,1.);
#3234 = DIRECTION('',(0.587785252292,-0.809016994375,-7.21E-15));
#3235 = ORIENTED_EDGE('',*,*,#3236,.F.);
#3236 = EDGE_CURVE('',#3220,#3229,#3237,.T.);
#3237 = LINE('',#3238,#3239);
#3238 = CARTESIAN_POINT('',(-45.1879385766,165.34580605727,-18.));
#3239 = VECTOR('',#3240,1.);
#3240 = DIRECTION('',(0.,0.,1.));
#3241 = PLANE('',#3242);
#3242 = AXIS2_PLACEMENT_3D('',#3243,#3244,#3245);
#3243 = CARTESIAN_POINT('',(56.391373126193,25.533877935635,-18.));
#3244 = DIRECTION('',(-0.809016994375,-0.587785252292,0.));
#3245 = DIRECTION('',(-0.587785252292,0.809016994375,0.));
#3246 = ADVANCED_FACE('',(#3247),#3273,.F.);
#3247 = FACE_BOUND('',#3248,.F.);
#3248 = EDGE_LOOP('',(#3249,#3257,#3258,#3266));
#3249 = ORIENTED_EDGE('',*,*,#3250,.F.);
#3250 = EDGE_CURVE('',#1138,#3251,#3253,.T.);
#3251 = VERTEX_POINT('',#3252);
#3252 = CARTESIAN_POINT('',(-108.,-3.8,-4.));
#3253 = LINE('',#3254,#3255);
#3254 = CARTESIAN_POINT('',(-108.,0.,-4.));
#3255 = VECTOR('',#3256,1.);
#3256 = DIRECTION('',(0.,-1.,0.));
#3257 = ORIENTED_EDGE('',*,*,#1145,.T.);
#3258 = ORIENTED_EDGE('',*,*,#3259,.T.);
#3259 = EDGE_CURVE('',#1119,#3260,#3262,.T.);
#3260 = VERTEX_POINT('',#3261);
#3261 = CARTESIAN_POINT('',(-98.,-3.8,-4.));
#3262 = LINE('',#3263,#3264);
#3263 = CARTESIAN_POINT('',(-98.,0.,-4.));
#3264 = VECTOR('',#3265,1.);
#3265 = DIRECTION('',(0.,-1.,0.));
#3266 = ORIENTED_EDGE('',*,*,#3267,.T.);
#3267 = EDGE_CURVE('',#3260,#3251,#3268,.T.);
#3268 = CIRCLE('',#3269,5.);
#3269 = AXIS2_PLACEMENT_3D('',#3270,#3271,#3272);
#3270 = CARTESIAN_POINT('',(-103.,-3.8,-4.));
#3271 = DIRECTION('',(-0.,1.,0.));
#3272 = DIRECTION('',(1.,0.,0.));
#3273 = CYLINDRICAL_SURFACE('',#3274,5.);
#3274 = AXIS2_PLACEMENT_3D('',#3275,#3276,#3277);
#3275 = CARTESIAN_POINT('',(-103.,0.,-4.));
#3276 = DIRECTION('',(0.,-1.,0.));
#3277 = DIRECTION('',(1.,0.,0.));
#3278 = ADVANCED_FACE('',(#3279),#3297,.F.);
#3279 = FACE_BOUND('',#3280,.T.);
#3280 = EDGE_LOOP('',(#3281,#3289,#3295,#3296));
#3281 = ORIENTED_EDGE('',*,*,#3282,.F.);
#3282 = EDGE_CURVE('',#3283,#3260,#3285,.T.);
#3283 = VERTEX_POINT('',#3284);
#3284 = CARTESIAN_POINT('',(-98.,-3.8,4.));
#3285 = LINE('',#3286,#3287);
#3286 = CARTESIAN_POINT('',(-98.,-3.8,-2.));
#3287 = VECTOR('',#3288,1.);
#3288 = DIRECTION('',(0.,0.,-1.));
#3289 = ORIENTED_EDGE('',*,*,#3290,.F.);
#3290 = EDGE_CURVE('',#1121,#3283,#3291,.T.);
#3291 = LINE('',#3292,#3293);
#3292 = CARTESIAN_POINT('',(-98.,0.,4.));
#3293 = VECTOR('',#3294,1.);
#3294 = DIRECTION('',(0.,-1.,0.));
#3295 = ORIENTED_EDGE('',*,*,#1118,.F.);
#3296 = ORIENTED_EDGE('',*,*,#3259,.T.);
#3297 = PLANE('',#3298);
#3298 = AXIS2_PLACEMENT_3D('',#3299,#3300,#3301);
#3299 = CARTESIAN_POINT('',(-98.,0.,-4.));
#3300 = DIRECTION('',(1.,0.,0.));
#3301 = DIRECTION('',(0.,0.,1.));
#3302 = ADVANCED_FACE('',(#3303),#3321,.F.);
#3303 = FACE_BOUND('',#3304,.T.);
#3304 = EDGE_LOOP('',(#3305,#3313,#3314,#3315));
#3305 = ORIENTED_EDGE('',*,*,#3306,.F.);
#3306 = EDGE_CURVE('',#3251,#3307,#3309,.T.);
#3307 = VERTEX_POINT('',#3308);
#3308 = CARTESIAN_POINT('',(-108.,-3.8,4.));
#3309 = LINE('',#3310,#3311);
#3310 = CARTESIAN_POINT('',(-108.,-3.8,2.));
#3311 = VECTOR('',#3312,1.);
#3312 = DIRECTION('',(0.,0.,1.));
#3313 = ORIENTED_EDGE('',*,*,#3250,.F.);
#3314 = ORIENTED_EDGE('',*,*,#1137,.F.);
#3315 = ORIENTED_EDGE('',*,*,#3316,.T.);
#3316 = EDGE_CURVE('',#1129,#3307,#3317,.T.);
#3317 = LINE('',#3318,#3319);
#3318 = CARTESIAN_POINT('',(-108.,0.,4.));
#3319 = VECTOR('',#3320,1.);
#3320 = DIRECTION('',(0.,-1.,0.));
#3321 = PLANE('',#3322);
#3322 = AXIS2_PLACEMENT_3D('',#3323,#3324,#3325);
#3323 = CARTESIAN_POINT('',(-108.,0.,4.));
#3324 = DIRECTION('',(-1.,0.,0.));
#3325 = DIRECTION('',(0.,0.,-1.));
#3326 = ADVANCED_FACE('',(#3327),#3339,.F.);
#3327 = FACE_BOUND('',#3328,.F.);
#3328 = EDGE_LOOP('',(#3329,#3330,#3331,#3332));
#3329 = ORIENTED_EDGE('',*,*,#3290,.F.);
#3330 = ORIENTED_EDGE('',*,*,#1128,.T.);
#3331 = ORIENTED_EDGE('',*,*,#3316,.T.);
#3332 = ORIENTED_EDGE('',*,*,#3333,.T.);
#3333 = EDGE_CURVE('',#3307,#3283,#3334,.T.);
#3334 = CIRCLE('',#3335,5.);
#3335 = AXIS2_PLACEMENT_3D('',#3336,#3337,#3338);
#3336 = CARTESIAN_POINT('',(-103.,-3.8,4.));
#3337 = DIRECTION('',(0.,1.,0.));
#3338 = DIRECTION('',(-1.,0.,0.));
#3339 = CYLINDRICAL_SURFACE('',#3340,5.);
#3340 = AXIS2_PLACEMENT_3D('',#3341,#3342,#3343);
#3341 = CARTESIAN_POINT('',(-103.,0.,4.));
#3342 = DIRECTION('',(0.,-1.,0.));
#3343 = DIRECTION('',(-1.,0.,0.));
#3344 = ADVANCED_FACE('',(#3345),#3371,.F.);
#3345 = FACE_BOUND('',#3346,.F.);
#3346 = EDGE_LOOP('',(#3347,#3348,#3356,#3365));
#3347 = ORIENTED_EDGE('',*,*,#3267,.F.);
#3348 = ORIENTED_EDGE('',*,*,#3349,.T.);
#3349 = EDGE_CURVE('',#3260,#3350,#3352,.T.);
#3350 = VERTEX_POINT('',#3351);
#3351 = CARTESIAN_POINT('',(-97.8,-4.,-4.));
#3352 = LINE('',#3353,#3354);
#3353 = CARTESIAN_POINT('',(-98.,-3.8,-4.));
#3354 = VECTOR('',#3355,1.);
#3355 = DIRECTION('',(0.707106781187,-0.707106781187,0.));
#3356 = ORIENTED_EDGE('',*,*,#3357,.F.);
#3357 = EDGE_CURVE('',#3358,#3350,#3360,.T.);
#3358 = VERTEX_POINT('',#3359);
#3359 = CARTESIAN_POINT('',(-108.2,-4.,-4.));
#3360 = CIRCLE('',#3361,5.2);
#3361 = AXIS2_PLACEMENT_3D('',#3362,#3363,#3364);
#3362 = CARTESIAN_POINT('',(-103.,-4.,-4.));
#3363 = DIRECTION('',(0.,-1.,0.));
#3364 = DIRECTION('',(1.,0.,0.));
#3365 = ORIENTED_EDGE('',*,*,#3366,.T.);
#3366 = EDGE_CURVE('',#3358,#3251,#3367,.T.);
#3367 = LINE('',#3368,#3369);
#3368 = CARTESIAN_POINT('',(-108.2,-4.,-4.));
#3369 = VECTOR('',#3370,1.);
#3370 = DIRECTION('',(0.707106781187,0.707106781187,1.96E-15));
#3371 = CONICAL_SURFACE('',#3372,5.1,0.785398163397);
#3372 = AXIS2_PLACEMENT_3D('',#3373,#3374,#3375);
#3373 = CARTESIAN_POINT('',(-103.,-3.9,-4.));
#3374 = DIRECTION('',(0.,-1.,0.));
#3375 = DIRECTION('',(1.,0.,0.));
#3376 = ADVANCED_FACE('',(#3377),#3395,.T.);
#3377 = FACE_BOUND('',#3378,.T.);
#3378 = EDGE_LOOP('',(#3379,#3380,#3388,#3394));
#3379 = ORIENTED_EDGE('',*,*,#3349,.T.);
#3380 = ORIENTED_EDGE('',*,*,#3381,.T.);
#3381 = EDGE_CURVE('',#3350,#3382,#3384,.T.);
#3382 = VERTEX_POINT('',#3383);
#3383 = CARTESIAN_POINT('',(-97.8,-4.,4.));
#3384 = LINE('',#3385,#3386);
#3385 = CARTESIAN_POINT('',(-97.8,-4.,-2.));
#3386 = VECTOR('',#3387,1.);
#3387 = DIRECTION('',(0.,0.,1.));
#3388 = ORIENTED_EDGE('',*,*,#3389,.F.);
#3389 = EDGE_CURVE('',#3283,#3382,#3390,.T.);
#3390 = LINE('',#3391,#3392);
#3391 = CARTESIAN_POINT('',(-98.,-3.8,4.));
#3392 = VECTOR('',#3393,1.);
#3393 = DIRECTION('',(0.707106781187,-0.707106781187,0.));
#3394 = ORIENTED_EDGE('',*,*,#3282,.T.);
#3395 = PLANE('',#3396);
#3396 = AXIS2_PLACEMENT_3D('',#3397,#3398,#3399);
#3397 = CARTESIAN_POINT('',(-97.9,-3.9,-2.));
#3398 = DIRECTION('',(-0.707106781187,-0.707106781187,0.));
#3399 = DIRECTION('',(0.,0.,1.));
#3400 = ADVANCED_FACE('',(#3401),#3420,.F.);
#3401 = FACE_BOUND('',#3402,.F.);
#3402 = EDGE_LOOP('',(#3403,#3404,#3412,#3419));
#3403 = ORIENTED_EDGE('',*,*,#3333,.F.);
#3404 = ORIENTED_EDGE('',*,*,#3405,.T.);
#3405 = EDGE_CURVE('',#3307,#3406,#3408,.T.);
#3406 = VERTEX_POINT('',#3407);
#3407 = CARTESIAN_POINT('',(-108.2,-4.,4.));
#3408 = LINE('',#3409,#3410);
#3409 = CARTESIAN_POINT('',(-108.,-3.8,4.));
#3410 = VECTOR('',#3411,1.);
#3411 = DIRECTION('',(-0.707106781187,-0.707106781187,0.));
#3412 = ORIENTED_EDGE('',*,*,#3413,.F.);
#3413 = EDGE_CURVE('',#3382,#3406,#3414,.T.);
#3414 = CIRCLE('',#3415,5.2);
#3415 = AXIS2_PLACEMENT_3D('',#3416,#3417,#3418);
#3416 = CARTESIAN_POINT('',(-103.,-4.,4.));
#3417 = DIRECTION('',(0.,-1.,0.));
#3418 = DIRECTION('',(-1.,0.,0.));
#3419 = ORIENTED_EDGE('',*,*,#3389,.F.);
#3420 = CONICAL_SURFACE('',#3421,5.1,0.785398163397);
#3421 = AXIS2_PLACEMENT_3D('',#3422,#3423,#3424);
#3422 = CARTESIAN_POINT('',(-103.,-3.9,4.));
#3423 = DIRECTION('',(0.,-1.,0.));
#3424 = DIRECTION('',(-1.,0.,0.));
#3425 = ADVANCED_FACE('',(#3426),#3437,.T.);
#3426 = FACE_BOUND('',#3427,.T.);
#3427 = EDGE_LOOP('',(#3428,#3429,#3435,#3436));
#3428 = ORIENTED_EDGE('',*,*,#3405,.T.);
#3429 = ORIENTED_EDGE('',*,*,#3430,.T.);
#3430 = EDGE_CURVE('',#3406,#3358,#3431,.T.);
#3431 = LINE('',#3432,#3433);
#3432 = CARTESIAN_POINT('',(-108.2,-4.,2.));
#3433 = VECTOR('',#3434,1.);
#3434 = DIRECTION('',(0.,0.,-1.));
#3435 = ORIENTED_EDGE('',*,*,#3366,.T.);
#3436 = ORIENTED_EDGE('',*,*,#3306,.T.);
#3437 = PLANE('',#3438);
#3438 = AXIS2_PLACEMENT_3D('',#3439,#3440,#3441);
#3439 = CARTESIAN_POINT('',(-108.1,-3.9,2.));
#3440 = DIRECTION('',(0.707106781187,-0.707106781187,0.));
#3441 = DIRECTION('',(0.,0.,-1.));
#3442 = ADVANCED_FACE('',(#3443),#3454,.T.);
#3443 = FACE_BOUND('',#3444,.T.);
#3444 = EDGE_LOOP('',(#3445));
#3445 = ORIENTED_EDGE('',*,*,#3446,.F.);
#3446 = EDGE_CURVE('',#3447,#3447,#3449,.T.);
#3447 = VERTEX_POINT('',#3448);
#3448 = CARTESIAN_POINT('',(-99.16776695296,-3.,-9.782233047034));
#3449 = CIRCLE('',#3450,0.9);
#3450 = AXIS2_PLACEMENT_3D('',#3451,#3452,#3453);
#3451 = CARTESIAN_POINT('',(-98.26776695296,-3.,-9.782233047034));
#3452 = DIRECTION('',(0.,-1.,0.));
#3453 = DIRECTION('',(-1.,0.,0.));
#3454 = PLANE('',#3455);
#3455 = AXIS2_PLACEMENT_3D('',#3456,#3457,#3458);
#3456 = CARTESIAN_POINT('',(-107.732233047,-3.,9.782233047034));
#3457 = DIRECTION('',(0.,1.,0.));
#3458 = DIRECTION('',(-1.,0.,0.));
#3459 = ADVANCED_FACE('',(#3460),#3470,.F.);
#3460 = FACE_BOUND('',#3461,.F.);
#3461 = EDGE_LOOP('',(#3462,#3463,#3468,#3469));
#3462 = ORIENTED_EDGE('',*,*,#3446,.F.);
#3463 = ORIENTED_EDGE('',*,*,#3464,.F.);
#3464 = EDGE_CURVE('',#1155,#3447,#3465,.T.);
#3465 = B_SPLINE_CURVE_WITH_KNOTS('',1,(#3466,#3467),.UNSPECIFIED.,.F.,
  .F.,(2,2),(0.,3.),.PIECEWISE_BEZIER_KNOTS.);
#3466 = CARTESIAN_POINT('',(-99.16776695296,0.,-9.782233047034));
#3467 = CARTESIAN_POINT('',(-99.16776695296,-3.,-9.782233047034));
#3468 = ORIENTED_EDGE('',*,*,#1154,.T.);
#3469 = ORIENTED_EDGE('',*,*,#3464,.T.);
#3470 = CYLINDRICAL_SURFACE('',#3471,0.9);
#3471 = AXIS2_PLACEMENT_3D('',#3472,#3473,#3474);
#3472 = CARTESIAN_POINT('',(-98.26776695296,0.,-9.782233047034));
#3473 = DIRECTION('',(0.,-1.,0.));
#3474 = DIRECTION('',(-1.,0.,0.));
#3475 = ADVANCED_FACE('',(#3476),#3487,.T.);
#3476 = FACE_BOUND('',#3477,.T.);
#3477 = EDGE_LOOP('',(#3478));
#3478 = ORIENTED_EDGE('',*,*,#3479,.F.);
#3479 = EDGE_CURVE('',#3480,#3480,#3482,.T.);
#3480 = VERTEX_POINT('',#3481);
#3481 = CARTESIAN_POINT('',(-99.16776695296,-3.,9.782233047034));
#3482 = CIRCLE('',#3483,0.9);
#3483 = AXIS2_PLACEMENT_3D('',#3484,#3485,#3486);
#3484 = CARTESIAN_POINT('',(-98.26776695296,-3.,9.782233047034));
#3485 = DIRECTION('',(0.,-1.,0.));
#3486 = DIRECTION('',(-1.,0.,0.));
#3487 = PLANE('',#3488);
#3488 = AXIS2_PLACEMENT_3D('',#3489,#3490,#3491);
#3489 = CARTESIAN_POINT('',(-107.732233047,-3.,9.782233047034));
#3490 = DIRECTION('',(0.,1.,0.));
#3491 = DIRECTION('',(-1.,0.,0.));
#3492 = ADVANCED_FACE('',(#3493),#3503,.F.);
#3493 = FACE_BOUND('',#3494,.F.);
#3494 = EDGE_LOOP('',(#3495,#3496,#3501,#3502));
#3495 = ORIENTED_EDGE('',*,*,#3479,.F.);
#3496 = ORIENTED_EDGE('',*,*,#3497,.F.);
#3497 = EDGE_CURVE('',#1166,#3480,#3498,.T.);
#3498 = B_SPLINE_CURVE_WITH_KNOTS('',1,(#3499,#3500),.UNSPECIFIED.,.F.,
  .F.,(2,2),(0.,3.),.PIECEWISE_BEZIER_KNOTS.);
#3499 = CARTESIAN_POINT('',(-99.16776695296,0.,9.782233047034));
#3500 = CARTESIAN_POINT('',(-99.16776695296,-3.,9.782233047034));
#3501 = ORIENTED_EDGE('',*,*,#1165,.T.);
#3502 = ORIENTED_EDGE('',*,*,#3497,.T.);
#3503 = CYLINDRICAL_SURFACE('',#3504,0.9);
#3504 = AXIS2_PLACEMENT_3D('',#3505,#3506,#3507);
#3505 = CARTESIAN_POINT('',(-98.26776695296,0.,9.782233047034));
#3506 = DIRECTION('',(0.,-1.,0.));
#3507 = DIRECTION('',(-1.,0.,0.));
#3508 = ADVANCED_FACE('',(#3509),#3520,.T.);
#3509 = FACE_BOUND('',#3510,.T.);
#3510 = EDGE_LOOP('',(#3511));
#3511 = ORIENTED_EDGE('',*,*,#3512,.F.);
#3512 = EDGE_CURVE('',#3513,#3513,#3515,.T.);
#3513 = VERTEX_POINT('',#3514);
#3514 = CARTESIAN_POINT('',(-108.632233047,-3.,-9.782233047034));
#3515 = CIRCLE('',#3516,0.9);
#3516 = AXIS2_PLACEMENT_3D('',#3517,#3518,#3519);
#3517 = CARTESIAN_POINT('',(-107.732233047,-3.,-9.782233047034));
#3518 = DIRECTION('',(0.,-1.,0.));
#3519 = DIRECTION('',(-1.,0.,0.));
#3520 = PLANE('',#3521);
#3521 = AXIS2_PLACEMENT_3D('',#3522,#3523,#3524);
#3522 = CARTESIAN_POINT('',(-107.732233047,-3.,9.782233047034));
#3523 = DIRECTION('',(0.,1.,0.));
#3524 = DIRECTION('',(-1.,0.,0.));
#3525 = ADVANCED_FACE('',(#3526),#3536,.F.);
#3526 = FACE_BOUND('',#3527,.F.);
#3527 = EDGE_LOOP('',(#3528,#3529,#3534,#3535));
#3528 = ORIENTED_EDGE('',*,*,#3512,.F.);
#3529 = ORIENTED_EDGE('',*,*,#3530,.F.);
#3530 = EDGE_CURVE('',#1177,#3513,#3531,.T.);
#3531 = B_SPLINE_CURVE_WITH_KNOTS('',1,(#3532,#3533),.UNSPECIFIED.,.F.,
  .F.,(2,2),(0.,3.),.PIECEWISE_BEZIER_KNOTS.);
#3532 = CARTESIAN_POINT('',(-108.632233047,0.,-9.782233047034));
#3533 = CARTESIAN_POINT('',(-108.632233047,-3.,-9.782233047034));
#3534 = ORIENTED_EDGE('',*,*,#1176,.T.);
#3535 = ORIENTED_EDGE('',*,*,#3530,.T.);
#3536 = CYLINDRICAL_SURFACE('',#3537,0.9);
#3537 = AXIS2_PLACEMENT_3D('',#3538,#3539,#3540);
#3538 = CARTESIAN_POINT('',(-107.732233047,0.,-9.782233047034));
#3539 = DIRECTION('',(0.,-1.,0.));
#3540 = DIRECTION('',(-1.,0.,0.));
#3541 = ADVANCED_FACE('',(#3542),#3553,.T.);
#3542 = FACE_BOUND('',#3543,.T.);
#3543 = EDGE_LOOP('',(#3544));
#3544 = ORIENTED_EDGE('',*,*,#3545,.F.);
#3545 = EDGE_CURVE('',#3546,#3546,#3548,.T.);
#3546 = VERTEX_POINT('',#3547);
#3547 = CARTESIAN_POINT('',(-108.632233047,-3.,9.782233047034));
#3548 = CIRCLE('',#3549,0.9);
#3549 = AXIS2_PLACEMENT_3D('',#3550,#3551,#3552);
#3550 = CARTESIAN_POINT('',(-107.732233047,-3.,9.782233047034));
#3551 = DIRECTION('',(0.,-1.,0.));
#3552 = DIRECTION('',(-1.,0.,0.));
#3553 = PLANE('',#3554);
#3554 = AXIS2_PLACEMENT_3D('',#3555,#3556,#3557);
#3555 = CARTESIAN_POINT('',(-107.732233047,-3.,9.782233047034));
#3556 = DIRECTION('',(0.,1.,0.));
#3557 = DIRECTION('',(-1.,0.,0.));
#3558 = ADVANCED_FACE('',(#3559),#3569,.F.);
#3559 = FACE_BOUND('',#3560,.F.);
#3560 = EDGE_LOOP('',(#3561,#3562,#3567,#3568));
#3561 = ORIENTED_EDGE('',*,*,#3545,.F.);
#3562 = ORIENTED_EDGE('',*,*,#3563,.F.);
#3563 = EDGE_CURVE('',#1188,#3546,#3564,.T.);
#3564 = B_SPLINE_CURVE_WITH_KNOTS('',1,(#3565,#3566),.UNSPECIFIED.,.F.,
  .F.,(2,2),(0.,3.),.PIECEWISE_BEZIER_KNOTS.);
#3565 = CARTESIAN_POINT('',(-108.632233047,0.,9.782233047034));
#3566 = CARTESIAN_POINT('',(-108.632233047,-3.,9.782233047034));
#3567 = ORIENTED_EDGE('',*,*,#1187,.T.);
#3568 = ORIENTED_EDGE('',*,*,#3563,.T.);
#3569 = CYLINDRICAL_SURFACE('',#3570,0.9);
#3570 = AXIS2_PLACEMENT_3D('',#3571,#3572,#3573);
#3571 = CARTESIAN_POINT('',(-107.732233047,0.,9.782233047034));
#3572 = DIRECTION('',(0.,-1.,0.));
#3573 = DIRECTION('',(-1.,0.,0.));
#3574 = ADVANCED_FACE('',(#3575),#3600,.T.);
#3575 = FACE_BOUND('',#3576,.T.);
#3576 = EDGE_LOOP('',(#3577,#3587,#3593,#3594));
#3577 = ORIENTED_EDGE('',*,*,#3578,.F.);
#3578 = EDGE_CURVE('',#3579,#3581,#3583,.T.);
#3579 = VERTEX_POINT('',#3580);
#3580 = CARTESIAN_POINT('',(-123.5,-1.,-22.15));
#3581 = VERTEX_POINT('',#3582);
#3582 = CARTESIAN_POINT('',(-127.5,-1.,-18.15));
#3583 = LINE('',#3584,#3585);
#3584 = CARTESIAN_POINT('',(-99.1625,-1.,-46.4875));
#3585 = VECTOR('',#3586,1.);
#3586 = DIRECTION('',(-0.707106781187,0.,0.707106781187));
#3587 = ORIENTED_EDGE('',*,*,#3588,.T.);
#3588 = EDGE_CURVE('',#3579,#782,#3589,.T.);
#3589 = LINE('',#3590,#3591);
#3590 = CARTESIAN_POINT('',(-123.5,0.,-22.15));
#3591 = VECTOR('',#3592,1.);
#3592 = DIRECTION('',(0.,-1.,0.));
#3593 = ORIENTED_EDGE('',*,*,#781,.F.);
#3594 = ORIENTED_EDGE('',*,*,#3595,.T.);
#3595 = EDGE_CURVE('',#774,#3581,#3596,.T.);
#3596 = LINE('',#3597,#3598);
#3597 = CARTESIAN_POINT('',(-127.5,0.,-18.15));
#3598 = VECTOR('',#3599,1.);
#3599 = DIRECTION('',(0.,1.,0.));
#3600 = PLANE('',#3601);
#3601 = AXIS2_PLACEMENT_3D('',#3602,#3603,#3604);
#3602 = CARTESIAN_POINT('',(-125.5,0.,-20.15));
#3603 = DIRECTION('',(-0.707106781187,0.,-0.707106781187));
#3604 = DIRECTION('',(-0.707106781187,0.,0.707106781187));
#3605 = ADVANCED_FACE('',(#3606),#3624,.T.);
#3606 = FACE_BOUND('',#3607,.T.);
#3607 = EDGE_LOOP('',(#3608,#3616,#3617,#3618));
#3608 = ORIENTED_EDGE('',*,*,#3609,.F.);
#3609 = EDGE_CURVE('',#3581,#3610,#3612,.T.);
#3610 = VERTEX_POINT('',#3611);
#3611 = CARTESIAN_POINT('',(-127.5,-1.,18.15));
#3612 = LINE('',#3613,#3614);
#3613 = CARTESIAN_POINT('',(-127.5,-1.,11.075));
#3614 = VECTOR('',#3615,1.);
#3615 = DIRECTION('',(1.2E-15,0.,1.));
#3616 = ORIENTED_EDGE('',*,*,#3595,.F.);
#3617 = ORIENTED_EDGE('',*,*,#952,.F.);
#3618 = ORIENTED_EDGE('',*,*,#3619,.F.);
#3619 = EDGE_CURVE('',#3610,#915,#3620,.T.);
#3620 = LINE('',#3621,#3622);
#3621 = CARTESIAN_POINT('',(-127.5,0.,18.15));
#3622 = VECTOR('',#3623,1.);
#3623 = DIRECTION('',(0.,-1.,0.));
#3624 = PLANE('',#3625);
#3625 = AXIS2_PLACEMENT_3D('',#3626,#3627,#3628);
#3626 = CARTESIAN_POINT('',(-127.5,0.,22.15));
#3627 = DIRECTION('',(-1.,0.,0.));
#3628 = DIRECTION('',(0.,0.,-1.));
#3629 = ADVANCED_FACE('',(#3630),#3648,.T.);
#3630 = FACE_BOUND('',#3631,.T.);
#3631 = EDGE_LOOP('',(#3632,#3640,#3641,#3642));
#3632 = ORIENTED_EDGE('',*,*,#3633,.F.);
#3633 = EDGE_CURVE('',#3610,#3634,#3636,.T.);
#3634 = VERTEX_POINT('',#3635);
#3635 = CARTESIAN_POINT('',(-123.5,-1.,22.15));
#3636 = LINE('',#3637,#3638);
#3637 = CARTESIAN_POINT('',(-99.1625,-1.,46.4875));
#3638 = VECTOR('',#3639,1.);
#3639 = DIRECTION('',(0.707106781187,0.,0.707106781187));
#3640 = ORIENTED_EDGE('',*,*,#3619,.T.);
#3641 = ORIENTED_EDGE('',*,*,#914,.F.);
#3642 = ORIENTED_EDGE('',*,*,#3643,.T.);
#3643 = EDGE_CURVE('',#907,#3634,#3644,.T.);
#3644 = LINE('',#3645,#3646);
#3645 = CARTESIAN_POINT('',(-123.5,0.,22.15));
#3646 = VECTOR('',#3647,1.);
#3647 = DIRECTION('',(0.,1.,0.));
#3648 = PLANE('',#3649);
#3649 = AXIS2_PLACEMENT_3D('',#3650,#3651,#3652);
#3650 = CARTESIAN_POINT('',(-125.5,0.,20.15));
#3651 = DIRECTION('',(-0.707106781187,0.,0.707106781187));
#3652 = DIRECTION('',(0.707106781187,0.,0.707106781187));
#3653 = ADVANCED_FACE('',(#3654,#3664),#3725,.T.);
#3654 = FACE_BOUND('',#3655,.T.);
#3655 = EDGE_LOOP('',(#3656,#3657,#3658,#3659,#3660,#3661,#3662,#3663));
#3656 = ORIENTED_EDGE('',*,*,#93,.F.);
#3657 = ORIENTED_EDGE('',*,*,#328,.F.);
#3658 = ORIENTED_EDGE('',*,*,#294,.F.);
#3659 = ORIENTED_EDGE('',*,*,#264,.F.);
#3660 = ORIENTED_EDGE('',*,*,#230,.F.);
#3661 = ORIENTED_EDGE('',*,*,#200,.F.);
#3662 = ORIENTED_EDGE('',*,*,#166,.F.);
#3663 = ORIENTED_EDGE('',*,*,#136,.F.);
#3664 = FACE_BOUND('',#3665,.T.);
#3665 = EDGE_LOOP('',(#3666,#3674,#3682,#3691,#3699,#3708,#3716,#3722,
    #3723,#3724));
#3666 = ORIENTED_EDGE('',*,*,#3667,.F.);
#3667 = EDGE_CURVE('',#3668,#874,#3670,.T.);
#3668 = VERTEX_POINT('',#3669);
#3669 = CARTESIAN_POINT('',(110.,-1.,22.15));
#3670 = LINE('',#3671,#3672);
#3671 = CARTESIAN_POINT('',(63.75,-1.,22.15));
#3672 = VECTOR('',#3673,1.);
#3673 = DIRECTION('',(1.,0.,0.));
#3674 = ORIENTED_EDGE('',*,*,#3675,.F.);
#3675 = EDGE_CURVE('',#3676,#3668,#3678,.T.);
#3676 = VERTEX_POINT('',#3677);
#3677 = CARTESIAN_POINT('',(110.,167.2,22.15));
#3678 = LINE('',#3679,#3680);
#3679 = CARTESIAN_POINT('',(110.,0.,22.15));
#3680 = VECTOR('',#3681,1.);
#3681 = DIRECTION('',(0.,-1.,0.));
#3682 = ORIENTED_EDGE('',*,*,#3683,.F.);
#3683 = EDGE_CURVE('',#3684,#3676,#3686,.T.);
#3684 = VERTEX_POINT('',#3685);
#3685 = CARTESIAN_POINT('',(76.85,200.35,22.15));
#3686 = CIRCLE('',#3687,33.15);
#3687 = AXIS2_PLACEMENT_3D('',#3688,#3689,#3690);
#3688 = CARTESIAN_POINT('',(76.85,167.2,22.15));
#3689 = DIRECTION('',(0.,0.,-1.));
#3690 = DIRECTION('',(0.707106781187,0.707106781187,0.));
#3691 = ORIENTED_EDGE('',*,*,#3692,.F.);
#3692 = EDGE_CURVE('',#3693,#3684,#3695,.T.);
#3693 = VERTEX_POINT('',#3694);
#3694 = CARTESIAN_POINT('',(-60.35,200.35,22.15));
#3695 = LINE('',#3696,#3697);
#3696 = CARTESIAN_POINT('',(67.875,200.35,22.15));
#3697 = VECTOR('',#3698,1.);
#3698 = DIRECTION('',(1.,0.,0.));
#3699 = ORIENTED_EDGE('',*,*,#3700,.F.);
#3700 = EDGE_CURVE('',#3701,#3693,#3703,.T.);
#3701 = VERTEX_POINT('',#3702);
#3702 = CARTESIAN_POINT('',(-93.5,167.2,22.15));
#3703 = CIRCLE('',#3704,33.15);
#3704 = AXIS2_PLACEMENT_3D('',#3705,#3706,#3707);
#3705 = CARTESIAN_POINT('',(-60.35,167.2,22.15));
#3706 = DIRECTION('',(0.,0.,-1.));
#3707 = DIRECTION('',(-0.707106781187,0.707106781187,0.));
#3708 = ORIENTED_EDGE('',*,*,#3709,.F.);
#3709 = EDGE_CURVE('',#3710,#3701,#3712,.T.);
#3710 = VERTEX_POINT('',#3711);
#3711 = CARTESIAN_POINT('',(-93.5,-1.,22.15));
#3712 = LINE('',#3713,#3714);
#3713 = CARTESIAN_POINT('',(-93.5,0.,22.15));
#3714 = VECTOR('',#3715,1.);
#3715 = DIRECTION('',(0.,1.,0.));
#3716 = ORIENTED_EDGE('',*,*,#3717,.F.);
#3717 = EDGE_CURVE('',#3634,#3710,#3718,.T.);
#3718 = LINE('',#3719,#3720);
#3719 = CARTESIAN_POINT('',(63.75,-1.,22.15));
#3720 = VECTOR('',#3721,1.);
#3721 = DIRECTION('',(1.,0.,0.));
#3722 = ORIENTED_EDGE('',*,*,#3643,.F.);
#3723 = ORIENTED_EDGE('',*,*,#974,.F.);
#3724 = ORIENTED_EDGE('',*,*,#883,.F.);
#3725 = PLANE('',#3726);
#3726 = AXIS2_PLACEMENT_3D('',#3727,#3728,#3729);
#3727 = CARTESIAN_POINT('',(127.5,0.,22.15));
#3728 = DIRECTION('',(0.,0.,1.));
#3729 = DIRECTION('',(-1.,0.,0.));
#3730 = ADVANCED_FACE('',(#3731,#3737,#3743,#3749),#3790,.F.);
#3731 = FACE_BOUND('',#3732,.T.);
#3732 = EDGE_LOOP('',(#3733,#3734,#3735,#3736));
#3733 = ORIENTED_EDGE('',*,*,#2627,.T.);
#3734 = ORIENTED_EDGE('',*,*,#2643,.T.);
#3735 = ORIENTED_EDGE('',*,*,#1986,.T.);
#3736 = ORIENTED_EDGE('',*,*,#2009,.T.);
#3737 = FACE_BOUND('',#3738,.T.);
#3738 = EDGE_LOOP('',(#3739,#3740,#3741,#3742));
#3739 = ORIENTED_EDGE('',*,*,#1834,.T.);
#3740 = ORIENTED_EDGE('',*,*,#2601,.T.);
#3741 = ORIENTED_EDGE('',*,*,#2578,.T.);
#3742 = ORIENTED_EDGE('',*,*,#1801,.T.);
#3743 = FACE_BOUND('',#3744,.T.);
#3744 = EDGE_LOOP('',(#3745,#3746,#3747,#3748));
#3745 = ORIENTED_EDGE('',*,*,#1650,.T.);
#3746 = ORIENTED_EDGE('',*,*,#2559,.T.);
#3747 = ORIENTED_EDGE('',*,*,#2536,.T.);
#3748 = ORIENTED_EDGE('',*,*,#1617,.T.);
#3749 = FACE_BOUND('',#3750,.T.);
#3750 = EDGE_LOOP('',(#3751,#3759,#3767,#3775,#3783,#3789));
#3751 = ORIENTED_EDGE('',*,*,#3752,.F.);
#3752 = EDGE_CURVE('',#3753,#1451,#3755,.T.);
#3753 = VERTEX_POINT('',#3754);
#3754 = CARTESIAN_POINT('',(123.08578643762,0.,21.15));
#3755 = LINE('',#3756,#3757);
#3756 = CARTESIAN_POINT('',(63.75,0.,21.15));
#3757 = VECTOR('',#3758,1.);
#3758 = DIRECTION('',(-1.,0.,0.));
#3759 = ORIENTED_EDGE('',*,*,#3760,.F.);
#3760 = EDGE_CURVE('',#3761,#3753,#3763,.T.);
#3761 = VERTEX_POINT('',#3762);
#3762 = CARTESIAN_POINT('',(126.5,0.,17.735786437627));
#3763 = LINE('',#3764,#3765);
#3764 = CARTESIAN_POINT('',(98.455393218813,0.,45.780393218814));
#3765 = VECTOR('',#3766,1.);
#3766 = DIRECTION('',(-0.707106781187,0.,0.707106781187));
#3767 = ORIENTED_EDGE('',*,*,#3768,.F.);
#3768 = EDGE_CURVE('',#3769,#3761,#3771,.T.);
#3769 = VERTEX_POINT('',#3770);
#3770 = CARTESIAN_POINT('',(126.5,0.,-17.73578643762));
#3771 = LINE('',#3772,#3773);
#3772 = CARTESIAN_POINT('',(126.5,0.,-11.075));
#3773 = VECTOR('',#3774,1.);
#3774 = DIRECTION('',(-8.E-16,0.,1.));
#3775 = ORIENTED_EDGE('',*,*,#3776,.F.);
#3776 = EDGE_CURVE('',#3777,#3769,#3779,.T.);
#3777 = VERTEX_POINT('',#3778);
#3778 = CARTESIAN_POINT('',(123.08578643762,0.,-21.15));
#3779 = LINE('',#3780,#3781);
#3780 = CARTESIAN_POINT('',(98.455393218813,0.,-45.78039321881));
#3781 = VECTOR('',#3782,1.);
#3782 = DIRECTION('',(0.707106781187,0.,0.707106781187));
#3783 = ORIENTED_EDGE('',*,*,#3784,.F.);
#3784 = EDGE_CURVE('',#1459,#3777,#3785,.T.);
#3785 = LINE('',#3786,#3787);
#3786 = CARTESIAN_POINT('',(-63.75,0.,-21.15));
#3787 = VECTOR('',#3788,1.);
#3788 = DIRECTION('',(1.,0.,0.));
#3789 = ORIENTED_EDGE('',*,*,#1458,.T.);
#3790 = PLANE('',#3791);
#3791 = AXIS2_PLACEMENT_3D('',#3792,#3793,#3794);
#3792 = CARTESIAN_POINT('',(8.25,0.,1.23013E-12));
#3793 = DIRECTION('',(0.,-1.,0.));
#3794 = DIRECTION('',(1.,0.,0.));
#3795 = ADVANCED_FACE('',(#3796),#3812,.T.);
#3796 = FACE_BOUND('',#3797,.T.);
#3797 = EDGE_LOOP('',(#3798,#3799,#3805,#3806));
#3798 = ORIENTED_EDGE('',*,*,#1450,.T.);
#3799 = ORIENTED_EDGE('',*,*,#3800,.F.);
#3800 = EDGE_CURVE('',#3676,#454,#3801,.T.);
#3801 = LINE('',#3802,#3803);
#3802 = CARTESIAN_POINT('',(110.,167.2,22.15));
#3803 = VECTOR('',#3804,1.);
#3804 = DIRECTION('',(0.707106781187,0.,-0.707106781187));
#3805 = ORIENTED_EDGE('',*,*,#3675,.T.);
#3806 = ORIENTED_EDGE('',*,*,#3807,.T.);
#3807 = EDGE_CURVE('',#3668,#1451,#3808,.T.);
#3808 = LINE('',#3809,#3810);
#3809 = CARTESIAN_POINT('',(110.,-1.,22.15));
#3810 = VECTOR('',#3811,1.);
#3811 = DIRECTION('',(0.57735026919,0.57735026919,-0.57735026919));
#3812 = PLANE('',#3813);
#3813 = AXIS2_PLACEMENT_3D('',#3814,#3815,#3816);
#3814 = CARTESIAN_POINT('',(110.5,0.,21.65));
#3815 = DIRECTION('',(0.707106781187,0.,0.707106781187));
#3816 = DIRECTION('',(0.707106781187,0.,-0.707106781187));
#3817 = ADVANCED_FACE('',(#3818),#3829,.T.);
#3818 = FACE_BOUND('',#3819,.T.);
#3819 = EDGE_LOOP('',(#3820,#3821,#3822,#3828));
#3820 = ORIENTED_EDGE('',*,*,#3800,.T.);
#3821 = ORIENTED_EDGE('',*,*,#453,.T.);
#3822 = ORIENTED_EDGE('',*,*,#3823,.F.);
#3823 = EDGE_CURVE('',#3684,#423,#3824,.T.);
#3824 = LINE('',#3825,#3826);
#3825 = CARTESIAN_POINT('',(76.85,200.35,22.15));
#3826 = VECTOR('',#3827,1.);
#3827 = DIRECTION('',(0.,0.707106781187,-0.707106781187));
#3828 = ORIENTED_EDGE('',*,*,#3683,.T.);
#3829 = CONICAL_SURFACE('',#3830,33.65,0.785398163397);
#3830 = AXIS2_PLACEMENT_3D('',#3831,#3832,#3833);
#3831 = CARTESIAN_POINT('',(76.85,167.2,21.65));
#3832 = DIRECTION('',(0.,0.,-1.));
#3833 = DIRECTION('',(0.707106781187,0.707106781187,0.));
#3834 = ADVANCED_FACE('',(#3835),#3846,.T.);
#3835 = FACE_BOUND('',#3836,.T.);
#3836 = EDGE_LOOP('',(#3837,#3838,#3839,#3845));
#3837 = ORIENTED_EDGE('',*,*,#3823,.T.);
#3838 = ORIENTED_EDGE('',*,*,#422,.T.);
#3839 = ORIENTED_EDGE('',*,*,#3840,.F.);
#3840 = EDGE_CURVE('',#3693,#381,#3841,.T.);
#3841 = LINE('',#3842,#3843);
#3842 = CARTESIAN_POINT('',(-60.35,200.35,22.15));
#3843 = VECTOR('',#3844,1.);
#3844 = DIRECTION('',(0.,0.707106781187,-0.707106781186));
#3845 = ORIENTED_EDGE('',*,*,#3692,.T.);
#3846 = PLANE('',#3847);
#3847 = AXIS2_PLACEMENT_3D('',#3848,#3849,#3850);
#3848 = CARTESIAN_POINT('',(67.875,200.85,21.65));
#3849 = DIRECTION('',(0.,0.707106781187,0.707106781187));
#3850 = DIRECTION('',(1.,0.,-0.));
#3851 = ADVANCED_FACE('',(#3852),#3863,.T.);
#3852 = FACE_BOUND('',#3853,.T.);
#3853 = EDGE_LOOP('',(#3854,#3855,#3856,#3862));
#3854 = ORIENTED_EDGE('',*,*,#3840,.T.);
#3855 = ORIENTED_EDGE('',*,*,#380,.T.);
#3856 = ORIENTED_EDGE('',*,*,#3857,.F.);
#3857 = EDGE_CURVE('',#3701,#383,#3858,.T.);
#3858 = LINE('',#3859,#3860);
#3859 = CARTESIAN_POINT('',(-93.5,167.2,22.15));
#3860 = VECTOR('',#3861,1.);
#3861 = DIRECTION('',(-0.707106781187,0.,-0.707106781187));
#3862 = ORIENTED_EDGE('',*,*,#3700,.T.);
#3863 = CONICAL_SURFACE('',#3864,33.65,0.785398163398);
#3864 = AXIS2_PLACEMENT_3D('',#3865,#3866,#3867);
#3865 = CARTESIAN_POINT('',(-60.35,167.2,21.65));
#3866 = DIRECTION('',(0.,0.,-1.));
#3867 = DIRECTION('',(-0.707106781187,0.707106781187,0.));
#3868 = ADVANCED_FACE('',(#3869),#3885,.T.);
#3869 = FACE_BOUND('',#3870,.T.);
#3870 = EDGE_LOOP('',(#3871,#3872,#3873,#3879));
#3871 = ORIENTED_EDGE('',*,*,#3709,.T.);
#3872 = ORIENTED_EDGE('',*,*,#3857,.T.);
#3873 = ORIENTED_EDGE('',*,*,#3874,.T.);
#3874 = EDGE_CURVE('',#383,#1199,#3875,.T.);
#3875 = LINE('',#3876,#3877);
#3876 = CARTESIAN_POINT('',(-94.5,0.,21.15));
#3877 = VECTOR('',#3878,1.);
#3878 = DIRECTION('',(0.,-1.,0.));
#3879 = ORIENTED_EDGE('',*,*,#3880,.F.);
#3880 = EDGE_CURVE('',#3710,#1199,#3881,.T.);
#3881 = LINE('',#3882,#3883);
#3882 = CARTESIAN_POINT('',(-93.5,-1.,22.15));
#3883 = VECTOR('',#3884,1.);
#3884 = DIRECTION('',(-0.57735026919,0.57735026919,-0.57735026919));
#3885 = PLANE('',#3886);
#3886 = AXIS2_PLACEMENT_3D('',#3887,#3888,#3889);
#3887 = CARTESIAN_POINT('',(-94.,0.,21.65));
#3888 = DIRECTION('',(-0.707106781187,0.,0.707106781187));
#3889 = DIRECTION('',(0.707106781187,0.,0.707106781187));
#3890 = ADVANCED_FACE('',(#3891),#3902,.T.);
#3891 = FACE_BOUND('',#3892,.T.);
#3892 = EDGE_LOOP('',(#3893,#3894,#3900,#3901));
#3893 = ORIENTED_EDGE('',*,*,#1198,.T.);
#3894 = ORIENTED_EDGE('',*,*,#3895,.F.);
#3895 = EDGE_CURVE('',#3634,#1201,#3896,.T.);
#3896 = LINE('',#3897,#3898);
#3897 = CARTESIAN_POINT('',(-123.5,-1.,22.15));
#3898 = VECTOR('',#3899,1.);
#3899 = DIRECTION('',(0.281084637715,0.678598344546,-0.678598344546));
#3900 = ORIENTED_EDGE('',*,*,#3717,.T.);
#3901 = ORIENTED_EDGE('',*,*,#3880,.T.);
#3902 = PLANE('',#3903);
#3903 = AXIS2_PLACEMENT_3D('',#3904,#3905,#3906);
#3904 = CARTESIAN_POINT('',(67.875,-0.5,21.65));
#3905 = DIRECTION('',(0.,0.707106781187,0.707106781187));
#3906 = DIRECTION('',(1.,0.,-0.));
#3907 = ADVANCED_FACE('',(#3908),#3924,.T.);
#3908 = FACE_BOUND('',#3909,.T.);
#3909 = EDGE_LOOP('',(#3910,#3911,#3917,#3918));
#3910 = ORIENTED_EDGE('',*,*,#740,.T.);
#3911 = ORIENTED_EDGE('',*,*,#3912,.F.);
#3912 = EDGE_CURVE('',#3777,#743,#3913,.T.);
#3913 = LINE('',#3914,#3915);
#3914 = CARTESIAN_POINT('',(123.08578643762,0.,-21.15));
#3915 = VECTOR('',#3916,1.);
#3916 = DIRECTION('',(0.281084637715,-0.678598344546,-0.678598344546));
#3917 = ORIENTED_EDGE('',*,*,#3776,.T.);
#3918 = ORIENTED_EDGE('',*,*,#3919,.F.);
#3919 = EDGE_CURVE('',#741,#3769,#3920,.T.);
#3920 = LINE('',#3921,#3922);
#3921 = CARTESIAN_POINT('',(127.5,-1.,-18.15));
#3922 = VECTOR('',#3923,1.);
#3923 = DIRECTION('',(-0.678598344546,0.678598344546,0.281084637715));
#3924 = PLANE('',#3925);
#3925 = AXIS2_PLACEMENT_3D('',#3926,#3927,#3928);
#3926 = CARTESIAN_POINT('',(98.808946609407,-0.5,-46.1339466094));
#3927 = DIRECTION('',(0.5,0.707106781187,-0.5));
#3928 = DIRECTION('',(-0.707106781187,3.608224830032E-16,-0.707106781187
    ));
#3929 = ADVANCED_FACE('',(#3930),#3941,.T.);
#3930 = FACE_BOUND('',#3931,.T.);
#3931 = EDGE_LOOP('',(#3932,#3933,#3939,#3940));
#3932 = ORIENTED_EDGE('',*,*,#1240,.T.);
#3933 = ORIENTED_EDGE('',*,*,#3934,.F.);
#3934 = EDGE_CURVE('',#3610,#1233,#3935,.T.);
#3935 = LINE('',#3936,#3937);
#3936 = CARTESIAN_POINT('',(-127.5,-1.,18.15));
#3937 = VECTOR('',#3938,1.);
#3938 = DIRECTION('',(0.678598344546,0.678598344546,-0.281084637715));
#3939 = ORIENTED_EDGE('',*,*,#3633,.T.);
#3940 = ORIENTED_EDGE('',*,*,#3895,.T.);
#3941 = PLANE('',#3942);
#3942 = AXIS2_PLACEMENT_3D('',#3943,#3944,#3945);
#3943 = CARTESIAN_POINT('',(-98.8089466094,-0.5,46.133946609407));
#3944 = DIRECTION('',(-0.5,0.707106781187,0.5));
#3945 = DIRECTION('',(0.707106781187,-2.22044604925E-16,0.707106781187)
  );
#3946 = ADVANCED_FACE('',(#3947),#3972,.T.);
#3947 = FACE_BOUND('',#3948,.T.);
#3948 = EDGE_LOOP('',(#3949,#3959,#3965,#3966));
#3949 = ORIENTED_EDGE('',*,*,#3950,.T.);
#3950 = EDGE_CURVE('',#3951,#3953,#3955,.T.);
#3951 = VERTEX_POINT('',#3952);
#3952 = CARTESIAN_POINT('',(110.,-1.,-22.15));
#3953 = VERTEX_POINT('',#3954);
#3954 = CARTESIAN_POINT('',(110.,167.2,-22.15));
#3955 = LINE('',#3956,#3957);
#3956 = CARTESIAN_POINT('',(110.,0.,-22.15));
#3957 = VECTOR('',#3958,1.);
#3958 = DIRECTION('',(0.,1.,0.));
#3959 = ORIENTED_EDGE('',*,*,#3960,.F.);
#3960 = EDGE_CURVE('',#463,#3953,#3961,.T.);
#3961 = LINE('',#3962,#3963);
#3962 = CARTESIAN_POINT('',(111.,167.2,-21.15));
#3963 = VECTOR('',#3964,1.);
#3964 = DIRECTION('',(-0.707106781187,0.,-0.707106781187));
#3965 = ORIENTED_EDGE('',*,*,#1466,.T.);
#3966 = ORIENTED_EDGE('',*,*,#3967,.F.);
#3967 = EDGE_CURVE('',#3951,#1459,#3968,.T.);
#3968 = LINE('',#3969,#3970);
#3969 = CARTESIAN_POINT('',(110.,-1.,-22.15));
#3970 = VECTOR('',#3971,1.);
#3971 = DIRECTION('',(0.57735026919,0.57735026919,0.57735026919));
#3972 = PLANE('',#3973);
#3973 = AXIS2_PLACEMENT_3D('',#3974,#3975,#3976);
#3974 = CARTESIAN_POINT('',(110.5,0.,-21.65));
#3975 = DIRECTION('',(0.707106781187,0.,-0.707106781187));
#3976 = DIRECTION('',(-0.707106781187,0.,-0.707106781187));
#3977 = ADVANCED_FACE('',(#3978),#3997,.T.);
#3978 = FACE_BOUND('',#3979,.T.);
#3979 = EDGE_LOOP('',(#3980,#3988,#3989,#3990));
#3980 = ORIENTED_EDGE('',*,*,#3981,.F.);
#3981 = EDGE_CURVE('',#431,#3982,#3984,.T.);
#3982 = VERTEX_POINT('',#3983);
#3983 = CARTESIAN_POINT('',(76.85,200.35,-22.15));
#3984 = LINE('',#3985,#3986);
#3985 = CARTESIAN_POINT('',(76.85,201.35,-21.15));
#3986 = VECTOR('',#3987,1.);
#3987 = DIRECTION('',(0.,-0.707106781187,-0.707106781187));
#3988 = ORIENTED_EDGE('',*,*,#470,.T.);
#3989 = ORIENTED_EDGE('',*,*,#3960,.T.);
#3990 = ORIENTED_EDGE('',*,*,#3991,.T.);
#3991 = EDGE_CURVE('',#3953,#3982,#3992,.T.);
#3992 = CIRCLE('',#3993,33.15);
#3993 = AXIS2_PLACEMENT_3D('',#3994,#3995,#3996);
#3994 = CARTESIAN_POINT('',(76.85,167.2,-22.15));
#3995 = DIRECTION('',(0.,0.,1.));
#3996 = DIRECTION('',(0.707106781187,0.707106781187,-0.));
#3997 = CONICAL_SURFACE('',#3998,33.65,0.785398163397);
#3998 = AXIS2_PLACEMENT_3D('',#3999,#4000,#4001);
#3999 = CARTESIAN_POINT('',(76.85,167.2,-21.65));
#4000 = DIRECTION('',(0.,0.,1.));
#4001 = DIRECTION('',(0.707106781187,0.707106781187,-0.));
#4002 = ADVANCED_FACE('',(#4003),#4021,.T.);
#4003 = FACE_BOUND('',#4004,.T.);
#4004 = EDGE_LOOP('',(#4005,#4013,#4014,#4015));
#4005 = ORIENTED_EDGE('',*,*,#4006,.F.);
#4006 = EDGE_CURVE('',#392,#4007,#4009,.T.);
#4007 = VERTEX_POINT('',#4008);
#4008 = CARTESIAN_POINT('',(-60.35,200.35,-22.15));
#4009 = LINE('',#4010,#4011);
#4010 = CARTESIAN_POINT('',(-60.35,201.35,-21.15));
#4011 = VECTOR('',#4012,1.);
#4012 = DIRECTION('',(0.,-0.707106781187,-0.707106781187));
#4013 = ORIENTED_EDGE('',*,*,#438,.T.);
#4014 = ORIENTED_EDGE('',*,*,#3981,.T.);
#4015 = ORIENTED_EDGE('',*,*,#4016,.T.);
#4016 = EDGE_CURVE('',#3982,#4007,#4017,.T.);
#4017 = LINE('',#4018,#4019);
#4018 = CARTESIAN_POINT('',(-59.625,200.35,-22.15));
#4019 = VECTOR('',#4020,1.);
#4020 = DIRECTION('',(-1.,0.,0.));
#4021 = PLANE('',#4022);
#4022 = AXIS2_PLACEMENT_3D('',#4023,#4024,#4025);
#4023 = CARTESIAN_POINT('',(-59.625,200.85,-21.65));
#4024 = DIRECTION('',(0.,0.707106781187,-0.707106781187));
#4025 = DIRECTION('',(-1.,0.,0.));
#4026 = ADVANCED_FACE('',(#4027),#4046,.T.);
#4027 = FACE_BOUND('',#4028,.T.);
#4028 = EDGE_LOOP('',(#4029,#4037,#4038,#4039));
#4029 = ORIENTED_EDGE('',*,*,#4030,.F.);
#4030 = EDGE_CURVE('',#400,#4031,#4033,.T.);
#4031 = VERTEX_POINT('',#4032);
#4032 = CARTESIAN_POINT('',(-93.5,167.2,-22.15));
#4033 = LINE('',#4034,#4035);
#4034 = CARTESIAN_POINT('',(-94.5,167.2,-21.15));
#4035 = VECTOR('',#4036,1.);
#4036 = DIRECTION('',(0.707106781187,0.,-0.707106781187));
#4037 = ORIENTED_EDGE('',*,*,#399,.T.);
#4038 = ORIENTED_EDGE('',*,*,#4006,.T.);
#4039 = ORIENTED_EDGE('',*,*,#4040,.T.);
#4040 = EDGE_CURVE('',#4007,#4031,#4041,.T.);
#4041 = CIRCLE('',#4042,33.15);
#4042 = AXIS2_PLACEMENT_3D('',#4043,#4044,#4045);
#4043 = CARTESIAN_POINT('',(-60.35,167.2,-22.15));
#4044 = DIRECTION('',(0.,0.,1.));
#4045 = DIRECTION('',(-0.707106781187,0.707106781187,0.));
#4046 = CONICAL_SURFACE('',#4047,33.65,0.785398163398);
#4047 = AXIS2_PLACEMENT_3D('',#4048,#4049,#4050);
#4048 = CARTESIAN_POINT('',(-60.35,167.2,-21.65));
#4049 = DIRECTION('',(0.,0.,1.));
#4050 = DIRECTION('',(-0.707106781187,0.707106781187,0.));
#4051 = ADVANCED_FACE('',(#4052),#4068,.T.);
#4052 = FACE_BOUND('',#4053,.T.);
#4053 = EDGE_LOOP('',(#4054,#4055,#4061,#4062));
#4054 = ORIENTED_EDGE('',*,*,#1224,.T.);
#4055 = ORIENTED_EDGE('',*,*,#4056,.F.);
#4056 = EDGE_CURVE('',#3579,#1217,#4057,.T.);
#4057 = LINE('',#4058,#4059);
#4058 = CARTESIAN_POINT('',(-123.5,-1.,-22.15));
#4059 = VECTOR('',#4060,1.);
#4060 = DIRECTION('',(0.281084637715,0.678598344546,0.678598344546));
#4061 = ORIENTED_EDGE('',*,*,#3578,.T.);
#4062 = ORIENTED_EDGE('',*,*,#4063,.F.);
#4063 = EDGE_CURVE('',#1225,#3581,#4064,.T.);
#4064 = LINE('',#4065,#4066);
#4065 = CARTESIAN_POINT('',(-126.5,0.,-17.73578643762));
#4066 = VECTOR('',#4067,1.);
#4067 = DIRECTION('',(-0.678598344546,-0.678598344546,-0.281084637715));
#4068 = PLANE('',#4069);
#4069 = AXIS2_PLACEMENT_3D('',#4070,#4071,#4072);
#4070 = CARTESIAN_POINT('',(-98.8089466094,-0.5,-46.1339466094));
#4071 = DIRECTION('',(-0.5,0.707106781187,-0.5));
#4072 = DIRECTION('',(-0.707106781187,-1.08246744901E-15,0.707106781187)
  );
#4073 = ADVANCED_FACE('',(#4074),#4092,.T.);
#4074 = FACE_BOUND('',#4075,.T.);
#4075 = EDGE_LOOP('',(#4076,#4084,#4085,#4086));
#4076 = ORIENTED_EDGE('',*,*,#4077,.T.);
#4077 = EDGE_CURVE('',#4078,#3579,#4080,.T.);
#4078 = VERTEX_POINT('',#4079);
#4079 = CARTESIAN_POINT('',(-93.5,-1.,-22.15));
#4080 = LINE('',#4081,#4082);
#4081 = CARTESIAN_POINT('',(-63.75,-1.,-22.15));
#4082 = VECTOR('',#4083,1.);
#4083 = DIRECTION('',(-1.,0.,0.));
#4084 = ORIENTED_EDGE('',*,*,#4056,.T.);
#4085 = ORIENTED_EDGE('',*,*,#1216,.T.);
#4086 = ORIENTED_EDGE('',*,*,#4087,.F.);
#4087 = EDGE_CURVE('',#4078,#1209,#4088,.T.);
#4088 = LINE('',#4089,#4090);
#4089 = CARTESIAN_POINT('',(-93.5,-1.,-22.15));
#4090 = VECTOR('',#4091,1.);
#4091 = DIRECTION('',(-0.57735026919,0.57735026919,0.57735026919));
#4092 = PLANE('',#4093);
#4093 = AXIS2_PLACEMENT_3D('',#4094,#4095,#4096);
#4094 = CARTESIAN_POINT('',(-63.75,-0.5,-21.65));
#4095 = DIRECTION('',(0.,0.707106781187,-0.707106781187));
#4096 = DIRECTION('',(-1.,0.,0.));
#4097 = ADVANCED_FACE('',(#4098),#4114,.T.);
#4098 = FACE_BOUND('',#4099,.T.);
#4099 = EDGE_LOOP('',(#4100,#4106,#4107,#4113));
#4100 = ORIENTED_EDGE('',*,*,#4101,.T.);
#4101 = EDGE_CURVE('',#1209,#400,#4102,.T.);
#4102 = LINE('',#4103,#4104);
#4103 = CARTESIAN_POINT('',(-94.5,0.,-21.15));
#4104 = VECTOR('',#4105,1.);
#4105 = DIRECTION('',(0.,1.,0.));
#4106 = ORIENTED_EDGE('',*,*,#4030,.T.);
#4107 = ORIENTED_EDGE('',*,*,#4108,.T.);
#4108 = EDGE_CURVE('',#4031,#4078,#4109,.T.);
#4109 = LINE('',#4110,#4111);
#4110 = CARTESIAN_POINT('',(-93.5,0.,-22.15));
#4111 = VECTOR('',#4112,1.);
#4112 = DIRECTION('',(0.,-1.,0.));
#4113 = ORIENTED_EDGE('',*,*,#4087,.T.);
#4114 = PLANE('',#4115);
#4115 = AXIS2_PLACEMENT_3D('',#4116,#4117,#4118);
#4116 = CARTESIAN_POINT('',(-94.,0.,-21.65));
#4117 = DIRECTION('',(-0.707106781187,0.,-0.707106781187));
#4118 = DIRECTION('',(-0.707106781187,0.,0.707106781187));
#4119 = ADVANCED_FACE('',(#4120),#4126,.T.);
#4120 = FACE_BOUND('',#4121,.T.);
#4121 = EDGE_LOOP('',(#4122,#4123,#4124,#4125));
#4122 = ORIENTED_EDGE('',*,*,#1232,.T.);
#4123 = ORIENTED_EDGE('',*,*,#4063,.T.);
#4124 = ORIENTED_EDGE('',*,*,#3609,.T.);
#4125 = ORIENTED_EDGE('',*,*,#3934,.T.);
#4126 = PLANE('',#4127);
#4127 = AXIS2_PLACEMENT_3D('',#4128,#4129,#4130);
#4128 = CARTESIAN_POINT('',(-127.,-0.5,11.075));
#4129 = DIRECTION('',(-0.707106781187,0.707106781187,0.));
#4130 = DIRECTION('',(6.E-16,6.E-16,1.));
#4131 = ADVANCED_FACE('',(#4132),#4143,.T.);
#4132 = FACE_BOUND('',#4133,.T.);
#4133 = EDGE_LOOP('',(#4134,#4140,#4141,#4142));
#4134 = ORIENTED_EDGE('',*,*,#4135,.T.);
#4135 = EDGE_CURVE('',#743,#3951,#4136,.T.);
#4136 = LINE('',#4137,#4138);
#4137 = CARTESIAN_POINT('',(-63.75,-1.,-22.15));
#4138 = VECTOR('',#4139,1.);
#4139 = DIRECTION('',(-1.,0.,0.));
#4140 = ORIENTED_EDGE('',*,*,#3967,.T.);
#4141 = ORIENTED_EDGE('',*,*,#3784,.T.);
#4142 = ORIENTED_EDGE('',*,*,#3912,.T.);
#4143 = PLANE('',#4144);
#4144 = AXIS2_PLACEMENT_3D('',#4145,#4146,#4147);
#4145 = CARTESIAN_POINT('',(-63.75,-0.5,-21.65));
#4146 = DIRECTION('',(0.,0.707106781187,-0.707106781187));
#4147 = DIRECTION('',(-1.,0.,0.));
#4148 = ADVANCED_FACE('',(#4149),#4160,.T.);
#4149 = FACE_BOUND('',#4150,.T.);
#4150 = EDGE_LOOP('',(#4151,#4152,#4153,#4154));
#4151 = ORIENTED_EDGE('',*,*,#2747,.T.);
#4152 = ORIENTED_EDGE('',*,*,#3919,.T.);
#4153 = ORIENTED_EDGE('',*,*,#3768,.T.);
#4154 = ORIENTED_EDGE('',*,*,#4155,.F.);
#4155 = EDGE_CURVE('',#876,#3761,#4156,.T.);
#4156 = LINE('',#4157,#4158);
#4157 = CARTESIAN_POINT('',(127.5,-1.,18.15));
#4158 = VECTOR('',#4159,1.);
#4159 = DIRECTION('',(-0.678598344546,0.678598344546,-0.281084637715));
#4160 = PLANE('',#4161);
#4161 = AXIS2_PLACEMENT_3D('',#4162,#4163,#4164);
#4162 = CARTESIAN_POINT('',(127.,-0.5,-11.075));
#4163 = DIRECTION('',(0.707106781187,0.707106781187,0.));
#4164 = DIRECTION('',(4.E-16,-4.E-16,-1.));
#4165 = ADVANCED_FACE('',(#4166),#4177,.T.);
#4166 = FACE_BOUND('',#4167,.T.);
#4167 = EDGE_LOOP('',(#4168,#4169,#4170,#4171));
#4168 = ORIENTED_EDGE('',*,*,#873,.T.);
#4169 = ORIENTED_EDGE('',*,*,#4155,.T.);
#4170 = ORIENTED_EDGE('',*,*,#3760,.T.);
#4171 = ORIENTED_EDGE('',*,*,#4172,.F.);
#4172 = EDGE_CURVE('',#874,#3753,#4173,.T.);
#4173 = LINE('',#4174,#4175);
#4174 = CARTESIAN_POINT('',(123.5,-1.,22.15));
#4175 = VECTOR('',#4176,1.);
#4176 = DIRECTION('',(-0.281084637715,0.678598344546,-0.678598344546));
#4177 = PLANE('',#4178);
#4178 = AXIS2_PLACEMENT_3D('',#4179,#4180,#4181);
#4179 = CARTESIAN_POINT('',(98.808946609407,-0.5,46.133946609407));
#4180 = DIRECTION('',(0.5,0.707106781187,0.5));
#4181 = DIRECTION('',(0.707106781187,-3.608224830032E-16,-0.707106781187
    ));
#4182 = ADVANCED_FACE('',(#4183),#4189,.T.);
#4183 = FACE_BOUND('',#4184,.T.);
#4184 = EDGE_LOOP('',(#4185,#4186,#4187,#4188));
#4185 = ORIENTED_EDGE('',*,*,#3667,.T.);
#4186 = ORIENTED_EDGE('',*,*,#4172,.T.);
#4187 = ORIENTED_EDGE('',*,*,#3752,.T.);
#4188 = ORIENTED_EDGE('',*,*,#3807,.F.);
#4189 = PLANE('',#4190);
#4190 = AXIS2_PLACEMENT_3D('',#4191,#4192,#4193);
#4191 = CARTESIAN_POINT('',(67.875,-0.5,21.65));
#4192 = DIRECTION('',(0.,0.707106781187,0.707106781187));
#4193 = DIRECTION('',(1.,0.,-0.));
#4194 = ADVANCED_FACE('',(#4195),#4220,.T.);
#4195 = FACE_BOUND('',#4196,.T.);
#4196 = EDGE_LOOP('',(#4197,#4205,#4206,#4214));
#4197 = ORIENTED_EDGE('',*,*,#4198,.F.);
#4198 = EDGE_CURVE('',#52,#4199,#4201,.T.);
#4199 = VERTEX_POINT('',#4200);
#4200 = CARTESIAN_POINT('',(-38.7158026216,170.04808807561,-21.15));
#4201 = LINE('',#4202,#4203);
#4202 = CARTESIAN_POINT('',(-55.5269639141,80.542350590997,-21.15));
#4203 = VECTOR('',#4204,1.);
#4204 = DIRECTION('',(-0.184594400151,-0.98281478796,0.));
#4205 = ORIENTED_EDGE('',*,*,#51,.T.);
#4206 = ORIENTED_EDGE('',*,*,#4207,.F.);
#4207 = EDGE_CURVE('',#4208,#54,#4210,.T.);
#4208 = VERTEX_POINT('',#4209);
#4209 = CARTESIAN_POINT('',(-38.7158026216,170.04808807561,
    -18.99999999999));
#4210 = LINE('',#4211,#4212);
#4211 = CARTESIAN_POINT('',(-51.53421494255,101.80048589002,
    -18.99999999999));
#4212 = VECTOR('',#4213,1.);
#4213 = DIRECTION('',(0.184594400151,0.98281478796,-2.26E-15));
#4214 = ORIENTED_EDGE('',*,*,#4215,.T.);
#4215 = EDGE_CURVE('',#4208,#4199,#4216,.T.);
#4216 = LINE('',#4217,#4218);
#4217 = CARTESIAN_POINT('',(-38.7158026216,170.04808807561,-18.));
#4218 = VECTOR('',#4219,1.);
#4219 = DIRECTION('',(0.,0.,-1.));
#4220 = PLANE('',#4221);
#4221 = AXIS2_PLACEMENT_3D('',#4222,#4223,#4224);
#4222 = CARTESIAN_POINT('',(-38.46231316115,171.39771292944,-18.));
#4223 = DIRECTION('',(0.98281478796,-0.184594400151,0.));
#4224 = DIRECTION('',(0.,0.,-1.));
#4225 = ADVANCED_FACE('',(#4226),#4261,.T.);
#4226 = FACE_BOUND('',#4227,.T.);
#4227 = EDGE_LOOP('',(#4228,#4238,#4246,#4254));
#4228 = ORIENTED_EDGE('',*,*,#4229,.T.);
#4229 = EDGE_CURVE('',#4230,#4232,#4234,.T.);
#4230 = VERTEX_POINT('',#4231);
#4231 = CARTESIAN_POINT('',(-32.31609068795,164.63515947051,
    -18.99999999999));
#4232 = VERTEX_POINT('',#4233);
#4233 = CARTESIAN_POINT('',(-35.1821445115,165.18442493974,
    -18.99999999999));
#4234 = LINE('',#4235,#4236);
#4235 = CARTESIAN_POINT('',(49.302226428951,148.99340044952,
    -18.99999999999));
#4236 = VECTOR('',#4237,1.);
#4237 = DIRECTION('',(-0.982126908739,0.188219911623,1.204E-14));
#4238 = ORIENTED_EDGE('',*,*,#4239,.F.);
#4239 = EDGE_CURVE('',#4240,#4232,#4242,.T.);
#4240 = VERTEX_POINT('',#4241);
#4241 = CARTESIAN_POINT('',(-35.75873106871,164.27672663596,
    -17.99999999999));
#4242 = LINE('',#4243,#4244);
#4243 = CARTESIAN_POINT('',(-35.75873106871,164.27672663596,
    -17.99999999999));
#4244 = VECTOR('',#4245,1.);
#4245 = DIRECTION('',(0.392647689832,0.61813033549,-0.680986549072));
#4246 = ORIENTED_EDGE('',*,*,#4247,.T.);
#4247 = EDGE_CURVE('',#4240,#4248,#4250,.T.);
#4248 = VERTEX_POINT('',#4249);
#4249 = CARTESIAN_POINT('',(-32.12182785186,163.57973157762,
    -17.99999999999));
#4250 = LINE('',#4251,#4252);
#4251 = CARTESIAN_POINT('',(49.114006517328,148.01127354078,
    -17.99999999999));
#4252 = VECTOR('',#4253,1.);
#4253 = DIRECTION('',(0.982126908739,-0.188219911623,-1.204E-14));
#4254 = ORIENTED_EDGE('',*,*,#4255,.T.);
#4255 = EDGE_CURVE('',#4248,#4230,#4256,.T.);
#4256 = CIRCLE('',#4257,766.28869669053);
#4257 = AXIS2_PLACEMENT_3D('',#4258,#4259,#4260);
#4258 = CARTESIAN_POINT('',(720.44146955608,166.33966547604,
    -162.3580023241));
#4259 = DIRECTION('',(-0.133091575543,-0.694468597154,-0.707106781248));
#4260 = DIRECTION('',(-0.982088474824,-3.60168942899E-03,0.188385921582)
  );
#4261 = PLANE('',#4262);
#4262 = AXIS2_PLACEMENT_3D('',#4263,#4264,#4265);
#4263 = CARTESIAN_POINT('',(49.20811647314,148.50233699515,
    -18.49999999999));
#4264 = DIRECTION('',(0.133091575863,0.694468597155,0.707106781187));
#4265 = DIRECTION('',(0.982743800411,3.534607159003E-16,-0.184971951261)
  );
#4266 = ADVANCED_FACE('',(#4267),#4290,.T.);
#4267 = FACE_BOUND('',#4268,.T.);
#4268 = EDGE_LOOP('',(#4269,#4275,#4283,#4289));
#4269 = ORIENTED_EDGE('',*,*,#4270,.T.);
#4270 = EDGE_CURVE('',#4232,#4208,#4271,.T.);
#4271 = LINE('',#4272,#4273);
#4272 = CARTESIAN_POINT('',(26.273621640987,80.59781949875,-19.));
#4273 = VECTOR('',#4274,1.);
#4274 = DIRECTION('',(-0.587785252292,0.809016994375,7.21E-15));
#4275 = ORIENTED_EDGE('',*,*,#4276,.F.);
#4276 = EDGE_CURVE('',#4277,#4208,#4279,.T.);
#4277 = VERTEX_POINT('',#4278);
#4278 = CARTESIAN_POINT('',(-39.77818791391,169.80903436782,
    -17.99999999999));
#4279 = LINE('',#4280,#4281);
#4280 = CARTESIAN_POINT('',(-39.77818791391,169.80903436782,
    -17.99999999999));
#4281 = VECTOR('',#4282,1.);
#4282 = DIRECTION('',(0.71858132529,0.161692308247,-0.676384858197));
#4283 = ORIENTED_EDGE('',*,*,#4284,.T.);
#4284 = EDGE_CURVE('',#4277,#4240,#4285,.T.);
#4285 = LINE('',#4286,#4287);
#4286 = CARTESIAN_POINT('',(25.464604646612,80.010034246457,
    -17.99999999999));
#4287 = VECTOR('',#4288,1.);
#4288 = DIRECTION('',(0.587785252292,-0.809016994375,-7.21E-15));
#4289 = ORIENTED_EDGE('',*,*,#4239,.T.);
#4290 = PLANE('',#4291);
#4291 = AXIS2_PLACEMENT_3D('',#4292,#4293,#4294);
#4292 = CARTESIAN_POINT('',(74.304154687857,13.638811374091,-18.5));
#4293 = DIRECTION('',(0.572061402818,0.415626937778,0.707106781186));
#4294 = DIRECTION('',(0.777437524821,-2.260223788809E-16,-0.628960169645
    ));
#4295 = ADVANCED_FACE('',(#4296),#4315,.T.);
#4296 = FACE_BOUND('',#4297,.T.);
#4297 = EDGE_LOOP('',(#4298,#4299,#4308,#4314));
#4298 = ORIENTED_EDGE('',*,*,#4207,.T.);
#4299 = ORIENTED_EDGE('',*,*,#4300,.F.);
#4300 = EDGE_CURVE('',#4301,#54,#4303,.T.);
#4301 = VERTEX_POINT('',#4302);
#4302 = CARTESIAN_POINT('',(-39.1110873735,173.36080124503,
    -17.99999999999));
#4303 = CIRCLE('',#4304,776.6617801538);
#4304 = AXIS2_PLACEMENT_3D('',#4305,#4306,#4307);
#4305 = CARTESIAN_POINT('',(-334.793567144,-526.4379339723,
    143.42218588698));
#4306 = DIRECTION('',(-0.694955001211,0.130527952131,-0.707106781189));
#4307 = DIRECTION('',(0.380709450788,0.901034083432,-0.207841031981));
#4308 = ORIENTED_EDGE('',*,*,#4309,.T.);
#4309 = EDGE_CURVE('',#4301,#4277,#4310,.T.);
#4310 = LINE('',#4311,#4312);
#4311 = CARTESIAN_POINT('',(-52.51702973051,101.98508029017,
    -17.99999999999));
#4312 = VECTOR('',#4313,1.);
#4313 = DIRECTION('',(-0.184594400151,-0.98281478796,2.26E-15));
#4314 = ORIENTED_EDGE('',*,*,#4276,.T.);
#4315 = PLANE('',#4316);
#4316 = AXIS2_PLACEMENT_3D('',#4317,#4318,#4319);
#4317 = CARTESIAN_POINT('',(-52.02562233653,101.8927830901,
    -18.49999999999));
#4318 = DIRECTION('',(0.694955001217,-0.130527952116,0.707106781187));
#4319 = DIRECTION('',(0.713208544401,2.458651373854E-17,-0.700951904337)
  );
#4320 = ADVANCED_FACE('',(#4321),#4341,.F.);
#4321 = FACE_BOUND('',#4322,.F.);
#4322 = EDGE_LOOP('',(#4323,#4332,#4333,#4334));
#4323 = ORIENTED_EDGE('',*,*,#4324,.T.);
#4324 = EDGE_CURVE('',#4325,#62,#4327,.T.);
#4325 = VERTEX_POINT('',#4326);
#4326 = CARTESIAN_POINT('',(2.622628135843,186.920907411,-17.99999999999
    ));
#4327 = CIRCLE('',#4328,776.66177610497);
#4328 = AXIS2_PLACEMENT_3D('',#4329,#4330,#4331);
#4329 = CARTESIAN_POINT('',(653.16615185276,-205.4303591122,
    143.42218518566));
#4330 = DIRECTION('',(-0.485508001248,-0.514083632103,0.707106781136));
#4331 = DIRECTION('',(-0.837614961534,0.505176485562,-0.207841032161));
#4332 = ORIENTED_EDGE('',*,*,#61,.F.);
#4333 = ORIENTED_EDGE('',*,*,#4300,.F.);
#4334 = ORIENTED_EDGE('',*,*,#4335,.F.);
#4335 = EDGE_CURVE('',#4325,#4301,#4336,.T.);
#4336 = CIRCLE('',#4337,88.5);
#4337 = AXIS2_PLACEMENT_3D('',#4338,#4339,#4340);
#4338 = CARTESIAN_POINT('',(8.25,98.6,-17.99999999999));
#4339 = DIRECTION('',(1.226E-14,0.,1.));
#4340 = DIRECTION('',(-1.,0.,1.226E-14));
#4341 = CONICAL_SURFACE('',#4342,88.,0.785398163397);
#4342 = AXIS2_PLACEMENT_3D('',#4343,#4344,#4345);
#4343 = CARTESIAN_POINT('',(8.25,98.6,-18.5));
#4344 = DIRECTION('',(0.,0.,1.));
#4345 = DIRECTION('',(-1.,0.,0.));
#4346 = ADVANCED_FACE('',(#4347),#4365,.T.);
#4347 = FACE_BOUND('',#4348,.T.);
#4348 = EDGE_LOOP('',(#4349,#4357,#4358,#4359));
#4349 = ORIENTED_EDGE('',*,*,#4350,.T.);
#4350 = EDGE_CURVE('',#4351,#4325,#4353,.T.);
#4351 = VERTEX_POINT('',#4352);
#4352 = CARTESIAN_POINT('',(5.25,184.43957950673,-17.99999999999));
#4353 = LINE('',#4354,#4355);
#4354 = CARTESIAN_POINT('',(77.479763095721,116.22474888711,-18.));
#4355 = VECTOR('',#4356,1.);
#4356 = DIRECTION('',(-0.727024044886,0.686611999718,8.91E-15));
#4357 = ORIENTED_EDGE('',*,*,#4324,.T.);
#4358 = ORIENTED_EDGE('',*,*,#2811,.T.);
#4359 = ORIENTED_EDGE('',*,*,#4360,.F.);
#4360 = EDGE_CURVE('',#4351,#2783,#4361,.T.);
#4361 = LINE('',#4362,#4363);
#4362 = CARTESIAN_POINT('',(5.25,184.43957950673,-17.99999999999));
#4363 = VECTOR('',#4364,1.);
#4364 = DIRECTION('',(-0.676384858197,-0.291559680346,-0.676384858197));
#4365 = PLANE('',#4366);
#4366 = AXIS2_PLACEMENT_3D('',#4367,#4368,#4369);
#4367 = CARTESIAN_POINT('',(77.136457095862,115.86123686467,-18.5));
#4368 = DIRECTION('',(-0.485508001045,-0.514083632225,0.707106781187));
#4369 = DIRECTION('',(0.824383528359,8.234946509131E-17,0.566031622941)
  );
#4370 = ADVANCED_FACE('',(#4371),#4389,.T.);
#4371 = FACE_BOUND('',#4372,.T.);
#4372 = EDGE_LOOP('',(#4373,#4381,#4382,#4383));
#4373 = ORIENTED_EDGE('',*,*,#4374,.T.);
#4374 = EDGE_CURVE('',#4375,#4351,#4377,.T.);
#4375 = VERTEX_POINT('',#4376);
#4376 = CARTESIAN_POINT('',(5.25,177.6012710777,-17.99999999999));
#4377 = LINE('',#4378,#4379);
#4378 = CARTESIAN_POINT('',(5.25,87.99835267812,-17.99999999999));
#4379 = VECTOR('',#4380,1.);
#4380 = DIRECTION('',(5.E-17,1.,-0.));
#4381 = ORIENTED_EDGE('',*,*,#4360,.T.);
#4382 = ORIENTED_EDGE('',*,*,#2782,.T.);
#4383 = ORIENTED_EDGE('',*,*,#4384,.F.);
#4384 = EDGE_CURVE('',#4375,#2775,#4385,.T.);
#4385 = LINE('',#4386,#4387);
#4386 = CARTESIAN_POINT('',(5.25,177.6012710777,-17.99999999999));
#4387 = VECTOR('',#4388,1.);
#4388 = DIRECTION('',(-0.680986549072,0.269285424721,-0.680986549072));
#4389 = PLANE('',#4390);
#4390 = AXIS2_PLACEMENT_3D('',#4391,#4392,#4393);
#4391 = CARTESIAN_POINT('',(4.75,5.595738194085,-18.49999999999));
#4392 = DIRECTION('',(-0.707106781187,0.,0.707106781187));
#4393 = DIRECTION('',(0.707106781187,0.,0.707106781187));
#4394 = ADVANCED_FACE('',(#4395),#4421,.T.);
#4395 = FACE_BOUND('',#4396,.T.);
#4396 = EDGE_LOOP('',(#4397,#4405,#4406,#4414));
#4397 = ORIENTED_EDGE('',*,*,#4398,.T.);
#4398 = EDGE_CURVE('',#4399,#4375,#4401,.T.);
#4399 = VERTEX_POINT('',#4400);
#4400 = CARTESIAN_POINT('',(2.717366906884,174.89967215563,
    -17.99999999999));
#4401 = LINE('',#4402,#4403);
#4402 = CARTESIAN_POINT('',(-15.93022502784,155.00799719999,
    -17.99999999999));
#4403 = VECTOR('',#4404,1.);
#4404 = DIRECTION('',(0.683924471563,0.729552820019,-8.39E-15));
#4405 = ORIENTED_EDGE('',*,*,#4384,.T.);
#4406 = ORIENTED_EDGE('',*,*,#4407,.T.);
#4407 = EDGE_CURVE('',#2775,#4408,#4410,.T.);
#4408 = VERTEX_POINT('',#4409);
#4409 = CARTESIAN_POINT('',(2.254163892368,175.86771608744,-19.));
#4410 = LINE('',#4411,#4412);
#4411 = CARTESIAN_POINT('',(-16.65977784786,155.69192167155,
    -18.99999999999));
#4412 = VECTOR('',#4413,1.);
#4413 = DIRECTION('',(-0.683924471563,-0.729552820019,8.39E-15));
#4414 = ORIENTED_EDGE('',*,*,#4415,.F.);
#4415 = EDGE_CURVE('',#4399,#4408,#4416,.T.);
#4416 = CIRCLE('',#4417,766.28872253533);
#4417 = AXIS2_PLACEMENT_3D('',#4418,#4419,#4420);
#4418 = CARTESIAN_POINT('',(-607.741399162,-265.2131168176,
    -162.3580070402));
#4419 = DIRECTION('',(-0.515871745811,0.483607631993,0.707106781294));
#4420 = DIRECTION('',(0.796643286161,0.574343293892,0.188385921383));
#4421 = PLANE('',#4422);
#4422 = AXIS2_PLACEMENT_3D('',#4423,#4424,#4425);
#4423 = CARTESIAN_POINT('',(-16.29500143785,155.34995943577,
    -18.49999999999));
#4424 = DIRECTION('',(-0.515871746269,0.483607631662,0.707106781187));
#4425 = DIRECTION('',(0.807858995471,-1.269994718481E-16,0.589375808323)
  );
#4426 = ADVANCED_FACE('',(#4427),#4445,.T.);
#4427 = FACE_BOUND('',#4428,.T.);
#4428 = EDGE_LOOP('',(#4429,#4436,#4437,#4444));
#4429 = ORIENTED_EDGE('',*,*,#4430,.T.);
#4430 = EDGE_CURVE('',#4248,#4399,#4431,.T.);
#4431 = CIRCLE('',#4432,76.5);
#4432 = AXIS2_PLACEMENT_3D('',#4433,#4434,#4435);
#4433 = CARTESIAN_POINT('',(8.25,98.6,-17.99999999999));
#4434 = DIRECTION('',(-1.226E-14,0.,-1.));
#4435 = DIRECTION('',(-1.,0.,1.226E-14));
#4436 = ORIENTED_EDGE('',*,*,#4415,.T.);
#4437 = ORIENTED_EDGE('',*,*,#4438,.T.);
#4438 = EDGE_CURVE('',#4408,#4230,#4439,.T.);
#4439 = CIRCLE('',#4440,77.5);
#4440 = AXIS2_PLACEMENT_3D('',#4441,#4442,#4443);
#4441 = CARTESIAN_POINT('',(8.25,98.6,-19.));
#4442 = DIRECTION('',(1.226E-14,0.,1.));
#4443 = DIRECTION('',(-1.,0.,1.226E-14));
#4444 = ORIENTED_EDGE('',*,*,#4255,.F.);
#4445 = CONICAL_SURFACE('',#4446,77.,0.785398163396);
#4446 = AXIS2_PLACEMENT_3D('',#4447,#4448,#4449);
#4447 = CARTESIAN_POINT('',(8.25,98.6,-18.5));
#4448 = DIRECTION('',(0.,0.,-1.));
#4449 = DIRECTION('',(-1.,0.,0.));
#4450 = ADVANCED_FACE('',(#4451),#4476,.T.);
#4451 = FACE_BOUND('',#4452,.T.);
#4452 = EDGE_LOOP('',(#4453,#4461,#4462,#4470));
#4453 = ORIENTED_EDGE('',*,*,#4454,.F.);
#4454 = EDGE_CURVE('',#3220,#4455,#4457,.T.);
#4455 = VERTEX_POINT('',#4456);
#4456 = CARTESIAN_POINT('',(-47.91174270252,165.69775448265,-21.15));
#4457 = LINE('',#4458,#4459);
#4458 = CARTESIAN_POINT('',(-75.84215510938,169.30670145991,-21.15));
#4459 = VECTOR('',#4460,1.);
#4460 = DIRECTION('',(-0.991755215114,0.128146764667,0.));
#4461 = ORIENTED_EDGE('',*,*,#3236,.T.);
#4462 = ORIENTED_EDGE('',*,*,#4463,.F.);
#4463 = EDGE_CURVE('',#4464,#3229,#4466,.T.);
#4464 = VERTEX_POINT('',#4465);
#4465 = CARTESIAN_POINT('',(-47.91174270252,165.69775448265,
    -18.99999999999));
#4466 = LINE('',#4467,#4468);
#4467 = CARTESIAN_POINT('',(39.408644696307,154.41490467845,
    -18.99999999999));
#4468 = VECTOR('',#4469,1.);
#4469 = DIRECTION('',(0.991755215114,-0.128146764667,-1.216E-14));
#4470 = ORIENTED_EDGE('',*,*,#4471,.T.);
#4471 = EDGE_CURVE('',#4464,#4455,#4472,.T.);
#4472 = LINE('',#4473,#4474);
#4473 = CARTESIAN_POINT('',(-47.91174270252,165.69775448265,-18.));
#4474 = VECTOR('',#4475,1.);
#4475 = DIRECTION('',(0.,0.,-1.));
#4476 = PLANE('',#4477);
#4477 = AXIS2_PLACEMENT_3D('',#4478,#4479,#4480);
#4478 = CARTESIAN_POINT('',(-46.54984063956,165.52178026996,-18.));
#4479 = DIRECTION('',(-0.128146764667,-0.991755215114,0.));
#4480 = DIRECTION('',(-0.,0.,-1.));
#4481 = ADVANCED_FACE('',(#4482),#4517,.T.);
#4482 = FACE_BOUND('',#4483,.T.);
#4483 = EDGE_LOOP('',(#4484,#4494,#4503,#4511));
#4484 = ORIENTED_EDGE('',*,*,#4485,.T.);
#4485 = EDGE_CURVE('',#4486,#4488,#4490,.T.);
#4486 = VERTEX_POINT('',#4487);
#4487 = CARTESIAN_POINT('',(-71.74226495068,128.79691132571,
    -18.99999999999));
#4488 = VERTEX_POINT('',#4489);
#4489 = CARTESIAN_POINT('',(-72.91868955829,131.27864494419,-19.));
#4490 = LINE('',#4491,#4492);
#4491 = CARTESIAN_POINT('',(-30.72647735797,42.271809506048,
    -18.99999999999));
#4492 = VECTOR('',#4493,1.);
#4493 = DIRECTION('',(-0.428344031309,0.903615731847,5.25E-15));
#4494 = ORIENTED_EDGE('',*,*,#4495,.F.);
#4495 = EDGE_CURVE('',#4496,#4488,#4498,.T.);
#4496 = VERTEX_POINT('',#4497);
#4497 = CARTESIAN_POINT('',(-74.00922097864,131.24461002963,
    -17.99999999999));
#4498 = CIRCLE('',#4499,776.66179679171);
#4499 = AXIS2_PLACEMENT_3D('',#4500,#4501,#4502);
#4500 = CARTESIAN_POINT('',(98.11000781816,-608.7022761964,
    143.42218942387));
#4501 = DIRECTION('',(-0.638952811554,-0.302884969321,-0.707106781163));
#4502 = DIRECTION('',(-0.221614130511,0.952727286552,-0.207841032082));
#4503 = ORIENTED_EDGE('',*,*,#4504,.T.);
#4504 = EDGE_CURVE('',#4496,#4505,#4507,.T.);
#4505 = VERTEX_POINT('',#4506);
#4506 = CARTESIAN_POINT('',(-72.46124046278,127.97905840646,
    -17.99999999999));
#4507 = LINE('',#4508,#4509);
#4508 = CARTESIAN_POINT('',(-31.63009308982,41.843465474739,
    -17.99999999999));
#4509 = VECTOR('',#4510,1.);
#4510 = DIRECTION('',(0.428344031309,-0.903615731847,-5.25E-15));
#4511 = ORIENTED_EDGE('',*,*,#4512,.T.);
#4512 = EDGE_CURVE('',#4505,#4486,#4513,.T.);
#4513 = LINE('',#4514,#4515);
#4514 = CARTESIAN_POINT('',(-72.46124046278,127.97905840646,
    -17.99999999999));
#4515 = VECTOR('',#4516,1.);
#4516 = DIRECTION('',(0.486304149803,0.55318333081,-0.676384858197));
#4517 = PLANE('',#4518);
#4518 = AXIS2_PLACEMENT_3D('',#4519,#4520,#4521);
#4519 = CARTESIAN_POINT('',(-31.17828522389,42.057637490393,
    -18.49999999999));
#4520 = DIRECTION('',(0.638952811576,0.30288496922,0.707106781187));
#4521 = DIRECTION('',(0.741958717442,6.799050014368E-17,-0.670445569462)
  );
#4522 = ADVANCED_FACE('',(#4523),#4549,.F.);
#4523 = FACE_BOUND('',#4524,.F.);
#4524 = EDGE_LOOP('',(#4525,#4526,#4535,#4542));
#4525 = ORIENTED_EDGE('',*,*,#4495,.F.);
#4526 = ORIENTED_EDGE('',*,*,#4527,.F.);
#4527 = EDGE_CURVE('',#4528,#4496,#4530,.T.);
#4528 = VERTEX_POINT('',#4529);
#4529 = CARTESIAN_POINT('',(-48.21636631704,166.74542886319,
    -17.99999999999));
#4530 = CIRCLE('',#4531,88.5);
#4531 = AXIS2_PLACEMENT_3D('',#4532,#4533,#4534);
#4532 = CARTESIAN_POINT('',(8.25,98.6,-17.99999999999));
#4533 = DIRECTION('',(1.226E-14,0.,1.));
#4534 = DIRECTION('',(-1.,0.,1.226E-14));
#4535 = ORIENTED_EDGE('',*,*,#4536,.T.);
#4536 = EDGE_CURVE('',#4528,#4464,#4537,.T.);
#4537 = CIRCLE('',#4538,776.66177594865);
#4538 = AXIS2_PLACEMENT_3D('',#4539,#4540,#4541);
#4539 = CARTESIAN_POINT('',(708.70268798446,231.70647572753,
    143.42218510882));
#4540 = DIRECTION('',(-9.061344644134E-02,-0.701276837898,0.707106781153
    ));
#4541 = DIRECTION('',(-0.974580026649,-8.364135956735E-02,
    -0.207841032104));
#4542 = ORIENTED_EDGE('',*,*,#4543,.F.);
#4543 = EDGE_CURVE('',#4488,#4464,#4544,.T.);
#4544 = CIRCLE('',#4545,87.5);
#4545 = AXIS2_PLACEMENT_3D('',#4546,#4547,#4548);
#4546 = CARTESIAN_POINT('',(8.25,98.6,-19.));
#4547 = DIRECTION('',(-1.226E-14,0.,-1.));
#4548 = DIRECTION('',(-1.,0.,1.226E-14));
#4549 = CONICAL_SURFACE('',#4550,88.,0.785398163397);
#4550 = AXIS2_PLACEMENT_3D('',#4551,#4552,#4553);
#4551 = CARTESIAN_POINT('',(8.25,98.6,-18.5));
#4552 = DIRECTION('',(0.,0.,1.));
#4553 = DIRECTION('',(-1.,0.,0.));
#4554 = ADVANCED_FACE('',(#4555),#4573,.T.);
#4555 = FACE_BOUND('',#4556,.T.);
#4556 = EDGE_LOOP('',(#4557,#4558,#4566,#4572));
#4557 = ORIENTED_EDGE('',*,*,#4463,.T.);
#4558 = ORIENTED_EDGE('',*,*,#4559,.F.);
#4559 = EDGE_CURVE('',#4560,#3229,#4562,.T.);
#4560 = VERTEX_POINT('',#4561);
#4561 = CARTESIAN_POINT('',(-44.63228988016,166.28232285406,
    -17.99999999999));
#4562 = LINE('',#4563,#4564);
#4563 = CARTESIAN_POINT('',(-44.63228988016,166.28232285406,
    -17.99999999999));
#4564 = VECTOR('',#4565,1.);
#4565 = DIRECTION('',(-0.375832364748,-0.633445780797,-0.676384858197));
#4566 = ORIENTED_EDGE('',*,*,#4567,.T.);
#4567 = EDGE_CURVE('',#4560,#4528,#4568,.T.);
#4568 = LINE('',#4569,#4570);
#4569 = CARTESIAN_POINT('',(39.536791460975,155.40665989356,
    -17.99999999999));
#4570 = VECTOR('',#4571,1.);
#4571 = DIRECTION('',(-0.991755215114,0.128146764667,1.216E-14));
#4572 = ORIENTED_EDGE('',*,*,#4536,.T.);
#4573 = PLANE('',#4574);
#4574 = AXIS2_PLACEMENT_3D('',#4575,#4576,#4577);
#4575 = CARTESIAN_POINT('',(39.472718078641,154.910782286,
    -18.49999999999));
#4576 = DIRECTION('',(-9.061344628344E-02,-0.701276837884,0.707106781187
    ));
#4577 = DIRECTION('',(0.991888964848,5.556835117037E-17,0.127107361755)
  );
#4578 = ADVANCED_FACE('',(#4579),#4597,.T.);
#4579 = FACE_BOUND('',#4580,.T.);
#4580 = EDGE_LOOP('',(#4581,#4589,#4590,#4591));
#4581 = ORIENTED_EDGE('',*,*,#4582,.T.);
#4582 = EDGE_CURVE('',#4583,#4560,#4585,.T.);
#4583 = VERTEX_POINT('',#4584);
#4584 = CARTESIAN_POINT('',(-40.61283303496,160.7500151222,
    -17.99999999999));
#4585 = LINE('',#4586,#4587);
#4586 = CARTESIAN_POINT('',(23.552902239997,72.433457176019,
    -17.99999999999));
#4587 = VECTOR('',#4588,1.);
#4588 = DIRECTION('',(-0.587785252292,0.809016994375,7.21E-15));
#4589 = ORIENTED_EDGE('',*,*,#4559,.T.);
#4590 = ORIENTED_EDGE('',*,*,#3228,.T.);
#4591 = ORIENTED_EDGE('',*,*,#4592,.F.);
#4592 = EDGE_CURVE('',#4583,#3198,#4593,.T.);
#4593 = LINE('',#4594,#4595);
#4594 = CARTESIAN_POINT('',(-40.61283303496,160.7500151222,
    -17.99999999999));
#4595 = VECTOR('',#4596,1.);
#4596 = DIRECTION('',(-0.709211692448,-0.182417365617,-0.680986549072));
#4597 = PLANE('',#4598);
#4598 = AXIS2_PLACEMENT_3D('',#4599,#4600,#4601);
#4599 = CARTESIAN_POINT('',(23.148393742809,72.139564549873,-18.5));
#4600 = DIRECTION('',(-0.572061402818,-0.415626937778,0.707106781186));
#4601 = DIRECTION('',(0.777437524821,-1.657298885137E-16,0.628960169646)
  );
#4602 = ADVANCED_FACE('',(#4603),#4622,.T.);
#4603 = FACE_BOUND('',#4604,.T.);
#4604 = EDGE_LOOP('',(#4605,#4613,#4614,#4615));
#4605 = ORIENTED_EDGE('',*,*,#4606,.T.);
#4606 = EDGE_CURVE('',#4607,#4583,#4609,.T.);
#4607 = VERTEX_POINT('',#4608);
#4608 = CARTESIAN_POINT('',(-41.0738162438,157.07573130066,
    -17.99999999999));
#4609 = LINE('',#4610,#4611);
#4610 = CARTESIAN_POINT('',(-49.51340840768,89.807647879488,
    -17.99999999999));
#4611 = VECTOR('',#4612,1.);
#4612 = DIRECTION('',(0.124486131988,0.992221347756,-1.53E-15));
#4613 = ORIENTED_EDGE('',*,*,#4592,.T.);
#4614 = ORIENTED_EDGE('',*,*,#3197,.T.);
#4615 = ORIENTED_EDGE('',*,*,#4616,.F.);
#4616 = EDGE_CURVE('',#4607,#3166,#4617,.T.);
#4617 = CIRCLE('',#4618,766.28872299306);
#4618 = AXIS2_PLACEMENT_3D('',#4619,#4620,#4621);
#4619 = CARTESIAN_POINT('',(-276.2535255645,-557.8016547045,
    -162.3580073582));
#4620 = DIRECTION('',(-0.701606443392,8.802498823013E-02,0.707106781213)
  );
#4621 = DIRECTION('',(0.306907438755,0.932908660345,0.188385921685));
#4622 = PLANE('',#4623);
#4623 = AXIS2_PLACEMENT_3D('',#4624,#4625,#4626);
#4624 = CARTESIAN_POINT('',(-50.00951908156,89.869890945482,
    -18.49999999999));
#4625 = DIRECTION('',(-0.701606443436,8.80249880925E-02,0.707106781187)
  );
#4626 = DIRECTION('',(0.709862277149,2.74695865051E-17,0.704340505353));
#4627 = ADVANCED_FACE('',(#4628),#4648,.T.);
#4628 = FACE_BOUND('',#4629,.T.);
#4629 = EDGE_LOOP('',(#4630,#4639,#4640,#4641));
#4630 = ORIENTED_EDGE('',*,*,#4631,.T.);
#4631 = EDGE_CURVE('',#4632,#4607,#4634,.T.);
#4632 = VERTEX_POINT('',#4633);
#4633 = CARTESIAN_POINT('',(-62.60562274538,127.4397421168,
    -17.99999999999));
#4634 = CIRCLE('',#4635,76.5);
#4635 = AXIS2_PLACEMENT_3D('',#4636,#4637,#4638);
#4636 = CARTESIAN_POINT('',(8.25,98.6,-17.99999999999));
#4637 = DIRECTION('',(-1.226E-14,0.,-1.));
#4638 = DIRECTION('',(-1.,0.,1.226E-14));
#4639 = ORIENTED_EDGE('',*,*,#4616,.T.);
#4640 = ORIENTED_EDGE('',*,*,#3165,.T.);
#4641 = ORIENTED_EDGE('',*,*,#4642,.F.);
#4642 = EDGE_CURVE('',#4632,#3158,#4643,.T.);
#4643 = CIRCLE('',#4644,766.28872220022);
#4644 = AXIS2_PLACEMENT_3D('',#4645,#4646,#4647);
#4645 = CARTESIAN_POINT('',(544.60864613868,572.018197637,
    -162.3580074748));
#4646 = DIRECTION('',(0.300525052635,-0.640066162853,-0.707106781122));
#4647 = DIRECTION('',(-0.792409246401,-0.580170949461,0.188385922033));
#4648 = CONICAL_SURFACE('',#4649,77.,0.785398163396);
#4649 = AXIS2_PLACEMENT_3D('',#4650,#4651,#4652);
#4650 = CARTESIAN_POINT('',(8.25,98.6,-18.5));
#4651 = DIRECTION('',(0.,0.,-1.));
#4652 = DIRECTION('',(-1.,0.,0.));
#4653 = ADVANCED_FACE('',(#4654),#4679,.T.);
#4654 = FACE_BOUND('',#4655,.T.);
#4655 = EDGE_LOOP('',(#4656,#4664,#4665,#4673));
#4656 = ORIENTED_EDGE('',*,*,#4657,.T.);
#4657 = EDGE_CURVE('',#4658,#4632,#4660,.T.);
#4658 = VERTEX_POINT('',#4659);
#4659 = CARTESIAN_POINT('',(-65.95762267092,125.86590488911,
    -17.99999999999));
#4660 = LINE('',#4661,#4662);
#4661 = CARTESIAN_POINT('',(-18.53268078166,148.13295164452,
    -17.99999999999));
#4662 = VECTOR('',#4663,1.);
#4663 = DIRECTION('',(0.905190248042,0.425006605654,-1.11E-14));
#4664 = ORIENTED_EDGE('',*,*,#4642,.T.);
#4665 = ORIENTED_EDGE('',*,*,#4666,.T.);
#4666 = EDGE_CURVE('',#3158,#4667,#4669,.T.);
#4667 = VERTEX_POINT('',#4668);
#4668 = CARTESIAN_POINT('',(-66.02468602391,126.93915731763,-19.));
#4669 = LINE('',#4670,#4671);
#4670 = CARTESIAN_POINT('',(-18.95768738731,149.03814189256,
    -18.99999999999));
#4671 = VECTOR('',#4672,1.);
#4672 = DIRECTION('',(-0.905190248042,-0.425006605654,1.11E-14));
#4673 = ORIENTED_EDGE('',*,*,#4674,.F.);
#4674 = EDGE_CURVE('',#4658,#4667,#4675,.T.);
#4675 = LINE('',#4676,#4677);
#4676 = CARTESIAN_POINT('',(-65.95762267092,125.86590488911,
    -17.99999999999));
#4677 = VECTOR('',#4678,1.);
#4678 = DIRECTION('',(-4.566924131995E-02,0.73087046758,-0.680986549072)
  );
#4679 = PLANE('',#4680);
#4680 = AXIS2_PLACEMENT_3D('',#4681,#4682,#4683);
#4681 = CARTESIAN_POINT('',(-18.74518408449,148.58554676854,
    -18.49999999999));
#4682 = DIRECTION('',(-0.300525052907,0.640066162655,0.707106781187));
#4683 = DIRECTION('',(0.920328729999,-9.653347520238E-18,0.391145789622)
  );
#4684 = ADVANCED_FACE('',(#4685),#4701,.T.);
#4685 = FACE_BOUND('',#4686,.T.);
#4686 = EDGE_LOOP('',(#4687,#4693,#4694,#4700));
#4687 = ORIENTED_EDGE('',*,*,#4688,.T.);
#4688 = EDGE_CURVE('',#4505,#4658,#4689,.T.);
#4689 = LINE('',#4690,#4691);
#4690 = CARTESIAN_POINT('',(26.693003383092,95.761891615859,
    -17.99999999999));
#4691 = VECTOR('',#4692,1.);
#4692 = DIRECTION('',(0.951056516295,-0.309016994375,-1.166E-14));
#4693 = ORIENTED_EDGE('',*,*,#4674,.T.);
#4694 = ORIENTED_EDGE('',*,*,#4695,.T.);
#4695 = EDGE_CURVE('',#4667,#4486,#4696,.T.);
#4696 = LINE('',#4697,#4698);
#4697 = CARTESIAN_POINT('',(27.002020377467,96.712948132154,-19.));
#4698 = VECTOR('',#4699,1.);
#4699 = DIRECTION('',(-0.951056516295,0.309016994375,1.166E-14));
#4700 = ORIENTED_EDGE('',*,*,#4512,.F.);
#4701 = PLANE('',#4702);
#4702 = AXIS2_PLACEMENT_3D('',#4703,#4704,#4705);
#4703 = CARTESIAN_POINT('',(26.847511880279,96.237419874006,-18.5));
#4704 = DIRECTION('',(0.218508012225,0.672498511965,0.707106781186));
#4705 = DIRECTION('',(0.95542256322,6.301643655034E-16,-0.295241808845)
  );
#4706 = ADVANCED_FACE('',(#4707),#4741,.T.);
#4707 = FACE_BOUND('',#4708,.T.);
#4708 = EDGE_LOOP('',(#4709,#4719,#4727,#4735));
#4709 = ORIENTED_EDGE('',*,*,#4710,.F.);
#4710 = EDGE_CURVE('',#4711,#4713,#4715,.T.);
#4711 = VERTEX_POINT('',#4712);
#4712 = CARTESIAN_POINT('',(-76.6248748269,77.327820442722,-21.15));
#4713 = VERTEX_POINT('',#4714);
#4714 = CARTESIAN_POINT('',(-74.21440090568,76.011540804651,-21.15));
#4715 = LINE('',#4716,#4717);
#4716 = CARTESIAN_POINT('',(-79.3534257872,78.817791372861,-21.15));
#4717 = VECTOR('',#4718,1.);
#4718 = DIRECTION('',(0.877669601687,-0.479266178938,0.));
#4719 = ORIENTED_EDGE('',*,*,#4720,.T.);
#4720 = EDGE_CURVE('',#4711,#4721,#4723,.T.);
#4721 = VERTEX_POINT('',#4722);
#4722 = CARTESIAN_POINT('',(-76.6248748269,77.327820442721,
    -18.99999999999));
#4723 = LINE('',#4724,#4725);
#4724 = CARTESIAN_POINT('',(-76.6248748269,77.327820442722,-18.));
#4725 = VECTOR('',#4726,1.);
#4726 = DIRECTION('',(0.,0.,1.));
#4727 = ORIENTED_EDGE('',*,*,#4728,.F.);
#4728 = EDGE_CURVE('',#4729,#4721,#4731,.T.);
#4729 = VERTEX_POINT('',#4730);
#4730 = CARTESIAN_POINT('',(-74.21440090568,76.011540804651,
    -18.99999999999));
#4731 = LINE('',#4732,#4733);
#4732 = CARTESIAN_POINT('',(10.906937178469,29.529609140125,
    -18.99999999999));
#4733 = VECTOR('',#4734,1.);
#4734 = DIRECTION('',(-0.877669601687,0.479266178938,1.076E-14));
#4735 = ORIENTED_EDGE('',*,*,#4736,.T.);
#4736 = EDGE_CURVE('',#4729,#4713,#4737,.T.);
#4737 = LINE('',#4738,#4739);
#4738 = CARTESIAN_POINT('',(-74.21440090568,76.011540804651,-18.));
#4739 = VECTOR('',#4740,1.);
#4740 = DIRECTION('',(0.,0.,-1.));
#4741 = PLANE('',#4742);
#4742 = AXIS2_PLACEMENT_3D('',#4743,#4744,#4745);
#4743 = CARTESIAN_POINT('',(-75.41963786629,76.669680623687,-18.));
#4744 = DIRECTION('',(0.479266178938,0.877669601687,0.));
#4745 = DIRECTION('',(0.,-0.,1.));
#4746 = ADVANCED_FACE('',(#4747),#4774,.F.);
#4747 = FACE_BOUND('',#4748,.F.);
#4748 = EDGE_LOOP('',(#4749,#4750,#4759,#4767));
#4749 = ORIENTED_EDGE('',*,*,#4720,.T.);
#4750 = ORIENTED_EDGE('',*,*,#4751,.T.);
#4751 = EDGE_CURVE('',#4721,#4752,#4754,.T.);
#4752 = VERTEX_POINT('',#4753);
#4753 = CARTESIAN_POINT('',(-76.6248748269,119.87217955727,
    -18.99999999999));
#4754 = CIRCLE('',#4755,87.5);
#4755 = AXIS2_PLACEMENT_3D('',#4756,#4757,#4758);
#4756 = CARTESIAN_POINT('',(8.25,98.6,-19.));
#4757 = DIRECTION('',(-1.226E-14,0.,-1.));
#4758 = DIRECTION('',(-1.,0.,1.226E-14));
#4759 = ORIENTED_EDGE('',*,*,#4760,.T.);
#4760 = EDGE_CURVE('',#4752,#4761,#4763,.T.);
#4761 = VERTEX_POINT('',#4762);
#4762 = CARTESIAN_POINT('',(-76.6248748269,119.87217955727,-21.15));
#4763 = LINE('',#4764,#4765);
#4764 = CARTESIAN_POINT('',(-76.6248748269,119.87217955727,-18.));
#4765 = VECTOR('',#4766,1.);
#4766 = DIRECTION('',(0.,0.,-1.));
#4767 = ORIENTED_EDGE('',*,*,#4768,.T.);
#4768 = EDGE_CURVE('',#4761,#4711,#4769,.T.);
#4769 = CIRCLE('',#4770,87.5);
#4770 = AXIS2_PLACEMENT_3D('',#4771,#4772,#4773);
#4771 = CARTESIAN_POINT('',(8.25,98.6,-21.15));
#4772 = DIRECTION('',(0.,0.,1.));
#4773 = DIRECTION('',(-1.,0.,0.));
#4774 = CYLINDRICAL_SURFACE('',#4775,87.5);
#4775 = AXIS2_PLACEMENT_3D('',#4776,#4777,#4778);
#4776 = CARTESIAN_POINT('',(8.25,98.6,-18.));
#4777 = DIRECTION('',(0.,0.,-1.));
#4778 = DIRECTION('',(-1.,0.,0.));
#4779 = ADVANCED_FACE('',(#4780),#4796,.T.);
#4780 = FACE_BOUND('',#4781,.T.);
#4781 = EDGE_LOOP('',(#4782,#4788,#4789,#4795));
#4782 = ORIENTED_EDGE('',*,*,#4783,.F.);
#4783 = EDGE_CURVE('',#3109,#4761,#4784,.T.);
#4784 = LINE('',#4785,#4786);
#4785 = CARTESIAN_POINT('',(-120.8282691253,95.734176098151,-21.15));
#4786 = VECTOR('',#4787,1.);
#4787 = DIRECTION('',(-0.877669601687,-0.479266178938,0.));
#4788 = ORIENTED_EDGE('',*,*,#3132,.T.);
#4789 = ORIENTED_EDGE('',*,*,#4790,.F.);
#4790 = EDGE_CURVE('',#4752,#3125,#4791,.T.);
#4791 = LINE('',#4792,#4793);
#4792 = CARTESIAN_POINT('',(-30.56790615968,145.02235833088,
    -18.99999999999));
#4793 = VECTOR('',#4794,1.);
#4794 = DIRECTION('',(0.877669601687,0.479266178938,-1.076E-14));
#4795 = ORIENTED_EDGE('',*,*,#4760,.T.);
#4796 = PLANE('',#4797);
#4797 = AXIS2_PLACEMENT_3D('',#4798,#4799,#4800);
#4798 = CARTESIAN_POINT('',(-75.41963786629,120.53031937631,-18.));
#4799 = DIRECTION('',(0.479266178938,-0.877669601687,0.));
#4800 = DIRECTION('',(0.,0.,-1.));
#4801 = ADVANCED_FACE('',(#4802),#4828,.T.);
#4802 = FACE_BOUND('',#4803,.T.);
#4803 = EDGE_LOOP('',(#4804,#4805,#4814,#4822));
#4804 = ORIENTED_EDGE('',*,*,#4728,.T.);
#4805 = ORIENTED_EDGE('',*,*,#4806,.F.);
#4806 = EDGE_CURVE('',#4807,#4721,#4809,.T.);
#4807 = VERTEX_POINT('',#4808);
#4808 = CARTESIAN_POINT('',(-77.48712805802,76.659287332408,
    -17.99999999999));
#4809 = CIRCLE('',#4810,776.66179641108);
#4810 = AXIS2_PLACEMENT_3D('',#4811,#4812,#4813);
#4811 = CARTESIAN_POINT('',(496.69011999733,-420.8011740336,
    143.42218929727));
#4812 = DIRECTION('',(-0.338892365106,-0.620606127009,-0.707106781181));
#4813 = DIRECTION('',(-0.73928864624,0.640511048264,-0.207841032021));
#4814 = ORIENTED_EDGE('',*,*,#4815,.T.);
#4815 = EDGE_CURVE('',#4807,#4816,#4818,.T.);
#4816 = VERTEX_POINT('',#4817);
#4817 = CARTESIAN_POINT('',(-74.31534242903,74.927280691307,
    -17.99999999999));
#4818 = LINE('',#4819,#4820);
#4819 = CARTESIAN_POINT('',(10.427670999532,28.651939538437,
    -17.99999999999));
#4820 = VECTOR('',#4821,1.);
#4821 = DIRECTION('',(0.877669601687,-0.479266178938,-1.076E-14));
#4822 = ORIENTED_EDGE('',*,*,#4823,.T.);
#4823 = EDGE_CURVE('',#4816,#4729,#4824,.T.);
#4824 = LINE('',#4825,#4826);
#4825 = CARTESIAN_POINT('',(-74.31534242903,74.927280691307,
    -17.99999999999));
#4826 = VECTOR('',#4827,1.);
#4827 = DIRECTION('',(6.827531796168E-02,0.733377123013,-0.676384858197)
  );
#4828 = PLANE('',#4829);
#4829 = AXIS2_PLACEMENT_3D('',#4830,#4831,#4832);
#4830 = CARTESIAN_POINT('',(10.667304089001,29.090774339281,
    -18.49999999999));
#4831 = DIRECTION('',(0.33889236512,0.620606126995,0.707106781187));
#4832 = DIRECTION('',(0.9017810554,3.038917145654E-16,-0.43219316066));
#4833 = ADVANCED_FACE('',(#4834),#4854,.F.);
#4834 = FACE_BOUND('',#4835,.F.);
#4835 = EDGE_LOOP('',(#4836,#4837,#4846,#4853));
#4836 = ORIENTED_EDGE('',*,*,#4806,.F.);
#4837 = ORIENTED_EDGE('',*,*,#4838,.F.);
#4838 = EDGE_CURVE('',#4839,#4807,#4841,.T.);
#4839 = VERTEX_POINT('',#4840);
#4840 = CARTESIAN_POINT('',(-77.48712805802,120.54071266759,
    -17.99999999999));
#4841 = CIRCLE('',#4842,88.5);
#4842 = AXIS2_PLACEMENT_3D('',#4843,#4844,#4845);
#4843 = CARTESIAN_POINT('',(8.25,98.6,-17.99999999999));
#4844 = DIRECTION('',(1.226E-14,0.,1.));
#4845 = DIRECTION('',(-1.,0.,1.226E-14));
#4846 = ORIENTED_EDGE('',*,*,#4847,.T.);
#4847 = EDGE_CURVE('',#4839,#4752,#4848,.T.);
#4848 = CIRCLE('',#4849,776.66177635864);
#4849 = AXIS2_PLACEMENT_3D('',#4850,#4851,#4852);
#4850 = CARTESIAN_POINT('',(496.69010522521,618.00116110532,
    143.42218520358));
#4851 = DIRECTION('',(0.338892364988,-0.620606127109,0.707106781149));
#4852 = DIRECTION('',(-0.739288646308,-0.640511048155,-0.207841032116));
#4853 = ORIENTED_EDGE('',*,*,#4751,.F.);
#4854 = CONICAL_SURFACE('',#4855,88.,0.785398163397);
#4855 = AXIS2_PLACEMENT_3D('',#4856,#4857,#4858);
#4856 = CARTESIAN_POINT('',(8.25,98.6,-18.5));
#4857 = DIRECTION('',(0.,0.,1.));
#4858 = DIRECTION('',(-1.,0.,0.));
#4859 = ADVANCED_FACE('',(#4860),#4878,.T.);
#4860 = FACE_BOUND('',#4861,.T.);
#4861 = EDGE_LOOP('',(#4862,#4863,#4871,#4877));
#4862 = ORIENTED_EDGE('',*,*,#4790,.T.);
#4863 = ORIENTED_EDGE('',*,*,#4864,.F.);
#4864 = EDGE_CURVE('',#4865,#3125,#4867,.T.);
#4865 = VERTEX_POINT('',#4866);
#4866 = CARTESIAN_POINT('',(-74.31534242903,122.27271930869,
    -17.99999999999));
#4867 = LINE('',#4868,#4869);
#4868 = CARTESIAN_POINT('',(-74.31534242903,122.27271930869,
    -17.99999999999));
#4869 = VECTOR('',#4870,1.);
#4870 = DIRECTION('',(6.827531796166E-02,-0.733377123013,-0.676384858197
    ));
#4871 = ORIENTED_EDGE('',*,*,#4872,.T.);
#4872 = EDGE_CURVE('',#4865,#4839,#4873,.T.);
#4873 = LINE('',#4874,#4875);
#4874 = CARTESIAN_POINT('',(-31.04717233861,145.90002793257,
    -17.99999999999));
#4875 = VECTOR('',#4876,1.);
#4876 = DIRECTION('',(-0.877669601687,-0.479266178938,1.076E-14));
#4877 = ORIENTED_EDGE('',*,*,#4847,.T.);
#4878 = PLANE('',#4879);
#4879 = AXIS2_PLACEMENT_3D('',#4880,#4881,#4882);
#4880 = CARTESIAN_POINT('',(-30.80753924914,145.46119313173,
    -18.49999999999));
#4881 = DIRECTION('',(0.33889236512,-0.620606126995,0.707106781187));
#4882 = DIRECTION('',(0.9017810554,-5.498120726287E-17,-0.43219316066));
#4883 = ADVANCED_FACE('',(#4884),#4902,.T.);
#4884 = FACE_BOUND('',#4885,.T.);
#4885 = EDGE_LOOP('',(#4886,#4894,#4895,#4896));
#4886 = ORIENTED_EDGE('',*,*,#4887,.T.);
#4887 = EDGE_CURVE('',#4888,#4865,#4890,.T.);
#4888 = VERTEX_POINT('',#4889);
#4889 = CARTESIAN_POINT('',(-67.81172463717,120.15956579134,
    -17.99999999999));
#4890 = LINE('',#4891,#4892);
#4891 = CARTESIAN_POINT('',(29.599803912813,88.508641525302,
    -17.99999999999));
#4892 = VECTOR('',#4893,1.);
#4893 = DIRECTION('',(-0.951056516295,0.309016994375,1.166E-14));
#4894 = ORIENTED_EDGE('',*,*,#4864,.T.);
#4895 = ORIENTED_EDGE('',*,*,#3124,.T.);
#4896 = ORIENTED_EDGE('',*,*,#4897,.F.);
#4897 = EDGE_CURVE('',#4888,#3117,#4898,.T.);
#4898 = LINE('',#4899,#4900);
#4899 = CARTESIAN_POINT('',(-67.81172463717,120.15956579134,
    -17.99999999999));
#4900 = VECTOR('',#4901,1.);
#4901 = DIRECTION('',(-0.466542074528,-0.564442922428,-0.680986549072));
#4902 = PLANE('',#4903);
#4903 = AXIS2_PLACEMENT_3D('',#4904,#4905,#4906);
#4904 = CARTESIAN_POINT('',(29.445295415626,88.033113267155,-18.5));
#4905 = DIRECTION('',(-0.218508012225,-0.672498511965,0.707106781186));
#4906 = DIRECTION('',(0.95542256322,-1.097860185983E-16,0.295241808845)
  );
#4907 = ADVANCED_FACE('',(#4908),#4934,.T.);
#4908 = FACE_BOUND('',#4909,.T.);
#4909 = EDGE_LOOP('',(#4910,#4918,#4919,#4927));
#4910 = ORIENTED_EDGE('',*,*,#4911,.T.);
#4911 = EDGE_CURVE('',#4912,#4888,#4914,.T.);
#4912 = VERTEX_POINT('',#4913);
#4913 = CARTESIAN_POINT('',(-66.02497804421,116.91604860585,
    -17.99999999999));
#4914 = LINE('',#4915,#4916);
#4915 = CARTESIAN_POINT('',(-21.64203557489,36.346796531165,
    -17.99999999999));
#4916 = VECTOR('',#4917,1.);
#4917 = DIRECTION('',(-0.482501678878,0.875895045014,5.92E-15));
#4918 = ORIENTED_EDGE('',*,*,#4897,.T.);
#4919 = ORIENTED_EDGE('',*,*,#4920,.T.);
#4920 = EDGE_CURVE('',#3117,#4921,#4923,.T.);
#4921 = VERTEX_POINT('',#4922);
#4922 = CARTESIAN_POINT('',(-67.08878013695,116.77465838675,
    -18.99999999999));
#4923 = LINE('',#4924,#4925);
#4924 = CARTESIAN_POINT('',(-22.5179306199,35.864294852287,
    -18.99999999999));
#4925 = VECTOR('',#4926,1.);
#4926 = DIRECTION('',(0.482501678878,-0.875895045014,-5.92E-15));
#4927 = ORIENTED_EDGE('',*,*,#4928,.F.);
#4928 = EDGE_CURVE('',#4912,#4921,#4929,.T.);
#4929 = CIRCLE('',#4930,766.28872167921);
#4930 = AXIS2_PLACEMENT_3D('',#4931,#4932,#4933);
#4931 = CARTESIAN_POINT('',(163.90502466169,-599.6670691251,
    -162.358007091));
#4932 = DIRECTION('',(-0.619351325993,-0.341180208896,0.70710678122));
#4933 = DIRECTION('',(-0.30005661861,0.935134626751,0.18838592166));
#4934 = PLANE('',#4935);
#4935 = AXIS2_PLACEMENT_3D('',#4936,#4937,#4938);
#4936 = CARTESIAN_POINT('',(-22.0799830974,36.105545691726,
    -18.49999999999));
#4937 = DIRECTION('',(-0.619351325937,-0.341180209069,0.707106781187));
#4938 = DIRECTION('',(0.752242931618,2.076455960976E-16,0.658885856451)
  );
#4939 = ADVANCED_FACE('',(#4940),#4968,.T.);
#4940 = FACE_BOUND('',#4941,.T.);
#4941 = EDGE_LOOP('',(#4942,#4951,#4952,#4961));
#4942 = ORIENTED_EDGE('',*,*,#4943,.T.);
#4943 = EDGE_CURVE('',#4944,#4912,#4946,.T.);
#4944 = VERTEX_POINT('',#4945);
#4945 = CARTESIAN_POINT('',(-66.02497804421,80.283951394151,
    -17.99999999999));
#4946 = CIRCLE('',#4947,76.5);
#4947 = AXIS2_PLACEMENT_3D('',#4948,#4949,#4950);
#4948 = CARTESIAN_POINT('',(8.25,98.6,-17.99999999999));
#4949 = DIRECTION('',(-1.226E-14,0.,-1.));
#4950 = DIRECTION('',(-1.,0.,1.226E-14));
#4951 = ORIENTED_EDGE('',*,*,#4928,.T.);
#4952 = ORIENTED_EDGE('',*,*,#4953,.T.);
#4953 = EDGE_CURVE('',#4921,#4954,#4956,.T.);
#4954 = VERTEX_POINT('',#4955);
#4955 = CARTESIAN_POINT('',(-67.08878013695,80.425341613245,
    -18.99999999999));
#4956 = CIRCLE('',#4957,77.5);
#4957 = AXIS2_PLACEMENT_3D('',#4958,#4959,#4960);
#4958 = CARTESIAN_POINT('',(8.25,98.6,-19.));
#4959 = DIRECTION('',(1.226E-14,0.,1.));
#4960 = DIRECTION('',(-1.,0.,1.226E-14));
#4961 = ORIENTED_EDGE('',*,*,#4962,.F.);
#4962 = EDGE_CURVE('',#4944,#4954,#4963,.T.);
#4963 = CIRCLE('',#4964,766.28869655155);
#4964 = AXIS2_PLACEMENT_3D('',#4965,#4966,#4967);
#4965 = CARTESIAN_POINT('',(163.9050171667,796.86704559525,
    -162.3580024458));
#4966 = DIRECTION('',(0.619351325953,-0.34118020902,-0.707106781196));
#4967 = DIRECTION('',(-0.300056618668,-0.935134626709,0.188385921775));
#4968 = CONICAL_SURFACE('',#4969,77.,0.785398163396);
#4969 = AXIS2_PLACEMENT_3D('',#4970,#4971,#4972);
#4970 = CARTESIAN_POINT('',(8.25,98.6,-18.5));
#4971 = DIRECTION('',(0.,0.,-1.));
#4972 = DIRECTION('',(-1.,0.,0.));
#4973 = ADVANCED_FACE('',(#4974),#4999,.T.);
#4974 = FACE_BOUND('',#4975,.T.);
#4975 = EDGE_LOOP('',(#4976,#4984,#4985,#4993));
#4976 = ORIENTED_EDGE('',*,*,#4977,.T.);
#4977 = EDGE_CURVE('',#4978,#4944,#4980,.T.);
#4978 = VERTEX_POINT('',#4979);
#4979 = CARTESIAN_POINT('',(-67.81172463717,77.040434208652,
    -17.99999999999));
#4980 = LINE('',#4981,#4982);
#4981 = CARTESIAN_POINT('',(-63.31244938729,85.208059462705,
    -17.99999999999));
#4982 = VECTOR('',#4983,1.);
#4983 = DIRECTION('',(0.482501678878,0.875895045014,-5.92E-15));
#4984 = ORIENTED_EDGE('',*,*,#4962,.T.);
#4985 = ORIENTED_EDGE('',*,*,#4986,.T.);
#4986 = EDGE_CURVE('',#4954,#4987,#4989,.T.);
#4987 = VERTEX_POINT('',#4988);
#4988 = CARTESIAN_POINT('',(-68.49682197891,77.869294812724,-19.));
#4989 = LINE('',#4990,#4991);
#4990 = CARTESIAN_POINT('',(-64.1883444323,85.690561141583,
    -18.99999999999));
#4991 = VECTOR('',#4992,1.);
#4992 = DIRECTION('',(-0.482501678878,-0.875895045014,5.92E-15));
#4993 = ORIENTED_EDGE('',*,*,#4994,.F.);
#4994 = EDGE_CURVE('',#4978,#4987,#4995,.T.);
#4995 = LINE('',#4996,#4997);
#4996 = CARTESIAN_POINT('',(-67.81172463717,77.040434208652,
    -17.99999999999));
#4997 = VECTOR('',#4998,1.);
#4998 = DIRECTION('',(-0.466542074528,0.564442922428,-0.680986549072));
#4999 = PLANE('',#5000);
#5000 = AXIS2_PLACEMENT_3D('',#5001,#5002,#5003);
#5001 = CARTESIAN_POINT('',(-63.75039690979,85.449310302144,
    -18.49999999999));
#5002 = DIRECTION('',(-0.619351325937,0.341180209069,0.707106781187));
#5003 = DIRECTION('',(0.752242931618,-2.460096208491E-17,0.658885856451)
  );
#5004 = ADVANCED_FACE('',(#5005),#5021,.T.);
#5005 = FACE_BOUND('',#5006,.T.);
#5006 = EDGE_LOOP('',(#5007,#5013,#5014,#5020));
#5007 = ORIENTED_EDGE('',*,*,#5008,.T.);
#5008 = EDGE_CURVE('',#4816,#4978,#5009,.T.);
#5009 = LINE('',#5010,#5011);
#5010 = CARTESIAN_POINT('',(-4.138911521177,97.728985304598,
    -17.99999999999));
#5011 = VECTOR('',#5012,1.);
#5012 = DIRECTION('',(0.951056516295,0.309016994375,-1.166E-14));
#5013 = ORIENTED_EDGE('',*,*,#4994,.T.);
#5014 = ORIENTED_EDGE('',*,*,#5015,.T.);
#5015 = EDGE_CURVE('',#4987,#4729,#5016,.T.);
#5016 = LINE('',#5017,#5018);
#5017 = CARTESIAN_POINT('',(-4.447928515552,98.680041820893,-19.));
#5018 = VECTOR('',#5019,1.);
#5019 = DIRECTION('',(-0.951056516295,-0.309016994375,1.166E-14));
#5020 = ORIENTED_EDGE('',*,*,#4823,.F.);
#5021 = PLANE('',#5022);
#5022 = AXIS2_PLACEMENT_3D('',#5023,#5024,#5025);
#5023 = CARTESIAN_POINT('',(-4.293420018365,98.204513562745,-18.5));
#5024 = DIRECTION('',(-0.218508012225,0.672498511965,0.707106781186));
#5025 = DIRECTION('',(0.95542256322,-2.103774080616E-16,0.295241808845)
  );
#5026 = ADVANCED_FACE('',(#5027),#5061,.T.);
#5027 = FACE_BOUND('',#5028,.T.);
#5028 = EDGE_LOOP('',(#5029,#5039,#5047,#5055));
#5029 = ORIENTED_EDGE('',*,*,#5030,.F.);
#5030 = EDGE_CURVE('',#5031,#5033,#5035,.T.);
#5031 = VERTEX_POINT('',#5032);
#5032 = CARTESIAN_POINT('',(-47.91174270252,31.502245517342,-21.15));
#5033 = VERTEX_POINT('',#5034);
#5034 = CARTESIAN_POINT('',(-45.1879385766,31.854193942725,-21.15));
#5035 = LINE('',#5036,#5037);
#5036 = CARTESIAN_POINT('',(-88.37325101424,26.274129441224,-21.15));
#5037 = VECTOR('',#5038,1.);
#5038 = DIRECTION('',(0.991755215114,0.128146764667,0.));
#5039 = ORIENTED_EDGE('',*,*,#5040,.T.);
#5040 = EDGE_CURVE('',#5031,#5041,#5043,.T.);
#5041 = VERTEX_POINT('',#5042);
#5042 = CARTESIAN_POINT('',(-47.91174270252,31.502245517341,-19.));
#5043 = LINE('',#5044,#5045);
#5044 = CARTESIAN_POINT('',(-47.91174270252,31.502245517342,-18.));
#5045 = VECTOR('',#5046,1.);
#5046 = DIRECTION('',(0.,0.,1.));
#5047 = ORIENTED_EDGE('',*,*,#5048,.F.);
#5048 = EDGE_CURVE('',#5049,#5041,#5051,.T.);
#5049 = VERTEX_POINT('',#5050);
#5050 = CARTESIAN_POINT('',(-45.1879385766,31.854193942725,
    -18.99999999999));
#5051 = LINE('',#5052,#5053);
#5052 = CARTESIAN_POINT('',(26.877548791443,41.165926222687,
    -18.99999999999));
#5053 = VECTOR('',#5054,1.);
#5054 = DIRECTION('',(-0.991755215114,-0.128146764667,1.216E-14));
#5055 = ORIENTED_EDGE('',*,*,#5056,.T.);
#5056 = EDGE_CURVE('',#5049,#5033,#5057,.T.);
#5057 = LINE('',#5058,#5059);
#5058 = CARTESIAN_POINT('',(-45.1879385766,31.854193942725,-18.));
#5059 = VECTOR('',#5060,1.);
#5060 = DIRECTION('',(0.,0.,-1.));
#5061 = PLANE('',#5062);
#5062 = AXIS2_PLACEMENT_3D('',#5063,#5064,#5065);
#5063 = CARTESIAN_POINT('',(-46.54984063956,31.678219730034,-18.));
#5064 = DIRECTION('',(-0.128146764667,0.991755215114,0.));
#5065 = DIRECTION('',(0.,0.,1.));
#5066 = ADVANCED_FACE('',(#5067),#5094,.F.);
#5067 = FACE_BOUND('',#5068,.F.);
#5068 = EDGE_LOOP('',(#5069,#5070,#5079,#5087));
#5069 = ORIENTED_EDGE('',*,*,#5040,.T.);
#5070 = ORIENTED_EDGE('',*,*,#5071,.T.);
#5071 = EDGE_CURVE('',#5041,#5072,#5074,.T.);
#5072 = VERTEX_POINT('',#5073);
#5073 = CARTESIAN_POINT('',(-72.91868955829,65.921355055807,
    -18.99999999999));
#5074 = CIRCLE('',#5075,87.5);
#5075 = AXIS2_PLACEMENT_3D('',#5076,#5077,#5078);
#5076 = CARTESIAN_POINT('',(8.25,98.6,-19.));
#5077 = DIRECTION('',(-1.226E-14,0.,-1.));
#5078 = DIRECTION('',(-1.,0.,1.226E-14));
#5079 = ORIENTED_EDGE('',*,*,#5080,.T.);
#5080 = EDGE_CURVE('',#5072,#5081,#5083,.T.);
#5081 = VERTEX_POINT('',#5082);
#5082 = CARTESIAN_POINT('',(-72.91868955829,65.921355055808,-21.15));
#5083 = LINE('',#5084,#5085);
#5084 = CARTESIAN_POINT('',(-72.91868955829,65.921355055808,-18.));
#5085 = VECTOR('',#5086,1.);
#5086 = DIRECTION('',(0.,0.,-1.));
#5087 = ORIENTED_EDGE('',*,*,#5088,.T.);
#5088 = EDGE_CURVE('',#5081,#5031,#5089,.T.);
#5089 = CIRCLE('',#5090,87.5);
#5090 = AXIS2_PLACEMENT_3D('',#5091,#5092,#5093);
#5091 = CARTESIAN_POINT('',(8.25,98.6,-21.15));
#5092 = DIRECTION('',(0.,0.,1.));
#5093 = DIRECTION('',(-1.,0.,0.));
#5094 = CYLINDRICAL_SURFACE('',#5095,87.5);
#5095 = AXIS2_PLACEMENT_3D('',#5096,#5097,#5098);
#5096 = CARTESIAN_POINT('',(8.25,98.6,-18.));
#5097 = DIRECTION('',(0.,0.,-1.));
#5098 = DIRECTION('',(-1.,0.,0.));
#5099 = ADVANCED_FACE('',(#5100),#5116,.T.);
#5100 = FACE_BOUND('',#5101,.T.);
#5101 = EDGE_LOOP('',(#5102,#5108,#5109,#5115));
#5102 = ORIENTED_EDGE('',*,*,#5103,.F.);
#5103 = EDGE_CURVE('',#3069,#5081,#5104,.T.);
#5104 = LINE('',#5105,#5106);
#5105 = CARTESIAN_POINT('',(-90.389542152,29.065612711959,-21.15));
#5106 = VECTOR('',#5107,1.);
#5107 = DIRECTION('',(-0.428344031309,-0.903615731847,0.));
#5108 = ORIENTED_EDGE('',*,*,#3092,.T.);
#5109 = ORIENTED_EDGE('',*,*,#5110,.F.);
#5110 = EDGE_CURVE('',#5072,#3085,#5111,.T.);
#5111 = LINE('',#5112,#5113);
#5112 = CARTESIAN_POINT('',(-68.89043612389,74.419181356953,
    -18.99999999999));
#5113 = VECTOR('',#5114,1.);
#5114 = DIRECTION('',(0.428344031309,0.903615731847,-5.25E-15));
#5115 = ORIENTED_EDGE('',*,*,#5080,.T.);
#5116 = PLANE('',#5117);
#5117 = AXIS2_PLACEMENT_3D('',#5118,#5119,#5120);
#5118 = CARTESIAN_POINT('',(-72.33047725449,67.162221865049,-18.));
#5119 = DIRECTION('',(0.903615731847,-0.428344031309,0.));
#5120 = DIRECTION('',(0.,0.,-1.));
#5121 = ADVANCED_FACE('',(#5122),#5148,.T.);
#5122 = FACE_BOUND('',#5123,.T.);
#5123 = EDGE_LOOP('',(#5124,#5125,#5134,#5142));
#5124 = ORIENTED_EDGE('',*,*,#5048,.T.);
#5125 = ORIENTED_EDGE('',*,*,#5126,.F.);
#5126 = EDGE_CURVE('',#5127,#5041,#5129,.T.);
#5127 = VERTEX_POINT('',#5128);
#5128 = CARTESIAN_POINT('',(-48.21636631704,30.454571136802,
    -17.99999999999));
#5129 = CIRCLE('',#5130,776.66177810947);
#5130 = AXIS2_PLACEMENT_3D('',#5131,#5132,#5133);
#5131 = CARTESIAN_POINT('',(708.70269010289,-34.50647600898,
    143.42218545863));
#5132 = DIRECTION('',(9.061344626293E-02,-0.701276837883,-0.70710678119)
  );
#5133 = DIRECTION('',(-0.974580026665,8.364135969703E-02,-0.207841031976
    ));
#5134 = ORIENTED_EDGE('',*,*,#5135,.T.);
#5135 = EDGE_CURVE('',#5127,#5136,#5138,.T.);
#5136 = VERTEX_POINT('',#5137);
#5137 = CARTESIAN_POINT('',(-44.63228988016,30.917677145933,
    -17.99999999999));
#5138 = LINE('',#5139,#5140);
#5139 = CARTESIAN_POINT('',(27.005695556111,40.174171007574,
    -17.99999999999));
#5140 = VECTOR('',#5141,1.);
#5141 = DIRECTION('',(0.991755215114,0.128146764667,-1.216E-14));
#5142 = ORIENTED_EDGE('',*,*,#5143,.T.);
#5143 = EDGE_CURVE('',#5136,#5049,#5144,.T.);
#5144 = LINE('',#5145,#5146);
#5145 = CARTESIAN_POINT('',(-44.63228988016,30.917677145933,
    -17.99999999999));
#5146 = VECTOR('',#5147,1.);
#5147 = DIRECTION('',(-0.375832364748,0.633445780797,-0.676384858197));
#5148 = PLANE('',#5149);
#5149 = AXIS2_PLACEMENT_3D('',#5150,#5151,#5152);
#5150 = CARTESIAN_POINT('',(26.941622173777,40.670048615131,
    -18.49999999999));
#5151 = DIRECTION('',(-9.061344628343E-02,0.701276837884,0.707106781187)
  );
#5152 = DIRECTION('',(0.991888964848,1.947613125521E-16,0.127107361755)
  );
#5153 = ADVANCED_FACE('',(#5154),#5174,.F.);
#5154 = FACE_BOUND('',#5155,.F.);
#5155 = EDGE_LOOP('',(#5156,#5157,#5166,#5173));
#5156 = ORIENTED_EDGE('',*,*,#5126,.F.);
#5157 = ORIENTED_EDGE('',*,*,#5158,.F.);
#5158 = EDGE_CURVE('',#5159,#5127,#5161,.T.);
#5159 = VERTEX_POINT('',#5160);
#5160 = CARTESIAN_POINT('',(-74.00922097864,65.955389970362,
    -17.99999999999));
#5161 = CIRCLE('',#5162,88.5);
#5162 = AXIS2_PLACEMENT_3D('',#5163,#5164,#5165);
#5163 = CARTESIAN_POINT('',(8.25,98.6,-17.99999999999));
#5164 = DIRECTION('',(1.226E-14,0.,1.));
#5165 = DIRECTION('',(-1.,0.,1.226E-14));
#5166 = ORIENTED_EDGE('',*,*,#5167,.T.);
#5167 = EDGE_CURVE('',#5159,#5072,#5168,.T.);
#5168 = CIRCLE('',#5169,776.66179619275);
#5169 = AXIS2_PLACEMENT_3D('',#5170,#5171,#5172);
#5170 = CARTESIAN_POINT('',(98.110007660258,805.90227563792,
    143.4221892708));
#5171 = DIRECTION('',(0.638952811564,-0.302884969272,0.707106781175));
#5172 = DIRECTION('',(-0.221614130478,-0.952727286568,-0.207841032045));
#5173 = ORIENTED_EDGE('',*,*,#5071,.F.);
#5174 = CONICAL_SURFACE('',#5175,88.,0.785398163397);
#5175 = AXIS2_PLACEMENT_3D('',#5176,#5177,#5178);
#5176 = CARTESIAN_POINT('',(8.25,98.6,-18.5));
#5177 = DIRECTION('',(0.,0.,1.));
#5178 = DIRECTION('',(-1.,0.,0.));
#5179 = ADVANCED_FACE('',(#5180),#5198,.T.);
#5180 = FACE_BOUND('',#5181,.T.);
#5181 = EDGE_LOOP('',(#5182,#5183,#5191,#5197));
#5182 = ORIENTED_EDGE('',*,*,#5110,.T.);
#5183 = ORIENTED_EDGE('',*,*,#5184,.F.);
#5184 = EDGE_CURVE('',#5185,#3085,#5187,.T.);
#5185 = VERTEX_POINT('',#5186);
#5186 = CARTESIAN_POINT('',(-72.46124046278,69.220941593536,
    -17.99999999999));
#5187 = LINE('',#5188,#5189);
#5188 = CARTESIAN_POINT('',(-72.46124046278,69.220941593536,
    -17.99999999999));
#5189 = VECTOR('',#5190,1.);
#5190 = DIRECTION('',(0.486304149803,-0.55318333081,-0.676384858197));
#5191 = ORIENTED_EDGE('',*,*,#5192,.T.);
#5192 = EDGE_CURVE('',#5185,#5159,#5193,.T.);
#5193 = LINE('',#5194,#5195);
#5194 = CARTESIAN_POINT('',(-69.79405185573,74.847525388262,
    -17.99999999999));
#5195 = VECTOR('',#5196,1.);
#5196 = DIRECTION('',(-0.428344031309,-0.903615731847,5.25E-15));
#5197 = ORIENTED_EDGE('',*,*,#5167,.T.);
#5198 = PLANE('',#5199);
#5199 = AXIS2_PLACEMENT_3D('',#5200,#5201,#5202);
#5200 = CARTESIAN_POINT('',(-69.34224398981,74.633353372608,
    -18.49999999999));
#5201 = DIRECTION('',(0.638952811576,-0.30288496922,0.707106781187));
#5202 = DIRECTION('',(0.741958717442,-1.191585248113E-16,-0.670445569462
    ));
#5203 = ADVANCED_FACE('',(#5204),#5222,.T.);
#5204 = FACE_BOUND('',#5205,.T.);
#5205 = EDGE_LOOP('',(#5206,#5214,#5215,#5216));
#5206 = ORIENTED_EDGE('',*,*,#5207,.T.);
#5207 = EDGE_CURVE('',#5208,#5185,#5210,.T.);
#5208 = VERTEX_POINT('',#5209);
#5209 = CARTESIAN_POINT('',(-65.95762267092,71.334095110881,
    -17.99999999999));
#5210 = LINE('',#5211,#5212);
#5211 = CARTESIAN_POINT('',(2.476092941044,93.569557199612,
    -17.99999999999));
#5212 = VECTOR('',#5213,1.);
#5213 = DIRECTION('',(-0.951056516295,-0.309016994375,1.166E-14));
#5214 = ORIENTED_EDGE('',*,*,#5184,.T.);
#5215 = ORIENTED_EDGE('',*,*,#3084,.T.);
#5216 = ORIENTED_EDGE('',*,*,#5217,.F.);
#5217 = EDGE_CURVE('',#5208,#3077,#5218,.T.);
#5218 = LINE('',#5219,#5220);
#5219 = CARTESIAN_POINT('',(-65.95762267092,71.334095110881,
    -17.99999999999));
#5220 = VECTOR('',#5221,1.);
#5221 = DIRECTION('',(-4.566924131997E-02,-0.73087046758,-0.680986549072
    ));
#5222 = PLANE('',#5223);
#5223 = AXIS2_PLACEMENT_3D('',#5224,#5225,#5226);
#5224 = CARTESIAN_POINT('',(2.630601438231,93.094028941465,-18.5));
#5225 = DIRECTION('',(0.218508012225,-0.672498511965,0.707106781186));
#5226 = DIRECTION('',(0.95542256322,-6.254557564229E-17,-0.295241808845)
  );
#5227 = ADVANCED_FACE('',(#5228),#5254,.T.);
#5228 = FACE_BOUND('',#5229,.T.);
#5229 = EDGE_LOOP('',(#5230,#5238,#5239,#5247));
#5230 = ORIENTED_EDGE('',*,*,#5231,.T.);
#5231 = EDGE_CURVE('',#5232,#5208,#5234,.T.);
#5232 = VERTEX_POINT('',#5233);
#5233 = CARTESIAN_POINT('',(-62.60562274538,69.760257883195,
    -17.99999999999));
#5234 = LINE('',#5235,#5236);
#5235 = CARTESIAN_POINT('',(19.399906128767,31.256869731322,
    -17.99999999999));
#5236 = VECTOR('',#5237,1.);
#5237 = DIRECTION('',(-0.905190248042,0.425006605654,1.11E-14));
#5238 = ORIENTED_EDGE('',*,*,#5217,.T.);
#5239 = ORIENTED_EDGE('',*,*,#5240,.T.);
#5240 = EDGE_CURVE('',#3077,#5241,#5243,.T.);
#5241 = VERTEX_POINT('',#5242);
#5242 = CARTESIAN_POINT('',(-63.38314963146,69.020583611639,-19.));
#5243 = LINE('',#5244,#5245);
#5244 = CARTESIAN_POINT('',(18.974899523113,30.35167948328,
    -18.99999999999));
#5245 = VECTOR('',#5246,1.);
#5246 = DIRECTION('',(0.905190248042,-0.425006605654,-1.11E-14));
#5247 = ORIENTED_EDGE('',*,*,#5248,.F.);
#5248 = EDGE_CURVE('',#5232,#5241,#5249,.T.);
#5249 = CIRCLE('',#5250,766.28872183628);
#5250 = AXIS2_PLACEMENT_3D('',#5251,#5252,#5253);
#5251 = CARTESIAN_POINT('',(544.60864577415,-374.8181975879,
    -162.3580072274));
#5252 = DIRECTION('',(-0.300525052898,-0.640066162662,0.707106781183));
#5253 = DIRECTION('',(-0.792409246301,0.580170949673,0.188385921799));
#5254 = PLANE('',#5255);
#5255 = AXIS2_PLACEMENT_3D('',#5256,#5257,#5258);
#5256 = CARTESIAN_POINT('',(19.18740282594,30.804274607301,
    -18.49999999999));
#5257 = DIRECTION('',(-0.300525052907,-0.640066162655,0.707106781187));
#5258 = DIRECTION('',(0.920328729999,-2.887853604318E-16,0.391145789622)
  );
#5259 = ADVANCED_FACE('',(#5260),#5288,.T.);
#5260 = FACE_BOUND('',#5261,.T.);
#5261 = EDGE_LOOP('',(#5262,#5271,#5272,#5281));
#5262 = ORIENTED_EDGE('',*,*,#5263,.T.);
#5263 = EDGE_CURVE('',#5264,#5232,#5266,.T.);
#5264 = VERTEX_POINT('',#5265);
#5265 = CARTESIAN_POINT('',(-41.0738162438,40.124268699335,
    -17.99999999999));
#5266 = CIRCLE('',#5267,76.5);
#5267 = AXIS2_PLACEMENT_3D('',#5268,#5269,#5270);
#5268 = CARTESIAN_POINT('',(8.25,98.6,-17.99999999999));
#5269 = DIRECTION('',(-1.226E-14,0.,-1.));
#5270 = DIRECTION('',(-1.,0.,1.226E-14));
#5271 = ORIENTED_EDGE('',*,*,#5248,.T.);
#5272 = ORIENTED_EDGE('',*,*,#5273,.T.);
#5273 = EDGE_CURVE('',#5241,#5274,#5276,.T.);
#5274 = VERTEX_POINT('',#5275);
#5275 = CARTESIAN_POINT('',(-42.01755730108,39.613368607948,
    -18.99999999999));
#5276 = CIRCLE('',#5277,77.5);
#5277 = AXIS2_PLACEMENT_3D('',#5278,#5279,#5280);
#5278 = CARTESIAN_POINT('',(8.25,98.6,-19.));
#5279 = DIRECTION('',(1.226E-14,0.,1.));
#5280 = DIRECTION('',(-1.,0.,1.226E-14));
#5281 = ORIENTED_EDGE('',*,*,#5282,.F.);
#5282 = EDGE_CURVE('',#5264,#5274,#5283,.T.);
#5283 = CIRCLE('',#5284,766.28872153263);
#5284 = AXIS2_PLACEMENT_3D('',#5285,#5286,#5287);
#5285 = CARTESIAN_POINT('',(-276.2535250525,755.00165334966,
    -162.3580071498));
#5286 = DIRECTION('',(0.701606443428,8.802498811687E-02,-0.707106781191)
  );
#5287 = DIRECTION('',(0.306907438672,-0.932908660355,0.188385921773));
#5288 = CONICAL_SURFACE('',#5289,77.,0.785398163396);
#5289 = AXIS2_PLACEMENT_3D('',#5290,#5291,#5292);
#5290 = CARTESIAN_POINT('',(8.25,98.6,-18.5));
#5291 = DIRECTION('',(0.,0.,-1.));
#5292 = DIRECTION('',(-1.,0.,0.));
#5293 = ADVANCED_FACE('',(#5294),#5319,.T.);
#5294 = FACE_BOUND('',#5295,.T.);
#5295 = EDGE_LOOP('',(#5296,#5304,#5305,#5313));
#5296 = ORIENTED_EDGE('',*,*,#5297,.T.);
#5297 = EDGE_CURVE('',#5298,#5264,#5300,.T.);
#5298 = VERTEX_POINT('',#5299);
#5299 = CARTESIAN_POINT('',(-40.61283303496,36.449984877791,
    -17.99999999999));
#5300 = LINE('',#5301,#5302);
#5301 = CARTESIAN_POINT('',(-37.33455355858,10.320336310369,
    -17.99999999999));
#5302 = VECTOR('',#5303,1.);
#5303 = DIRECTION('',(-0.124486131988,0.992221347756,1.53E-15));
#5304 = ORIENTED_EDGE('',*,*,#5282,.T.);
#5305 = ORIENTED_EDGE('',*,*,#5306,.T.);
#5306 = EDGE_CURVE('',#5274,#5307,#5309,.T.);
#5307 = VERTEX_POINT('',#5308);
#5308 = CARTESIAN_POINT('',(-41.6542804665,36.717857078595,-19.));
#5309 = LINE('',#5310,#5311);
#5310 = CARTESIAN_POINT('',(-38.32677490634,10.195850178381,
    -18.99999999999));
#5311 = VECTOR('',#5312,1.);
#5312 = DIRECTION('',(0.124486131988,-0.992221347756,-1.53E-15));
#5313 = ORIENTED_EDGE('',*,*,#5314,.F.);
#5314 = EDGE_CURVE('',#5298,#5307,#5315,.T.);
#5315 = LINE('',#5316,#5317);
#5316 = CARTESIAN_POINT('',(-40.61283303496,36.449984877791,
    -17.99999999999));
#5317 = VECTOR('',#5318,1.);
#5318 = DIRECTION('',(-0.709211692448,0.182417365617,-0.680986549072));
#5319 = PLANE('',#5320);
#5320 = AXIS2_PLACEMENT_3D('',#5321,#5322,#5323);
#5321 = CARTESIAN_POINT('',(-37.83066423246,10.258093244375,
    -18.49999999999));
#5322 = DIRECTION('',(-0.701606443436,-8.802498809249E-02,0.707106781187
    ));
#5323 = DIRECTION('',(0.709862277149,3.802444839912E-17,0.704340505353)
  );
#5324 = ADVANCED_FACE('',(#5325),#5341,.T.);
#5325 = FACE_BOUND('',#5326,.T.);
#5326 = EDGE_LOOP('',(#5327,#5333,#5334,#5340));
#5327 = ORIENTED_EDGE('',*,*,#5328,.T.);
#5328 = EDGE_CURVE('',#5136,#5298,#5329,.T.);
#5329 = LINE('',#5330,#5331);
#5330 = CARTESIAN_POINT('',(-26.27658357298,56.182139444613,
    -17.99999999999));
#5331 = VECTOR('',#5332,1.);
#5332 = DIRECTION('',(0.587785252292,0.809016994375,-7.21E-15));
#5333 = ORIENTED_EDGE('',*,*,#5314,.T.);
#5334 = ORIENTED_EDGE('',*,*,#5335,.T.);
#5335 = EDGE_CURVE('',#5307,#5049,#5336,.T.);
#5336 = LINE('',#5337,#5338);
#5337 = CARTESIAN_POINT('',(-27.08560056736,56.769924696905,-19.));
#5338 = VECTOR('',#5339,1.);
#5339 = DIRECTION('',(-0.587785252292,-0.809016994375,7.21E-15));
#5340 = ORIENTED_EDGE('',*,*,#5143,.F.);
#5341 = PLANE('',#5342);
#5342 = AXIS2_PLACEMENT_3D('',#5343,#5344,#5345);
#5343 = CARTESIAN_POINT('',(-26.68109207017,56.476032070759,
    -18.49999999999));
#5344 = DIRECTION('',(-0.572061402818,0.415626937778,0.707106781186));
#5345 = DIRECTION('',(0.777437524821,7.078509995119E-17,0.628960169646)
  );
#5346 = ADVANCED_FACE('',(#5347),#5381,.T.);
#5347 = FACE_BOUND('',#5348,.T.);
#5348 = EDGE_LOOP('',(#5349,#5359,#5367,#5375));
#5349 = ORIENTED_EDGE('',*,*,#5350,.F.);
#5350 = EDGE_CURVE('',#5351,#5353,#5355,.T.);
#5351 = VERTEX_POINT('',#5352);
#5352 = CARTESIAN_POINT('',(2.253266266789,11.305732235542,-21.15));
#5353 = VERTEX_POINT('',#5354);
#5354 = CARTESIAN_POINT('',(4.25,13.191476388169,-21.15));
#5355 = LINE('',#5356,#5357);
#5356 = CARTESIAN_POINT('',(-34.3608176566,-23.27313700173,-21.15));
#5357 = VECTOR('',#5358,1.);
#5358 = DIRECTION('',(0.727024044886,0.686611999718,0.));
#5359 = ORIENTED_EDGE('',*,*,#5360,.T.);
#5360 = EDGE_CURVE('',#5351,#5361,#5363,.T.);
#5361 = VERTEX_POINT('',#5362);
#5362 = CARTESIAN_POINT('',(2.253266266791,11.305732235541,-19.));
#5363 = LINE('',#5364,#5365);
#5364 = CARTESIAN_POINT('',(2.253266266789,11.305732235541,-18.));
#5365 = VECTOR('',#5366,1.);
#5366 = DIRECTION('',(0.,0.,1.));
#5367 = ORIENTED_EDGE('',*,*,#5368,.F.);
#5368 = EDGE_CURVE('',#5369,#5361,#5371,.T.);
#5369 = VERTEX_POINT('',#5370);
#5370 = CARTESIAN_POINT('',(4.25,13.191476388169,-18.99999999999));
#5371 = LINE('',#5372,#5373);
#5372 = CARTESIAN_POINT('',(27.57366457236,35.218681795499,
    -18.99999999999));
#5373 = VECTOR('',#5374,1.);
#5374 = DIRECTION('',(-0.727024044886,-0.686611999718,8.91E-15));
#5375 = ORIENTED_EDGE('',*,*,#5376,.T.);
#5376 = EDGE_CURVE('',#5369,#5353,#5377,.T.);
#5377 = LINE('',#5378,#5379);
#5378 = CARTESIAN_POINT('',(4.25,13.191476388169,-18.));
#5379 = VECTOR('',#5380,1.);
#5380 = DIRECTION('',(0.,0.,-1.));
#5381 = PLANE('',#5382);
#5382 = AXIS2_PLACEMENT_3D('',#5383,#5384,#5385);
#5383 = CARTESIAN_POINT('',(3.251633133395,12.248604311855,-18.));
#5384 = DIRECTION('',(-0.686611999718,0.727024044886,0.));
#5385 = DIRECTION('',(0.,0.,1.));
#5386 = ADVANCED_FACE('',(#5387),#5414,.F.);
#5387 = FACE_BOUND('',#5388,.F.);
#5388 = EDGE_LOOP('',(#5389,#5390,#5399,#5407));
#5389 = ORIENTED_EDGE('',*,*,#5360,.T.);
#5390 = ORIENTED_EDGE('',*,*,#5391,.T.);
#5391 = EDGE_CURVE('',#5361,#5392,#5394,.T.);
#5392 = VERTEX_POINT('',#5393);
#5393 = CARTESIAN_POINT('',(-38.2088237007,24.45266221673,
    -18.99999999999));
#5394 = CIRCLE('',#5395,87.5);
#5395 = AXIS2_PLACEMENT_3D('',#5396,#5397,#5398);
#5396 = CARTESIAN_POINT('',(8.25,98.6,-19.));
#5397 = DIRECTION('',(-1.226E-14,0.,-1.));
#5398 = DIRECTION('',(-1.,0.,1.226E-14));
#5399 = ORIENTED_EDGE('',*,*,#5400,.T.);
#5400 = EDGE_CURVE('',#5392,#5401,#5403,.T.);
#5401 = VERTEX_POINT('',#5402);
#5402 = CARTESIAN_POINT('',(-38.20882370071,24.45266221673,-21.15));
#5403 = LINE('',#5404,#5405);
#5404 = CARTESIAN_POINT('',(-38.20882370071,24.45266221673,-18.));
#5405 = VECTOR('',#5406,1.);
#5406 = DIRECTION('',(0.,0.,-1.));
#5407 = ORIENTED_EDGE('',*,*,#5408,.T.);
#5408 = EDGE_CURVE('',#5401,#5351,#5409,.T.);
#5409 = CIRCLE('',#5410,87.5);
#5410 = AXIS2_PLACEMENT_3D('',#5411,#5412,#5413);
#5411 = CARTESIAN_POINT('',(8.25,98.6,-21.15));
#5412 = DIRECTION('',(0.,0.,1.));
#5413 = DIRECTION('',(-1.,0.,0.));
#5414 = CYLINDRICAL_SURFACE('',#5415,87.5);
#5415 = AXIS2_PLACEMENT_3D('',#5416,#5417,#5418);
#5416 = CARTESIAN_POINT('',(8.25,98.6,-18.));
#5417 = DIRECTION('',(0.,0.,-1.));
#5418 = DIRECTION('',(-1.,0.,0.));
#5419 = ADVANCED_FACE('',(#5420),#5436,.T.);
#5420 = FACE_BOUND('',#5421,.T.);
#5421 = EDGE_LOOP('',(#5422,#5428,#5429,#5435));
#5422 = ORIENTED_EDGE('',*,*,#5423,.F.);
#5423 = EDGE_CURVE('',#3029,#5401,#5424,.T.);
#5424 = LINE('',#5425,#5426);
#5425 = CARTESIAN_POINT('',(-37.63874423854,21.41745353612,-21.15));
#5426 = VECTOR('',#5427,1.);
#5427 = DIRECTION('',(0.184594400151,-0.98281478796,0.));
#5428 = ORIENTED_EDGE('',*,*,#3052,.T.);
#5429 = ORIENTED_EDGE('',*,*,#5430,.F.);
#5430 = EDGE_CURVE('',#5392,#3045,#5431,.T.);
#5431 = LINE('',#5432,#5433);
#5432 = CARTESIAN_POINT('',(-33.64599526699,0.159318237092,
    -18.99999999999));
#5433 = VECTOR('',#5434,1.);
#5434 = DIRECTION('',(-0.184594400151,0.98281478796,2.26E-15));
#5435 = ORIENTED_EDGE('',*,*,#5400,.T.);
#5436 = PLANE('',#5437);
#5437 = AXIS2_PLACEMENT_3D('',#5438,#5439,#5440);
#5438 = CARTESIAN_POINT('',(-38.46231316115,25.802287070558,-18.));
#5439 = DIRECTION('',(0.98281478796,0.184594400151,0.));
#5440 = DIRECTION('',(0.,0.,-1.));
#5441 = ADVANCED_FACE('',(#5442),#5468,.T.);
#5442 = FACE_BOUND('',#5443,.T.);
#5443 = EDGE_LOOP('',(#5444,#5445,#5454,#5462));
#5444 = ORIENTED_EDGE('',*,*,#5368,.T.);
#5445 = ORIENTED_EDGE('',*,*,#5446,.F.);
#5446 = EDGE_CURVE('',#5447,#5361,#5449,.T.);
#5447 = VERTEX_POINT('',#5448);
#5448 = CARTESIAN_POINT('',(2.622628135842,10.279092589,-17.99999999999)
  );
#5449 = CIRCLE('',#5450,776.66177631972);
#5450 = AXIS2_PLACEMENT_3D('',#5451,#5452,#5453);
#5451 = CARTESIAN_POINT('',(653.16615212357,402.63035912442,
    143.42218509791));
#5452 = DIRECTION('',(0.485508001047,-0.514083632225,-0.707106781185));
#5453 = DIRECTION('',(-0.837614961651,-0.505176485438,-0.207841031991));
#5454 = ORIENTED_EDGE('',*,*,#5455,.T.);
#5455 = EDGE_CURVE('',#5447,#5456,#5458,.T.);
#5456 = VERTEX_POINT('',#5457);
#5457 = CARTESIAN_POINT('',(5.25,12.76042049327,-17.99999999999));
#5458 = LINE('',#5459,#5460);
#5459 = CARTESIAN_POINT('',(28.260276572078,34.491657750613,
    -17.99999999999));
#5460 = VECTOR('',#5461,1.);
#5461 = DIRECTION('',(0.727024044886,0.686611999718,-8.91E-15));
#5462 = ORIENTED_EDGE('',*,*,#5463,.T.);
#5463 = EDGE_CURVE('',#5456,#5369,#5464,.T.);
#5464 = LINE('',#5465,#5466);
#5465 = CARTESIAN_POINT('',(5.25,12.76042049327,-17.99999999999));
#5466 = VECTOR('',#5467,1.);
#5467 = DIRECTION('',(-0.676384858197,0.291559680346,-0.676384858197));
#5468 = PLANE('',#5469);
#5469 = AXIS2_PLACEMENT_3D('',#5470,#5471,#5472);
#5470 = CARTESIAN_POINT('',(27.916970572219,34.855169773056,
    -18.49999999999));
#5471 = DIRECTION('',(-0.485508001045,0.514083632225,0.707106781187));
#5472 = DIRECTION('',(0.824383528359,6.435181248429E-17,0.566031622941)
  );
#5473 = ADVANCED_FACE('',(#5474),#5494,.F.);
#5474 = FACE_BOUND('',#5475,.F.);
#5475 = EDGE_LOOP('',(#5476,#5477,#5486,#5493));
#5476 = ORIENTED_EDGE('',*,*,#5446,.F.);
#5477 = ORIENTED_EDGE('',*,*,#5478,.F.);
#5478 = EDGE_CURVE('',#5479,#5447,#5481,.T.);
#5479 = VERTEX_POINT('',#5480);
#5480 = CARTESIAN_POINT('',(-39.1110873735,23.839198754967,
    -17.99999999999));
#5481 = CIRCLE('',#5482,88.5);
#5482 = AXIS2_PLACEMENT_3D('',#5483,#5484,#5485);
#5483 = CARTESIAN_POINT('',(8.25,98.6,-17.99999999999));
#5484 = DIRECTION('',(1.226E-14,0.,1.));
#5485 = DIRECTION('',(-1.,0.,1.226E-14));
#5486 = ORIENTED_EDGE('',*,*,#5487,.T.);
#5487 = EDGE_CURVE('',#5479,#5392,#5488,.T.);
#5488 = CIRCLE('',#5489,776.66177621553);
#5489 = AXIS2_PLACEMENT_3D('',#5490,#5491,#5492);
#5490 = CARTESIAN_POINT('',(-334.7935655822,723.63793043654,
    143.42218512791));
#5491 = DIRECTION('',(0.694955001253,0.13052795203,0.707106781167));
#5492 = DIRECTION('',(0.380709450708,-0.901034083448,-0.207841032057));
#5493 = ORIENTED_EDGE('',*,*,#5391,.F.);
#5494 = CONICAL_SURFACE('',#5495,88.,0.785398163397);
#5495 = AXIS2_PLACEMENT_3D('',#5496,#5497,#5498);
#5496 = CARTESIAN_POINT('',(8.25,98.6,-18.5));
#5497 = DIRECTION('',(0.,0.,1.));
#5498 = DIRECTION('',(-1.,0.,0.));
#5499 = ADVANCED_FACE('',(#5500),#5518,.T.);
#5500 = FACE_BOUND('',#5501,.T.);
#5501 = EDGE_LOOP('',(#5502,#5503,#5511,#5517));
#5502 = ORIENTED_EDGE('',*,*,#5430,.T.);
#5503 = ORIENTED_EDGE('',*,*,#5504,.F.);
#5504 = EDGE_CURVE('',#5505,#3045,#5507,.T.);
#5505 = VERTEX_POINT('',#5506);
#5506 = CARTESIAN_POINT('',(-39.77818791391,27.390965632179,
    -17.99999999999));
#5507 = LINE('',#5508,#5509);
#5508 = CARTESIAN_POINT('',(-39.77818791391,27.390965632178,
    -17.99999999999));
#5509 = VECTOR('',#5510,1.);
#5510 = DIRECTION('',(0.71858132529,-0.161692308247,-0.676384858197));
#5511 = ORIENTED_EDGE('',*,*,#5512,.T.);
#5512 = EDGE_CURVE('',#5505,#5479,#5513,.T.);
#5513 = LINE('',#5514,#5515);
#5514 = CARTESIAN_POINT('',(-34.62881005495,-2.527616305865E-02,
    -17.99999999999));
#5515 = VECTOR('',#5516,1.);
#5516 = DIRECTION('',(0.184594400151,-0.98281478796,-2.26E-15));
#5517 = ORIENTED_EDGE('',*,*,#5487,.T.);
#5518 = PLANE('',#5519);
#5519 = AXIS2_PLACEMENT_3D('',#5520,#5521,#5522);
#5520 = CARTESIAN_POINT('',(-34.13740266097,6.702103701686E-02,
    -18.49999999999));
#5521 = DIRECTION('',(0.694955001217,0.130527952116,0.707106781187));
#5522 = DIRECTION('',(0.713208544401,-3.327092370759E-17,-0.700951904337
    ));
#5523 = ADVANCED_FACE('',(#5524),#5542,.T.);
#5524 = FACE_BOUND('',#5525,.T.);
#5525 = EDGE_LOOP('',(#5526,#5534,#5535,#5536));
#5526 = ORIENTED_EDGE('',*,*,#5527,.T.);
#5527 = EDGE_CURVE('',#5528,#5505,#5530,.T.);
#5528 = VERTEX_POINT('',#5529);
#5529 = CARTESIAN_POINT('',(-35.75873106871,32.923273364036,
    -17.99999999999));
#5530 = LINE('',#5531,#5532);
#5531 = CARTESIAN_POINT('',(-18.4800820471,56.705293487541,
    -17.99999999999));
#5532 = VECTOR('',#5533,1.);
#5533 = DIRECTION('',(-0.587785252292,-0.809016994375,7.21E-15));
#5534 = ORIENTED_EDGE('',*,*,#5504,.T.);
#5535 = ORIENTED_EDGE('',*,*,#3044,.T.);
#5536 = ORIENTED_EDGE('',*,*,#5537,.F.);
#5537 = EDGE_CURVE('',#5528,#3037,#5538,.T.);
#5538 = LINE('',#5539,#5540);
#5539 = CARTESIAN_POINT('',(-35.75873106871,32.923273364036,
    -17.99999999999));
#5540 = VECTOR('',#5541,1.);
#5541 = DIRECTION('',(0.392647689832,-0.61813033549,-0.680986549072));
#5542 = PLANE('',#5543);
#5543 = AXIS2_PLACEMENT_3D('',#5544,#5545,#5546);
#5544 = CARTESIAN_POINT('',(30.359467994141,123.0765163599,
    -18.49999999999));
#5545 = DIRECTION('',(0.572061402818,-0.415626937778,0.707106781186));
#5546 = DIRECTION('',(0.777437524821,-1.937132165741E-16,-0.628960169645
    ));
#5547 = ADVANCED_FACE('',(#5548),#5574,.T.);
#5548 = FACE_BOUND('',#5549,.T.);
#5549 = EDGE_LOOP('',(#5550,#5558,#5559,#5567));
#5550 = ORIENTED_EDGE('',*,*,#5551,.T.);
#5551 = EDGE_CURVE('',#5552,#5528,#5554,.T.);
#5552 = VERTEX_POINT('',#5553);
#5553 = CARTESIAN_POINT('',(-32.12182785185,33.620268422378,
    -17.99999999999));
#5554 = LINE('',#5555,#5556);
#5555 = CARTESIAN_POINT('',(30.887220696787,45.695650375281,
    -17.99999999999));
#5556 = VECTOR('',#5557,1.);
#5557 = DIRECTION('',(-0.982126908739,-0.188219911623,1.204E-14));
#5558 = ORIENTED_EDGE('',*,*,#5537,.T.);
#5559 = ORIENTED_EDGE('',*,*,#5560,.T.);
#5560 = EDGE_CURVE('',#3037,#5561,#5563,.T.);
#5561 = VERTEX_POINT('',#5562);
#5562 = CARTESIAN_POINT('',(-32.31609068796,32.564840529487,-19.));
#5563 = LINE('',#5564,#5565);
#5564 = CARTESIAN_POINT('',(31.07544060841,44.713523466543,
    -18.99999999999));
#5565 = VECTOR('',#5566,1.);
#5566 = DIRECTION('',(0.982126908739,0.188219911623,-1.204E-14));
#5567 = ORIENTED_EDGE('',*,*,#5568,.F.);
#5568 = EDGE_CURVE('',#5552,#5561,#5569,.T.);
#5569 = CIRCLE('',#5570,766.28872230671);
#5570 = AXIS2_PLACEMENT_3D('',#5571,#5572,#5573);
#5571 = CARTESIAN_POINT('',(720.4414946839,30.860334621123,
    -162.3580073075));
#5572 = DIRECTION('',(0.13309157586,-0.694468597156,0.707106781186));
#5573 = DIRECTION('',(-0.982088474786,3.601689181785E-03,0.188385921788)
  );
#5574 = PLANE('',#5575);
#5575 = AXIS2_PLACEMENT_3D('',#5576,#5577,#5578);
#5576 = CARTESIAN_POINT('',(30.981330652599,45.204586920912,
    -18.49999999999));
#5577 = DIRECTION('',(0.133091575863,-0.694468597155,0.707106781187));
#5578 = DIRECTION('',(0.982743800411,-3.251801120575E-16,-0.184971951261
    ));
#5579 = ADVANCED_FACE('',(#5580),#5608,.T.);
#5580 = FACE_BOUND('',#5581,.T.);
#5581 = EDGE_LOOP('',(#5582,#5591,#5592,#5601));
#5582 = ORIENTED_EDGE('',*,*,#5583,.T.);
#5583 = EDGE_CURVE('',#5584,#5552,#5586,.T.);
#5584 = VERTEX_POINT('',#5585);
#5585 = CARTESIAN_POINT('',(2.717366906884,22.300327844368,
    -17.99999999999));
#5586 = CIRCLE('',#5587,76.5);
#5587 = AXIS2_PLACEMENT_3D('',#5588,#5589,#5590);
#5588 = CARTESIAN_POINT('',(8.25,98.6,-17.99999999999));
#5589 = DIRECTION('',(-1.226E-14,0.,-1.));
#5590 = DIRECTION('',(-1.,0.,1.226E-14));
#5591 = ORIENTED_EDGE('',*,*,#5568,.T.);
#5592 = ORIENTED_EDGE('',*,*,#5593,.T.);
#5593 = EDGE_CURVE('',#5561,#5594,#5596,.T.);
#5594 = VERTEX_POINT('',#5595);
#5595 = CARTESIAN_POINT('',(2.254163892364,21.332283912553,
    -18.99999999999));
#5596 = CIRCLE('',#5597,77.5);
#5597 = AXIS2_PLACEMENT_3D('',#5598,#5599,#5600);
#5598 = CARTESIAN_POINT('',(8.25,98.6,-19.));
#5599 = DIRECTION('',(1.226E-14,0.,1.));
#5600 = DIRECTION('',(-1.,0.,1.226E-14));
#5601 = ORIENTED_EDGE('',*,*,#5602,.F.);
#5602 = EDGE_CURVE('',#5584,#5594,#5603,.T.);
#5603 = CIRCLE('',#5604,766.28869708135);
#5604 = AXIS2_PLACEMENT_3D('',#5605,#5606,#5607);
#5605 = CARTESIAN_POINT('',(-607.74137865,462.41310240895,
    -162.3580025934));
#5606 = DIRECTION('',(0.515871746298,0.483607631641,-0.70710678118));
#5607 = DIRECTION('',(0.796643285856,-0.574343294167,0.188385921838));
#5608 = CONICAL_SURFACE('',#5609,77.,0.785398163396);
#5609 = AXIS2_PLACEMENT_3D('',#5610,#5611,#5612);
#5610 = CARTESIAN_POINT('',(8.25,98.6,-18.5));
#5611 = DIRECTION('',(0.,0.,-1.));
#5612 = DIRECTION('',(-1.,0.,0.));
#5613 = ADVANCED_FACE('',(#5614),#5639,.T.);
#5614 = FACE_BOUND('',#5615,.T.);
#5615 = EDGE_LOOP('',(#5616,#5624,#5625,#5633));
#5616 = ORIENTED_EDGE('',*,*,#5617,.T.);
#5617 = EDGE_CURVE('',#5618,#5584,#5620,.T.);
#5618 = VERTEX_POINT('',#5619);
#5619 = CARTESIAN_POINT('',(5.25,19.598728922294,-17.99999999999));
#5620 = LINE('',#5621,#5622);
#5621 = CARTESIAN_POINT('',(33.267135025344,-10.28758267563,
    -17.99999999999));
#5622 = VECTOR('',#5623,1.);
#5623 = DIRECTION('',(-0.683924471563,0.729552820019,8.39E-15));
#5624 = ORIENTED_EDGE('',*,*,#5602,.T.);
#5625 = ORIENTED_EDGE('',*,*,#5626,.T.);
#5626 = EDGE_CURVE('',#5594,#5627,#5629,.T.);
#5627 = VERTEX_POINT('',#5628);
#5628 = CARTESIAN_POINT('',(4.25,19.203294643764,-18.99999999999));
#5629 = LINE('',#5630,#5631);
#5630 = CARTESIAN_POINT('',(32.537582205325,-10.97150714719,
    -18.99999999999));
#5631 = VECTOR('',#5632,1.);
#5632 = DIRECTION('',(0.683924471563,-0.729552820019,-8.39E-15));
#5633 = ORIENTED_EDGE('',*,*,#5634,.F.);
#5634 = EDGE_CURVE('',#5618,#5627,#5635,.T.);
#5635 = LINE('',#5636,#5637);
#5636 = CARTESIAN_POINT('',(5.25,19.598728922294,-17.99999999999));
#5637 = VECTOR('',#5638,1.);
#5638 = DIRECTION('',(-0.680986549072,-0.269285424721,-0.680986549072));
#5639 = PLANE('',#5640);
#5640 = AXIS2_PLACEMENT_3D('',#5641,#5642,#5643);
#5641 = CARTESIAN_POINT('',(32.902358615334,-10.62954491141,
    -18.49999999999));
#5642 = DIRECTION('',(-0.515871746269,-0.483607631662,0.707106781187));
#5643 = DIRECTION('',(0.807858995471,-9.43737873317E-17,0.589375808323)
  );
#5644 = ADVANCED_FACE('',(#5645),#5661,.T.);
#5645 = FACE_BOUND('',#5646,.T.);
#5646 = EDGE_LOOP('',(#5647,#5653,#5654,#5660));
#5647 = ORIENTED_EDGE('',*,*,#5648,.T.);
#5648 = EDGE_CURVE('',#5456,#5618,#5649,.T.);
#5649 = LINE('',#5650,#5651);
#5650 = CARTESIAN_POINT('',(5.25,5.595738194085,-17.99999999999));
#5651 = VECTOR('',#5652,1.);
#5652 = DIRECTION('',(-1.2E-16,1.,0.));
#5653 = ORIENTED_EDGE('',*,*,#5634,.T.);
#5654 = ORIENTED_EDGE('',*,*,#5655,.T.);
#5655 = EDGE_CURVE('',#5627,#5369,#5656,.T.);
#5656 = LINE('',#5657,#5658);
#5657 = CARTESIAN_POINT('',(4.25,5.595738194085,-19.));
#5658 = VECTOR('',#5659,1.);
#5659 = DIRECTION('',(1.2E-16,-1.,-0.));
#5660 = ORIENTED_EDGE('',*,*,#5463,.F.);
#5661 = PLANE('',#5662);
#5662 = AXIS2_PLACEMENT_3D('',#5663,#5664,#5665);
#5663 = CARTESIAN_POINT('',(4.75,5.595738194085,-18.49999999999));
#5664 = DIRECTION('',(-0.707106781187,0.,0.707106781187));
#5665 = DIRECTION('',(0.707106781187,0.,0.707106781187));
#5666 = ADVANCED_FACE('',(#5667),#5701,.T.);
#5667 = FACE_BOUND('',#5668,.T.);
#5668 = EDGE_LOOP('',(#5669,#5679,#5687,#5695));
#5669 = ORIENTED_EDGE('',*,*,#5670,.F.);
#5670 = EDGE_CURVE('',#5671,#5673,#5675,.T.);
#5671 = VERTEX_POINT('',#5672);
#5672 = CARTESIAN_POINT('',(54.70882370071,24.45266221673,-21.15));
#5673 = VERTEX_POINT('',#5674);
#5674 = CARTESIAN_POINT('',(55.215802621608,27.151911924385,-21.15));
#5675 = LINE('',#5676,#5677);
#5676 = CARTESIAN_POINT('',(49.513050422556,-3.210597386373,-21.15));
#5677 = VECTOR('',#5678,1.);
#5678 = DIRECTION('',(0.184594400151,0.98281478796,0.));
#5679 = ORIENTED_EDGE('',*,*,#5680,.T.);
#5680 = EDGE_CURVE('',#5671,#5681,#5683,.T.);
#5681 = VERTEX_POINT('',#5682);
#5682 = CARTESIAN_POINT('',(54.708823700711,24.45266221673,-19.));
#5683 = LINE('',#5684,#5685);
#5684 = CARTESIAN_POINT('',(54.70882370071,24.45266221673,-18.));
#5685 = VECTOR('',#5686,1.);
#5686 = DIRECTION('',(0.,0.,1.));
#5687 = ORIENTED_EDGE('',*,*,#5688,.F.);
#5688 = EDGE_CURVE('',#5689,#5681,#5691,.T.);
#5689 = VERTEX_POINT('',#5690);
#5690 = CARTESIAN_POINT('',(55.215802621608,27.151911924385,-19.));
#5691 = LINE('',#5692,#5693);
#5692 = CARTESIAN_POINT('',(53.505799394109,18.047537912656,
    -18.99999999999));
#5693 = VECTOR('',#5694,1.);
#5694 = DIRECTION('',(-0.184594400151,-0.98281478796,2.26E-15));
#5695 = ORIENTED_EDGE('',*,*,#5696,.T.);
#5696 = EDGE_CURVE('',#5689,#5673,#5697,.T.);
#5697 = LINE('',#5698,#5699);
#5698 = CARTESIAN_POINT('',(55.215802621608,27.151911924385,-18.));
#5699 = VECTOR('',#5700,1.);
#5700 = DIRECTION('',(0.,0.,-1.));
#5701 = PLANE('',#5702);
#5702 = AXIS2_PLACEMENT_3D('',#5703,#5704,#5705);
#5703 = CARTESIAN_POINT('',(54.962313161159,25.802287070557,-18.));
#5704 = DIRECTION('',(-0.98281478796,0.184594400151,0.));
#5705 = DIRECTION('',(0.,0.,1.));
#5706 = ADVANCED_FACE('',(#5707),#5734,.F.);
#5707 = FACE_BOUND('',#5708,.F.);
#5708 = EDGE_LOOP('',(#5709,#5710,#5719,#5727));
#5709 = ORIENTED_EDGE('',*,*,#5680,.T.);
#5710 = ORIENTED_EDGE('',*,*,#5711,.T.);
#5711 = EDGE_CURVE('',#5681,#5712,#5714,.T.);
#5712 = VERTEX_POINT('',#5713);
#5713 = CARTESIAN_POINT('',(14.246733733211,11.305732235542,-19.));
#5714 = CIRCLE('',#5715,87.5);
#5715 = AXIS2_PLACEMENT_3D('',#5716,#5717,#5718);
#5716 = CARTESIAN_POINT('',(8.25,98.6,-19.));
#5717 = DIRECTION('',(-1.226E-14,0.,-1.));
#5718 = DIRECTION('',(1.,0.,-1.226E-14));
#5719 = ORIENTED_EDGE('',*,*,#5720,.T.);
#5720 = EDGE_CURVE('',#5712,#5721,#5723,.T.);
#5721 = VERTEX_POINT('',#5722);
#5722 = CARTESIAN_POINT('',(14.246733733211,11.305732235542,-21.15));
#5723 = LINE('',#5724,#5725);
#5724 = CARTESIAN_POINT('',(14.246733733211,11.305732235541,-18.));
#5725 = VECTOR('',#5726,1.);
#5726 = DIRECTION('',(0.,0.,-1.));
#5727 = ORIENTED_EDGE('',*,*,#5728,.T.);
#5728 = EDGE_CURVE('',#5721,#5671,#5729,.T.);
#5729 = CIRCLE('',#5730,87.5);
#5730 = AXIS2_PLACEMENT_3D('',#5731,#5732,#5733);
#5731 = CARTESIAN_POINT('',(8.25,98.6,-21.15));
#5732 = DIRECTION('',(0.,0.,1.));
#5733 = DIRECTION('',(1.,0.,-0.));
#5734 = CYLINDRICAL_SURFACE('',#5735,87.5);
#5735 = AXIS2_PLACEMENT_3D('',#5736,#5737,#5738);
#5736 = CARTESIAN_POINT('',(8.25,98.6,-18.));
#5737 = DIRECTION('',(0.,0.,-1.));
#5738 = DIRECTION('',(-1.,0.,0.));
#5739 = ADVANCED_FACE('',(#5740),#5756,.T.);
#5740 = FACE_BOUND('',#5741,.T.);
#5741 = EDGE_LOOP('',(#5742,#5748,#5749,#5755));
#5742 = ORIENTED_EDGE('',*,*,#5743,.F.);
#5743 = EDGE_CURVE('',#2989,#5721,#5744,.T.);
#5744 = LINE('',#5745,#5746);
#5745 = CARTESIAN_POINT('',(-20.89174016359,44.491014069096,-21.15));
#5746 = VECTOR('',#5747,1.);
#5747 = DIRECTION('',(0.727024044886,-0.686611999718,0.));
#5748 = ORIENTED_EDGE('',*,*,#3012,.T.);
#5749 = ORIENTED_EDGE('',*,*,#5750,.F.);
#5750 = EDGE_CURVE('',#5712,#3005,#5751,.T.);
#5751 = LINE('',#5752,#5753);
#5752 = CARTESIAN_POINT('',(41.04274206537,-14.00080472814,
    -18.99999999999));
#5753 = VECTOR('',#5754,1.);
#5754 = DIRECTION('',(-0.727024044886,0.686611999718,8.91E-15));
#5755 = ORIENTED_EDGE('',*,*,#5720,.T.);
#5756 = PLANE('',#5757);
#5757 = AXIS2_PLACEMENT_3D('',#5758,#5759,#5760);
#5758 = CARTESIAN_POINT('',(13.248366866605,12.248604311855,-18.));
#5759 = DIRECTION('',(0.686611999718,0.727024044886,0.));
#5760 = DIRECTION('',(0.,0.,-1.));
#5761 = ADVANCED_FACE('',(#5762),#5788,.T.);
#5762 = FACE_BOUND('',#5763,.T.);
#5763 = EDGE_LOOP('',(#5764,#5765,#5774,#5782));
#5764 = ORIENTED_EDGE('',*,*,#5688,.T.);
#5765 = ORIENTED_EDGE('',*,*,#5766,.F.);
#5766 = EDGE_CURVE('',#5767,#5681,#5769,.T.);
#5767 = VERTEX_POINT('',#5768);
#5768 = CARTESIAN_POINT('',(55.611087373504,23.839198754967,
    -17.99999999999));
#5769 = CIRCLE('',#5770,776.66179751042);
#5770 = AXIS2_PLACEMENT_3D('',#5771,#5772,#5773);
#5771 = CARTESIAN_POINT('',(351.2935737524,723.63794960625,
    143.42218951524));
#5772 = DIRECTION('',(0.694955001218,-0.130527952115,-0.707106781186));
#5773 = DIRECTION('',(-0.380709450789,-0.901034083425,-0.207841032007));
#5774 = ORIENTED_EDGE('',*,*,#5775,.T.);
#5775 = EDGE_CURVE('',#5767,#5776,#5778,.T.);
#5776 = VERTEX_POINT('',#5777);
#5777 = CARTESIAN_POINT('',(56.278187913918,27.390965632178,
    -17.99999999999));
#5778 = LINE('',#5779,#5780);
#5779 = CARTESIAN_POINT('',(54.488614182068,17.862943512505,
    -17.99999999999));
#5780 = VECTOR('',#5781,1.);
#5781 = DIRECTION('',(0.184594400151,0.98281478796,-2.26E-15));
#5782 = ORIENTED_EDGE('',*,*,#5783,.T.);
#5783 = EDGE_CURVE('',#5776,#5689,#5784,.T.);
#5784 = LINE('',#5785,#5786);
#5785 = CARTESIAN_POINT('',(56.278187913918,27.390965632178,
    -17.99999999999));
#5786 = VECTOR('',#5787,1.);
#5787 = DIRECTION('',(-0.71858132529,-0.161692308247,-0.676384858197));
#5788 = PLANE('',#5789);
#5789 = AXIS2_PLACEMENT_3D('',#5790,#5791,#5792);
#5790 = CARTESIAN_POINT('',(53.997206788089,17.955240712581,
    -18.49999999999));
#5791 = DIRECTION('',(-0.694955001217,0.130527952116,0.707106781187));
#5792 = DIRECTION('',(0.713208544401,-1.665556169843E-17,0.700951904337)
  );
#5793 = ADVANCED_FACE('',(#5794),#5814,.F.);
#5794 = FACE_BOUND('',#5795,.F.);
#5795 = EDGE_LOOP('',(#5796,#5797,#5806,#5813));
#5796 = ORIENTED_EDGE('',*,*,#5766,.F.);
#5797 = ORIENTED_EDGE('',*,*,#5798,.F.);
#5798 = EDGE_CURVE('',#5799,#5767,#5801,.T.);
#5799 = VERTEX_POINT('',#5800);
#5800 = CARTESIAN_POINT('',(13.877371864157,10.279092589,-17.99999999999
    ));
#5801 = CIRCLE('',#5802,88.5);
#5802 = AXIS2_PLACEMENT_3D('',#5803,#5804,#5805);
#5803 = CARTESIAN_POINT('',(8.25,98.6,-17.99999999999));
#5804 = DIRECTION('',(1.226E-14,0.,1.));
#5805 = DIRECTION('',(1.,0.,-1.226E-14));
#5806 = ORIENTED_EDGE('',*,*,#5807,.T.);
#5807 = EDGE_CURVE('',#5799,#5712,#5808,.T.);
#5808 = CIRCLE('',#5809,776.66179666961);
#5809 = AXIS2_PLACEMENT_3D('',#5810,#5811,#5812);
#5810 = CARTESIAN_POINT('',(-636.6661691506,402.63036941569,
    143.42218937466));
#5811 = DIRECTION('',(0.485508001098,0.514083632193,0.707106781173));
#5812 = DIRECTION('',(0.837614961627,-0.505176485452,-0.207841032051));
#5813 = ORIENTED_EDGE('',*,*,#5711,.F.);
#5814 = CONICAL_SURFACE('',#5815,88.,0.785398163397);
#5815 = AXIS2_PLACEMENT_3D('',#5816,#5817,#5818);
#5816 = CARTESIAN_POINT('',(8.25,98.6,-18.5));
#5817 = DIRECTION('',(0.,0.,1.));
#5818 = DIRECTION('',(-1.,0.,0.));
#5819 = ADVANCED_FACE('',(#5820),#5838,.T.);
#5820 = FACE_BOUND('',#5821,.T.);
#5821 = EDGE_LOOP('',(#5822,#5823,#5831,#5837));
#5822 = ORIENTED_EDGE('',*,*,#5750,.T.);
#5823 = ORIENTED_EDGE('',*,*,#5824,.F.);
#5824 = EDGE_CURVE('',#5825,#3005,#5827,.T.);
#5825 = VERTEX_POINT('',#5826);
#5826 = CARTESIAN_POINT('',(11.25,12.76042049327,-17.99999999999));
#5827 = LINE('',#5828,#5829);
#5828 = CARTESIAN_POINT('',(11.25,12.76042049327,-17.99999999999));
#5829 = VECTOR('',#5830,1.);
#5830 = DIRECTION('',(0.676384858197,0.291559680346,-0.676384858197));
#5831 = ORIENTED_EDGE('',*,*,#5832,.T.);
#5832 = EDGE_CURVE('',#5825,#5799,#5833,.T.);
#5833 = LINE('',#5834,#5835);
#5834 = CARTESIAN_POINT('',(40.356130065652,-14.72782877302,
    -17.99999999999));
#5835 = VECTOR('',#5836,1.);
#5836 = DIRECTION('',(0.727024044886,-0.686611999718,-8.91E-15));
#5837 = ORIENTED_EDGE('',*,*,#5807,.T.);
#5838 = PLANE('',#5839);
#5839 = AXIS2_PLACEMENT_3D('',#5840,#5841,#5842);
#5840 = CARTESIAN_POINT('',(40.699436065511,-14.36431675058,
    -18.49999999999));
#5841 = DIRECTION('',(0.485508001045,0.514083632225,0.707106781187));
#5842 = DIRECTION('',(0.824383528359,-3.207867627843E-16,-0.566031622941
    ));
#5843 = ADVANCED_FACE('',(#5844),#5862,.T.);
#5844 = FACE_BOUND('',#5845,.T.);
#5845 = EDGE_LOOP('',(#5846,#5854,#5855,#5856));
#5846 = ORIENTED_EDGE('',*,*,#5847,.T.);
#5847 = EDGE_CURVE('',#5848,#5825,#5850,.T.);
#5848 = VERTEX_POINT('',#5849);
#5849 = CARTESIAN_POINT('',(11.25,19.598728922294,-17.99999999999));
#5850 = LINE('',#5851,#5852);
#5851 = CARTESIAN_POINT('',(11.25,10.60164732188,-17.99999999999));
#5852 = VECTOR('',#5853,1.);
#5853 = DIRECTION('',(7.E-17,-1.,-0.));
#5854 = ORIENTED_EDGE('',*,*,#5824,.T.);
#5855 = ORIENTED_EDGE('',*,*,#3004,.T.);
#5856 = ORIENTED_EDGE('',*,*,#5857,.F.);
#5857 = EDGE_CURVE('',#5848,#2997,#5858,.T.);
#5858 = LINE('',#5859,#5860);
#5859 = CARTESIAN_POINT('',(11.25,19.598728922294,-17.99999999999));
#5860 = VECTOR('',#5861,1.);
#5861 = DIRECTION('',(0.680986549072,-0.269285424721,-0.680986549072));
#5862 = PLANE('',#5863);
#5863 = AXIS2_PLACEMENT_3D('',#5864,#5865,#5866);
#5864 = CARTESIAN_POINT('',(11.75,10.60164732188,-18.49999999999));
#5865 = DIRECTION('',(0.707106781187,0.,0.707106781187));
#5866 = DIRECTION('',(0.707106781187,0.,-0.707106781187));
#5867 = ADVANCED_FACE('',(#5868),#5894,.T.);
#5868 = FACE_BOUND('',#5869,.T.);
#5869 = EDGE_LOOP('',(#5870,#5878,#5879,#5887));
#5870 = ORIENTED_EDGE('',*,*,#5871,.T.);
#5871 = EDGE_CURVE('',#5872,#5848,#5874,.T.);
#5872 = VERTEX_POINT('',#5873);
#5873 = CARTESIAN_POINT('',(13.782633093115,22.300327844368,
    -17.99999999999));
#5874 = LINE('',#5875,#5876);
#5875 = CARTESIAN_POINT('',(29.35327949902,38.909777377557,
    -17.99999999999));
#5876 = VECTOR('',#5877,1.);
#5877 = DIRECTION('',(-0.683924471563,-0.729552820019,8.39E-15));
#5878 = ORIENTED_EDGE('',*,*,#5857,.T.);
#5879 = ORIENTED_EDGE('',*,*,#5880,.T.);
#5880 = EDGE_CURVE('',#2997,#5881,#5883,.T.);
#5881 = VERTEX_POINT('',#5882);
#5882 = CARTESIAN_POINT('',(14.245836107634,21.332283912553,-19.));
#5883 = LINE('',#5884,#5885);
#5884 = CARTESIAN_POINT('',(30.082832319039,38.225852905994,
    -18.99999999999));
#5885 = VECTOR('',#5886,1.);
#5886 = DIRECTION('',(0.683924471563,0.729552820019,-8.39E-15));
#5887 = ORIENTED_EDGE('',*,*,#5888,.F.);
#5888 = EDGE_CURVE('',#5872,#5881,#5889,.T.);
#5889 = CIRCLE('',#5890,766.28872227639);
#5890 = AXIS2_PLACEMENT_3D('',#5891,#5892,#5893);
#5891 = CARTESIAN_POINT('',(624.24139871383,462.41311689573,
    -162.3580073228));
#5892 = DIRECTION('',(0.515871746298,-0.483607631641,0.707106781179));
#5893 = DIRECTION('',(-0.796643285846,-0.574343294188,0.188385921816));
#5894 = PLANE('',#5895);
#5895 = AXIS2_PLACEMENT_3D('',#5896,#5897,#5898);
#5896 = CARTESIAN_POINT('',(29.71805590903,38.567815141775,
    -18.49999999999));
#5897 = DIRECTION('',(0.515871746269,-0.483607631662,0.707106781187));
#5898 = DIRECTION('',(0.807858995471,1.409119228941E-16,-0.589375808323)
  );
#5899 = ADVANCED_FACE('',(#5900),#5928,.T.);
#5900 = FACE_BOUND('',#5901,.T.);
#5901 = EDGE_LOOP('',(#5902,#5911,#5912,#5921));
#5902 = ORIENTED_EDGE('',*,*,#5903,.T.);
#5903 = EDGE_CURVE('',#5904,#5872,#5906,.T.);
#5904 = VERTEX_POINT('',#5905);
#5905 = CARTESIAN_POINT('',(48.62182785186,33.620268422378,
    -17.99999999999));
#5906 = CIRCLE('',#5907,76.5);
#5907 = AXIS2_PLACEMENT_3D('',#5908,#5909,#5910);
#5908 = CARTESIAN_POINT('',(8.25,98.6,-17.99999999999));
#5909 = DIRECTION('',(-1.226E-14,0.,-1.));
#5910 = DIRECTION('',(1.,0.,-1.226E-14));
#5911 = ORIENTED_EDGE('',*,*,#5888,.T.);
#5912 = ORIENTED_EDGE('',*,*,#5913,.T.);
#5913 = EDGE_CURVE('',#5881,#5914,#5916,.T.);
#5914 = VERTEX_POINT('',#5915);
#5915 = CARTESIAN_POINT('',(48.81609068796,32.564840529486,-19.));
#5916 = CIRCLE('',#5917,77.5);
#5917 = AXIS2_PLACEMENT_3D('',#5918,#5919,#5920);
#5918 = CARTESIAN_POINT('',(8.25,98.6,-19.));
#5919 = DIRECTION('',(1.226E-14,0.,1.));
#5920 = DIRECTION('',(1.,0.,-1.226E-14));
#5921 = ORIENTED_EDGE('',*,*,#5922,.F.);
#5922 = EDGE_CURVE('',#5904,#5914,#5923,.T.);
#5923 = CIRCLE('',#5924,766.28872206587);
#5924 = AXIS2_PLACEMENT_3D('',#5925,#5926,#5927);
#5925 = CARTESIAN_POINT('',(-703.9414944435,30.860334641202,
    -162.3580072825));
#5926 = DIRECTION('',(0.133091575896,0.694468597155,-0.70710678118));
#5927 = DIRECTION('',(0.982088474781,3.601689156712E-03,0.188385921815)
  );
#5928 = CONICAL_SURFACE('',#5929,77.,0.785398163396);
#5929 = AXIS2_PLACEMENT_3D('',#5930,#5931,#5932);
#5930 = CARTESIAN_POINT('',(8.25,98.6,-18.5));
#5931 = DIRECTION('',(0.,0.,-1.));
#5932 = DIRECTION('',(-1.,0.,0.));
#5933 = ADVANCED_FACE('',(#5934),#5959,.T.);
#5934 = FACE_BOUND('',#5935,.T.);
#5935 = EDGE_LOOP('',(#5936,#5944,#5945,#5953));
#5936 = ORIENTED_EDGE('',*,*,#5937,.T.);
#5937 = EDGE_CURVE('',#5938,#5904,#5940,.T.);
#5938 = VERTEX_POINT('',#5939);
#5939 = CARTESIAN_POINT('',(52.258731068711,32.923273364036,
    -17.99999999999));
#5940 = LINE('',#5941,#5942);
#5941 = CARTESIAN_POINT('',(80.719703219277,27.468864554741,-18.));
#5942 = VECTOR('',#5943,1.);
#5943 = DIRECTION('',(-0.982126908739,0.188219911623,1.204E-14));
#5944 = ORIENTED_EDGE('',*,*,#5922,.T.);
#5945 = ORIENTED_EDGE('',*,*,#5946,.T.);
#5946 = EDGE_CURVE('',#5914,#5947,#5949,.T.);
#5947 = VERTEX_POINT('',#5948);
#5948 = CARTESIAN_POINT('',(51.682144511507,32.015575060255,-19.));
#5949 = LINE('',#5950,#5951);
#5950 = CARTESIAN_POINT('',(80.531483307655,26.486737646002,-19.));
#5951 = VECTOR('',#5952,1.);
#5952 = DIRECTION('',(0.982126908739,-0.188219911623,-1.204E-14));
#5953 = ORIENTED_EDGE('',*,*,#5954,.F.);
#5954 = EDGE_CURVE('',#5938,#5947,#5955,.T.);
#5955 = LINE('',#5956,#5957);
#5956 = CARTESIAN_POINT('',(52.258731068711,32.923273364036,
    -17.99999999999));
#5957 = VECTOR('',#5958,1.);
#5958 = DIRECTION('',(-0.392647689832,-0.61813033549,-0.680986549072));
#5959 = PLANE('',#5960);
#5960 = AXIS2_PLACEMENT_3D('',#5961,#5962,#5963);
#5961 = CARTESIAN_POINT('',(80.625593263466,26.977801100372,-18.5));
#5962 = DIRECTION('',(-0.133091575863,-0.694468597155,0.707106781187));
#5963 = DIRECTION('',(0.982743800411,-2.345442415638E-16,0.184971951261)
  );
#5964 = ADVANCED_FACE('',(#5965),#5981,.T.);
#5965 = FACE_BOUND('',#5966,.T.);
#5966 = EDGE_LOOP('',(#5967,#5973,#5974,#5980));
#5967 = ORIENTED_EDGE('',*,*,#5968,.T.);
#5968 = EDGE_CURVE('',#5776,#5938,#5969,.T.);
#5969 = LINE('',#5970,#5971);
#5970 = CARTESIAN_POINT('',(71.987943784054,5.768341677507,
    -17.99999999999));
#5971 = VECTOR('',#5972,1.);
#5972 = DIRECTION('',(-0.587785252292,0.809016994375,7.21E-15));
#5973 = ORIENTED_EDGE('',*,*,#5954,.T.);
#5974 = ORIENTED_EDGE('',*,*,#5975,.T.);
#5975 = EDGE_CURVE('',#5947,#5689,#5976,.T.);
#5976 = LINE('',#5977,#5978);
#5977 = CARTESIAN_POINT('',(71.17892678968,5.180556425215,-19.));
#5978 = VECTOR('',#5979,1.);
#5979 = DIRECTION('',(0.587785252292,-0.809016994375,-7.21E-15));
#5980 = ORIENTED_EDGE('',*,*,#5783,.F.);
#5981 = PLANE('',#5982);
#5982 = AXIS2_PLACEMENT_3D('',#5983,#5984,#5985);
#5983 = CARTESIAN_POINT('',(23.148393742809,72.139564549873,-18.5));
#5984 = DIRECTION('',(-0.572061402818,-0.415626937778,0.707106781186));
#5985 = DIRECTION('',(0.777437524821,-1.657298885137E-16,0.628960169646)
  );
#5986 = ADVANCED_FACE('',(#5987),#6012,.T.);
#5987 = FACE_BOUND('',#5988,.T.);
#5988 = EDGE_LOOP('',(#5989,#5997,#6005,#6011));
#5989 = ORIENTED_EDGE('',*,*,#5990,.F.);
#5990 = EDGE_CURVE('',#5991,#2907,#5993,.T.);
#5991 = VERTEX_POINT('',#5992);
#5992 = CARTESIAN_POINT('',(88.242264950681,68.40308867429,-21.15));
#5993 = LINE('',#5994,#5995);
#5994 = CARTESIAN_POINT('',(1.674547225295,96.530645221198,-21.15));
#5995 = VECTOR('',#5996,1.);
#5996 = DIRECTION('',(-0.951056516295,0.309016994375,0.));
#5997 = ORIENTED_EDGE('',*,*,#5998,.F.);
#5998 = EDGE_CURVE('',#5999,#5991,#6001,.T.);
#5999 = VERTEX_POINT('',#6000);
#6000 = CARTESIAN_POINT('',(88.24226495068,68.403088674289,-19.));
#6001 = LINE('',#6002,#6003);
#6002 = CARTESIAN_POINT('',(88.242264950681,68.40308867429,-18.));
#6003 = VECTOR('',#6004,1.);
#6004 = DIRECTION('',(0.,0.,-1.));
#6005 = ORIENTED_EDGE('',*,*,#6006,.F.);
#6006 = EDGE_CURVE('',#2917,#5999,#6007,.T.);
#6007 = LINE('',#6008,#6009);
#6008 = CARTESIAN_POINT('',(107.66033038323,62.093776752512,-19.));
#6009 = VECTOR('',#6010,1.);
#6010 = DIRECTION('',(0.951056516295,-0.309016994375,-1.166E-14));
#6011 = ORIENTED_EDGE('',*,*,#2916,.F.);
#6012 = PLANE('',#6013);
#6013 = AXIS2_PLACEMENT_3D('',#6014,#6015,#6016);
#6014 = CARTESIAN_POINT('',(-66.59470894632,118.71267119852,-18.));
#6015 = DIRECTION('',(-0.309016994375,-0.951056516295,0.));
#6016 = DIRECTION('',(-0.951056516295,0.309016994375,0.));
#6017 = ADVANCED_FACE('',(#6018),#6043,.T.);
#6018 = FACE_BOUND('',#6019,.T.);
#6019 = EDGE_LOOP('',(#6020,#6028,#6036,#6042));
#6020 = ORIENTED_EDGE('',*,*,#6021,.F.);
#6021 = EDGE_CURVE('',#6022,#5991,#6024,.T.);
#6022 = VERTEX_POINT('',#6023);
#6023 = CARTESIAN_POINT('',(89.418689558299,65.921355055808,-21.15));
#6024 = LINE('',#6025,#6026);
#6025 = CARTESIAN_POINT('',(81.982320958777,81.608791236029,-21.15));
#6026 = VECTOR('',#6027,1.);
#6027 = DIRECTION('',(-0.428344031309,0.903615731847,0.));
#6028 = ORIENTED_EDGE('',*,*,#6029,.T.);
#6029 = EDGE_CURVE('',#6022,#6030,#6032,.T.);
#6030 = VERTEX_POINT('',#6031);
#6031 = CARTESIAN_POINT('',(89.418689558299,65.921355055808,-19.));
#6032 = LINE('',#6033,#6034);
#6033 = CARTESIAN_POINT('',(89.418689558299,65.921355055808,-18.));
#6034 = VECTOR('',#6035,1.);
#6035 = DIRECTION('',(0.,0.,1.));
#6036 = ORIENTED_EDGE('',*,*,#6037,.F.);
#6037 = EDGE_CURVE('',#5999,#6030,#6038,.T.);
#6038 = LINE('',#6039,#6040);
#6039 = CARTESIAN_POINT('',(103.48142698689,36.255222591035,-19.));
#6040 = VECTOR('',#6041,1.);
#6041 = DIRECTION('',(0.428344031309,-0.903615731847,-5.25E-15));
#6042 = ORIENTED_EDGE('',*,*,#5998,.T.);
#6043 = PLANE('',#6044);
#6044 = AXIS2_PLACEMENT_3D('',#6045,#6046,#6047);
#6045 = CARTESIAN_POINT('',(88.83047725449,67.162221865049,-18.));
#6046 = DIRECTION('',(-0.903615731847,-0.428344031309,0.));
#6047 = DIRECTION('',(0.,0.,1.));
#6048 = ADVANCED_FACE('',(#6049),#6076,.F.);
#6049 = FACE_BOUND('',#6050,.F.);
#6050 = EDGE_LOOP('',(#6051,#6052,#6061,#6069));
#6051 = ORIENTED_EDGE('',*,*,#6029,.T.);
#6052 = ORIENTED_EDGE('',*,*,#6053,.T.);
#6053 = EDGE_CURVE('',#6030,#6054,#6056,.T.);
#6054 = VERTEX_POINT('',#6055);
#6055 = CARTESIAN_POINT('',(64.411742702528,31.502245517342,-19.));
#6056 = CIRCLE('',#6057,87.5);
#6057 = AXIS2_PLACEMENT_3D('',#6058,#6059,#6060);
#6058 = CARTESIAN_POINT('',(8.25,98.6,-19.));
#6059 = DIRECTION('',(-1.226E-14,0.,-1.));
#6060 = DIRECTION('',(1.,0.,-1.226E-14));
#6061 = ORIENTED_EDGE('',*,*,#6062,.T.);
#6062 = EDGE_CURVE('',#6054,#6063,#6065,.T.);
#6063 = VERTEX_POINT('',#6064);
#6064 = CARTESIAN_POINT('',(64.411742702528,31.502245517342,-21.15));
#6065 = LINE('',#6066,#6067);
#6066 = CARTESIAN_POINT('',(64.411742702528,31.502245517342,-18.));
#6067 = VECTOR('',#6068,1.);
#6068 = DIRECTION('',(0.,0.,-1.));
#6069 = ORIENTED_EDGE('',*,*,#6070,.T.);
#6070 = EDGE_CURVE('',#6063,#6022,#6071,.T.);
#6071 = CIRCLE('',#6072,87.5);
#6072 = AXIS2_PLACEMENT_3D('',#6073,#6074,#6075);
#6073 = CARTESIAN_POINT('',(8.25,98.6,-21.15));
#6074 = DIRECTION('',(0.,0.,1.));
#6075 = DIRECTION('',(1.,0.,-0.));
#6076 = CYLINDRICAL_SURFACE('',#6077,87.5);
#6077 = AXIS2_PLACEMENT_3D('',#6078,#6079,#6080);
#6078 = CARTESIAN_POINT('',(8.25,98.6,-18.));
#6079 = DIRECTION('',(0.,0.,-1.));
#6080 = DIRECTION('',(-1.,0.,0.));
#6081 = ADVANCED_FACE('',(#6082),#6108,.T.);
#6082 = FACE_BOUND('',#6083,.T.);
#6083 = EDGE_LOOP('',(#6084,#6085,#6094,#6102));
#6084 = ORIENTED_EDGE('',*,*,#6037,.T.);
#6085 = ORIENTED_EDGE('',*,*,#6086,.F.);
#6086 = EDGE_CURVE('',#6087,#6030,#6089,.T.);
#6087 = VERTEX_POINT('',#6088);
#6088 = CARTESIAN_POINT('',(90.509220978641,65.955389970362,-18.));
#6089 = CIRCLE('',#6090,776.6617774878);
#6090 = AXIS2_PLACEMENT_3D('',#6091,#6092,#6093);
#6091 = CARTESIAN_POINT('',(-81.61000351803,805.90225782173,
    143.42218535916));
#6092 = DIRECTION('',(0.638952811569,0.302884969252,-0.707106781179));
#6093 = DIRECTION('',(0.221614130482,-0.952727286574,-0.207841032014));
#6094 = ORIENTED_EDGE('',*,*,#6095,.T.);
#6095 = EDGE_CURVE('',#6087,#6096,#6098,.T.);
#6096 = VERTEX_POINT('',#6097);
#6097 = CARTESIAN_POINT('',(88.961240462787,69.220941593535,-18.));
#6098 = LINE('',#6099,#6100);
#6099 = CARTESIAN_POINT('',(104.38504271874,36.683566622344,-18.));
#6100 = VECTOR('',#6101,1.);
#6101 = DIRECTION('',(-0.428344031309,0.903615731847,5.25E-15));
#6102 = ORIENTED_EDGE('',*,*,#6103,.T.);
#6103 = EDGE_CURVE('',#6096,#5999,#6104,.T.);
#6104 = LINE('',#6105,#6106);
#6105 = CARTESIAN_POINT('',(88.961240462787,69.220941593535,-18.));
#6106 = VECTOR('',#6107,1.);
#6107 = DIRECTION('',(-0.486304149803,-0.55318333081,-0.676384858197));
#6108 = PLANE('',#6109);
#6109 = AXIS2_PLACEMENT_3D('',#6110,#6111,#6112);
#6110 = CARTESIAN_POINT('',(103.93323485281,36.469394606689,-18.5));
#6111 = DIRECTION('',(-0.638952811576,-0.30288496922,0.707106781187));
#6112 = DIRECTION('',(0.741958717442,3.858532931478E-17,0.670445569462)
  );
#6113 = ADVANCED_FACE('',(#6114),#6134,.F.);
#6114 = FACE_BOUND('',#6115,.F.);
#6115 = EDGE_LOOP('',(#6116,#6117,#6126,#6133));
#6116 = ORIENTED_EDGE('',*,*,#6086,.F.);
#6117 = ORIENTED_EDGE('',*,*,#6118,.F.);
#6118 = EDGE_CURVE('',#6119,#6087,#6121,.T.);
#6119 = VERTEX_POINT('',#6120);
#6120 = CARTESIAN_POINT('',(64.716366317046,30.454571136802,
    -17.99999999999));
#6121 = CIRCLE('',#6122,88.5);
#6122 = AXIS2_PLACEMENT_3D('',#6123,#6124,#6125);
#6123 = CARTESIAN_POINT('',(8.25,98.6,-17.99999999999));
#6124 = DIRECTION('',(1.226E-14,0.,1.));
#6125 = DIRECTION('',(1.,0.,-1.226E-14));
#6126 = ORIENTED_EDGE('',*,*,#6127,.T.);
#6127 = EDGE_CURVE('',#6119,#6054,#6128,.T.);
#6128 = CIRCLE('',#6129,776.66179660455);
#6129 = AXIS2_PLACEMENT_3D('',#6130,#6131,#6132);
#6130 = CARTESIAN_POINT('',(-692.2027081251,-34.50647757681,
    143.42218930676));
#6131 = DIRECTION('',(9.061344624879E-02,0.701276837881,0.707106781194)
  );
#6132 = DIRECTION('',(0.974580026662,8.364135972391E-02,-0.207841031981)
  );
#6133 = ORIENTED_EDGE('',*,*,#6053,.F.);
#6134 = CONICAL_SURFACE('',#6135,88.,0.785398163397);
#6135 = AXIS2_PLACEMENT_3D('',#6136,#6137,#6138);
#6136 = CARTESIAN_POINT('',(8.25,98.6,-18.5));
#6137 = DIRECTION('',(0.,0.,1.));
#6138 = DIRECTION('',(-1.,0.,0.));
#6139 = ADVANCED_FACE('',(#6140),#6165,.T.);
#6140 = FACE_BOUND('',#6141,.T.);
#6141 = EDGE_LOOP('',(#6142,#6150,#6158,#6164));
#6142 = ORIENTED_EDGE('',*,*,#6143,.T.);
#6143 = EDGE_CURVE('',#6054,#6144,#6146,.T.);
#6144 = VERTEX_POINT('',#6145);
#6145 = CARTESIAN_POINT('',(61.687938576608,31.854193942725,-19.));
#6146 = LINE('',#6147,#6148);
#6147 = CARTESIAN_POINT('',(86.603282109697,28.634830317824,-19.));
#6148 = VECTOR('',#6149,1.);
#6149 = DIRECTION('',(-0.991755215114,0.128146764667,1.216E-14));
#6150 = ORIENTED_EDGE('',*,*,#6151,.F.);
#6151 = EDGE_CURVE('',#6152,#6144,#6154,.T.);
#6152 = VERTEX_POINT('',#6153);
#6153 = CARTESIAN_POINT('',(61.132289880168,30.917677145933,
    -17.99999999999));
#6154 = LINE('',#6155,#6156);
#6155 = CARTESIAN_POINT('',(61.132289880168,30.917677145933,
    -17.99999999999));
#6156 = VECTOR('',#6157,1.);
#6157 = DIRECTION('',(0.375832364748,0.633445780797,-0.676384858197));
#6158 = ORIENTED_EDGE('',*,*,#6159,.T.);
#6159 = EDGE_CURVE('',#6152,#6119,#6160,.T.);
#6160 = LINE('',#6161,#6162);
#6161 = CARTESIAN_POINT('',(86.475135345029,27.64307510271,-18.));
#6162 = VECTOR('',#6163,1.);
#6163 = DIRECTION('',(0.991755215114,-0.128146764667,-1.216E-14));
#6164 = ORIENTED_EDGE('',*,*,#6127,.T.);
#6165 = PLANE('',#6166);
#6166 = AXIS2_PLACEMENT_3D('',#6167,#6168,#6169);
#6167 = CARTESIAN_POINT('',(86.539208727363,28.138952710267,-18.5));
#6168 = DIRECTION('',(9.061344628345E-02,0.701276837884,0.707106781187)
  );
#6169 = DIRECTION('',(0.991888964848,1.510869512223E-16,-0.127107361755)
  );
#6170 = ADVANCED_FACE('',(#6171),#6196,.T.);
#6171 = FACE_BOUND('',#6172,.T.);
#6172 = EDGE_LOOP('',(#6173,#6181,#6182,#6190));
#6173 = ORIENTED_EDGE('',*,*,#6174,.T.);
#6174 = EDGE_CURVE('',#6175,#6152,#6177,.T.);
#6175 = VERTEX_POINT('',#6176);
#6176 = CARTESIAN_POINT('',(57.11283303496,36.449984877791,
    -17.99999999999));
#6177 = LINE('',#6178,#6179);
#6178 = CARTESIAN_POINT('',(73.89964619067,13.344918747945,-18.));
#6179 = VECTOR('',#6180,1.);
#6180 = DIRECTION('',(0.587785252292,-0.809016994375,-7.21E-15));
#6181 = ORIENTED_EDGE('',*,*,#6151,.T.);
#6182 = ORIENTED_EDGE('',*,*,#6183,.T.);
#6183 = EDGE_CURVE('',#6144,#6184,#6186,.T.);
#6184 = VERTEX_POINT('',#6185);
#6185 = CARTESIAN_POINT('',(58.154280466506,36.717857078595,
    -18.99999999999));
#6186 = LINE('',#6187,#6188);
#6187 = CARTESIAN_POINT('',(74.708663185045,13.932704000237,-19.));
#6188 = VECTOR('',#6189,1.);
#6189 = DIRECTION('',(-0.587785252292,0.809016994375,7.21E-15));
#6190 = ORIENTED_EDGE('',*,*,#6191,.F.);
#6191 = EDGE_CURVE('',#6175,#6184,#6192,.T.);
#6192 = LINE('',#6193,#6194);
#6193 = CARTESIAN_POINT('',(57.11283303496,36.449984877791,
    -17.99999999999));
#6194 = VECTOR('',#6195,1.);
#6195 = DIRECTION('',(0.709211692448,0.182417365617,-0.680986549072));
#6196 = PLANE('',#6197);
#6197 = AXIS2_PLACEMENT_3D('',#6198,#6199,#6200);
#6198 = CARTESIAN_POINT('',(74.304154687857,13.638811374091,-18.5));
#6199 = DIRECTION('',(0.572061402818,0.415626937778,0.707106781186));
#6200 = DIRECTION('',(0.777437524821,-2.260223788809E-16,-0.628960169645
    ));
#6201 = ADVANCED_FACE('',(#6202),#6228,.T.);
#6202 = FACE_BOUND('',#6203,.T.);
#6203 = EDGE_LOOP('',(#6204,#6212,#6213,#6221));
#6204 = ORIENTED_EDGE('',*,*,#6205,.T.);
#6205 = EDGE_CURVE('',#6206,#6175,#6208,.T.);
#6206 = VERTEX_POINT('',#6207);
#6207 = CARTESIAN_POINT('',(57.573816243803,40.124268699335,
    -17.99999999999));
#6208 = LINE('',#6209,#6210);
#6209 = CARTESIAN_POINT('',(55.362537748444,22.499191159467,
    -17.99999999999));
#6210 = VECTOR('',#6211,1.);
#6211 = DIRECTION('',(-0.124486131988,-0.992221347756,1.53E-15));
#6212 = ORIENTED_EDGE('',*,*,#6191,.T.);
#6213 = ORIENTED_EDGE('',*,*,#6214,.T.);
#6214 = EDGE_CURVE('',#6184,#6215,#6217,.T.);
#6215 = VERTEX_POINT('',#6216);
#6216 = CARTESIAN_POINT('',(58.517557301086,39.613368607947,-19.));
#6217 = LINE('',#6218,#6219);
#6218 = CARTESIAN_POINT('',(56.3547590962,22.374705027479,
    -18.99999999999));
#6219 = VECTOR('',#6220,1.);
#6220 = DIRECTION('',(0.124486131988,0.992221347756,-1.53E-15));
#6221 = ORIENTED_EDGE('',*,*,#6222,.F.);
#6222 = EDGE_CURVE('',#6206,#6215,#6223,.T.);
#6223 = CIRCLE('',#6224,766.28870113328);
#6224 = AXIS2_PLACEMENT_3D('',#6225,#6226,#6227);
#6225 = CARTESIAN_POINT('',(292.75351886184,755.00163430503,
    -162.3580032615));
#6226 = DIRECTION('',(0.701606443396,-8.802498821739E-02,0.707106781211)
  );
#6227 = DIRECTION('',(-0.306907438763,-0.932908660337,0.188385921713));
#6228 = PLANE('',#6229);
#6229 = AXIS2_PLACEMENT_3D('',#6230,#6231,#6232);
#6230 = CARTESIAN_POINT('',(55.858648422322,22.436948093473,
    -18.49999999999));
#6231 = DIRECTION('',(0.701606443436,-8.802498809249E-02,0.707106781187)
  );
#6232 = DIRECTION('',(0.709862277149,-7.834171977353E-18,-0.704340505353
    ));
#6233 = ADVANCED_FACE('',(#6234),#6260,.T.);
#6234 = FACE_BOUND('',#6235,.T.);
#6235 = EDGE_LOOP('',(#6236,#6245,#6246,#6253));
#6236 = ORIENTED_EDGE('',*,*,#6237,.T.);
#6237 = EDGE_CURVE('',#6238,#6206,#6240,.T.);
#6238 = VERTEX_POINT('',#6239);
#6239 = CARTESIAN_POINT('',(79.105622745384,69.760257883195,-18.));
#6240 = CIRCLE('',#6241,76.5);
#6241 = AXIS2_PLACEMENT_3D('',#6242,#6243,#6244);
#6242 = CARTESIAN_POINT('',(8.25,98.6,-17.99999999999));
#6243 = DIRECTION('',(-1.226E-14,0.,-1.));
#6244 = DIRECTION('',(1.,0.,-1.226E-14));
#6245 = ORIENTED_EDGE('',*,*,#6222,.T.);
#6246 = ORIENTED_EDGE('',*,*,#6247,.T.);
#6247 = EDGE_CURVE('',#6215,#2925,#6248,.T.);
#6248 = CIRCLE('',#6249,77.5);
#6249 = AXIS2_PLACEMENT_3D('',#6250,#6251,#6252);
#6250 = CARTESIAN_POINT('',(8.25,98.6,-19.));
#6251 = DIRECTION('',(1.226E-14,0.,1.));
#6252 = DIRECTION('',(1.,0.,-1.226E-14));
#6253 = ORIENTED_EDGE('',*,*,#6254,.F.);
#6254 = EDGE_CURVE('',#6238,#2925,#6255,.T.);
#6255 = CIRCLE('',#6256,766.28869784248);
#6256 = AXIS2_PLACEMENT_3D('',#6257,#6258,#6259);
#6257 = CARTESIAN_POINT('',(-528.1086267272,-374.818183725,
    -162.3580026725));
#6258 = DIRECTION('',(-0.300525052971,0.640066162607,-0.707106781202));
#6259 = DIRECTION('',(0.792409246257,0.580170949748,0.188385921754));
#6260 = CONICAL_SURFACE('',#6261,77.,0.785398163396);
#6261 = AXIS2_PLACEMENT_3D('',#6262,#6263,#6264);
#6262 = CARTESIAN_POINT('',(8.25,98.6,-18.5));
#6263 = DIRECTION('',(0.,0.,-1.));
#6264 = DIRECTION('',(-1.,0.,0.));
#6265 = ADVANCED_FACE('',(#6266),#6284,.T.);
#6266 = FACE_BOUND('',#6267,.T.);
#6267 = EDGE_LOOP('',(#6268,#6276,#6277,#6278));
#6268 = ORIENTED_EDGE('',*,*,#6269,.T.);
#6269 = EDGE_CURVE('',#6270,#6238,#6272,.T.);
#6270 = VERTEX_POINT('',#6271);
#6271 = CARTESIAN_POINT('',(82.457622670927,71.334095110881,-18.));
#6272 = LINE('',#6273,#6274);
#6273 = CARTESIAN_POINT('',(77.889915247078,69.189456641753,-18.));
#6274 = VECTOR('',#6275,1.);
#6275 = DIRECTION('',(-0.905190248042,-0.425006605654,1.11E-14));
#6276 = ORIENTED_EDGE('',*,*,#6254,.T.);
#6277 = ORIENTED_EDGE('',*,*,#2924,.T.);
#6278 = ORIENTED_EDGE('',*,*,#6279,.F.);
#6279 = EDGE_CURVE('',#6270,#2917,#6280,.T.);
#6280 = LINE('',#6281,#6282);
#6281 = CARTESIAN_POINT('',(82.457622670928,71.334095110881,-18.));
#6282 = VECTOR('',#6283,1.);
#6283 = DIRECTION('',(4.566924131996E-02,-0.73087046758,-0.680986549072)
  );
#6284 = PLANE('',#6285);
#6285 = AXIS2_PLACEMENT_3D('',#6286,#6287,#6288);
#6286 = CARTESIAN_POINT('',(78.102418549905,68.736861517732,-18.5));
#6287 = DIRECTION('',(0.300525052907,-0.640066162655,0.707106781187));
#6288 = DIRECTION('',(0.920328729999,3.190299368355E-16,-0.391145789622)
  );
#6289 = ADVANCED_FACE('',(#6290),#6301,.T.);
#6290 = FACE_BOUND('',#6291,.T.);
#6291 = EDGE_LOOP('',(#6292,#6298,#6299,#6300));
#6292 = ORIENTED_EDGE('',*,*,#6293,.T.);
#6293 = EDGE_CURVE('',#6096,#6270,#6294,.T.);
#6294 = LINE('',#6295,#6296);
#6295 = CARTESIAN_POINT('',(107.96934737761,63.044833268808,-18.));
#6296 = VECTOR('',#6297,1.);
#6297 = DIRECTION('',(-0.951056516295,0.309016994375,1.166E-14));
#6298 = ORIENTED_EDGE('',*,*,#6279,.T.);
#6299 = ORIENTED_EDGE('',*,*,#6006,.T.);
#6300 = ORIENTED_EDGE('',*,*,#6103,.F.);
#6301 = PLANE('',#6302);
#6302 = AXIS2_PLACEMENT_3D('',#6303,#6304,#6305);
#6303 = CARTESIAN_POINT('',(29.445295415626,88.033113267155,-18.5));
#6304 = DIRECTION('',(-0.218508012225,-0.672498511965,0.707106781186));
#6305 = DIRECTION('',(0.95542256322,-1.097860185983E-16,0.295241808845)
  );
#6306 = ADVANCED_FACE('',(#6307),#6341,.T.);
#6307 = FACE_BOUND('',#6308,.T.);
#6308 = EDGE_LOOP('',(#6309,#6319,#6327,#6335));
#6309 = ORIENTED_EDGE('',*,*,#6310,.F.);
#6310 = EDGE_CURVE('',#6311,#6313,#6315,.T.);
#6311 = VERTEX_POINT('',#6312);
#6312 = CARTESIAN_POINT('',(93.124874826906,119.87217955727,-21.15));
#6313 = VERTEX_POINT('',#6314);
#6314 = CARTESIAN_POINT('',(90.71440090568,121.18845919534,-21.15));
#6315 = LINE('',#6316,#6317);
#6316 = CARTESIAN_POINT('',(32.759510665018,152.83569722547,-21.15));
#6317 = VECTOR('',#6318,1.);
#6318 = DIRECTION('',(-0.877669601687,0.479266178938,0.));
#6319 = ORIENTED_EDGE('',*,*,#6320,.T.);
#6320 = EDGE_CURVE('',#6311,#6321,#6323,.T.);
#6321 = VERTEX_POINT('',#6322);
#6322 = CARTESIAN_POINT('',(93.124874826906,119.87217955727,-19.));
#6323 = LINE('',#6324,#6325);
#6324 = CARTESIAN_POINT('',(93.124874826906,119.87217955727,-18.));
#6325 = VECTOR('',#6326,1.);
#6326 = DIRECTION('',(0.,0.,1.));
#6327 = ORIENTED_EDGE('',*,*,#6328,.F.);
#6328 = EDGE_CURVE('',#6329,#6321,#6331,.T.);
#6329 = VERTEX_POINT('',#6330);
#6330 = CARTESIAN_POINT('',(90.71440090568,121.18845919534,-19.));
#6331 = LINE('',#6332,#6333);
#6332 = CARTESIAN_POINT('',(123.01987363069,103.54751499273,-19.));
#6333 = VECTOR('',#6334,1.);
#6334 = DIRECTION('',(0.877669601687,-0.479266178938,-1.076E-14));
#6335 = ORIENTED_EDGE('',*,*,#6336,.T.);
#6336 = EDGE_CURVE('',#6329,#6313,#6337,.T.);
#6337 = LINE('',#6338,#6339);
#6338 = CARTESIAN_POINT('',(90.71440090568,121.18845919534,-18.));
#6339 = VECTOR('',#6340,1.);
#6340 = DIRECTION('',(0.,0.,-1.));
#6341 = PLANE('',#6342);
#6342 = AXIS2_PLACEMENT_3D('',#6343,#6344,#6345);
#6343 = CARTESIAN_POINT('',(91.919637866293,120.53031937631,-18.));
#6344 = DIRECTION('',(-0.479266178938,-0.877669601687,0.));
#6345 = DIRECTION('',(-0.,0.,-1.));
#6346 = ADVANCED_FACE('',(#6347),#6374,.F.);
#6347 = FACE_BOUND('',#6348,.F.);
#6348 = EDGE_LOOP('',(#6349,#6350,#6359,#6367));
#6349 = ORIENTED_EDGE('',*,*,#6320,.T.);
#6350 = ORIENTED_EDGE('',*,*,#6351,.T.);
#6351 = EDGE_CURVE('',#6321,#6352,#6354,.T.);
#6352 = VERTEX_POINT('',#6353);
#6353 = CARTESIAN_POINT('',(93.124874826906,77.327820442722,-19.));
#6354 = CIRCLE('',#6355,87.5);
#6355 = AXIS2_PLACEMENT_3D('',#6356,#6357,#6358);
#6356 = CARTESIAN_POINT('',(8.25,98.6,-19.));
#6357 = DIRECTION('',(-1.226E-14,0.,-1.));
#6358 = DIRECTION('',(1.,0.,-1.226E-14));
#6359 = ORIENTED_EDGE('',*,*,#6360,.T.);
#6360 = EDGE_CURVE('',#6352,#6361,#6363,.T.);
#6361 = VERTEX_POINT('',#6362);
#6362 = CARTESIAN_POINT('',(93.124874826906,77.327820442722,-21.15));
#6363 = LINE('',#6364,#6365);
#6364 = CARTESIAN_POINT('',(93.124874826906,77.327820442722,-18.));
#6365 = VECTOR('',#6366,1.);
#6366 = DIRECTION('',(0.,0.,-1.));
#6367 = ORIENTED_EDGE('',*,*,#6368,.T.);
#6368 = EDGE_CURVE('',#6361,#6311,#6369,.T.);
#6369 = CIRCLE('',#6370,87.5);
#6370 = AXIS2_PLACEMENT_3D('',#6371,#6372,#6373);
#6371 = CARTESIAN_POINT('',(8.25,98.6,-21.15));
#6372 = DIRECTION('',(0.,0.,1.));
#6373 = DIRECTION('',(1.,0.,-0.));
#6374 = CYLINDRICAL_SURFACE('',#6375,87.5);
#6375 = AXIS2_PLACEMENT_3D('',#6376,#6377,#6378);
#6376 = CARTESIAN_POINT('',(8.25,98.6,-18.));
#6377 = DIRECTION('',(0.,0.,-1.));
#6378 = DIRECTION('',(-1.,0.,0.));
#6379 = ADVANCED_FACE('',(#6380),#6396,.T.);
#6380 = FACE_BOUND('',#6381,.T.);
#6381 = EDGE_LOOP('',(#6382,#6388,#6389,#6395));
#6382 = ORIENTED_EDGE('',*,*,#6383,.F.);
#6383 = EDGE_CURVE('',#2949,#6361,#6384,.T.);
#6384 = LINE('',#6385,#6386);
#6385 = CARTESIAN_POINT('',(-8.715332673134,21.716270245538,-21.15));
#6386 = VECTOR('',#6387,1.);
#6387 = DIRECTION('',(0.877669601687,0.479266178938,0.));
#6388 = ORIENTED_EDGE('',*,*,#2972,.T.);
#6389 = ORIENTED_EDGE('',*,*,#6390,.F.);
#6390 = EDGE_CURVE('',#6352,#2965,#6391,.T.);
#6391 = LINE('',#6392,#6393);
#6392 = CARTESIAN_POINT('',(81.545030292542,71.004452478275,-19.));
#6393 = VECTOR('',#6394,1.);
#6394 = DIRECTION('',(-0.877669601687,-0.479266178938,1.076E-14));
#6395 = ORIENTED_EDGE('',*,*,#6360,.T.);
#6396 = PLANE('',#6397);
#6397 = AXIS2_PLACEMENT_3D('',#6398,#6399,#6400);
#6398 = CARTESIAN_POINT('',(91.919637866293,76.669680623686,-18.));
#6399 = DIRECTION('',(-0.479266178938,0.877669601687,0.));
#6400 = DIRECTION('',(0.,0.,1.));
#6401 = ADVANCED_FACE('',(#6402),#6428,.T.);
#6402 = FACE_BOUND('',#6403,.T.);
#6403 = EDGE_LOOP('',(#6404,#6405,#6414,#6422));
#6404 = ORIENTED_EDGE('',*,*,#6328,.T.);
#6405 = ORIENTED_EDGE('',*,*,#6406,.F.);
#6406 = EDGE_CURVE('',#6407,#6321,#6409,.T.);
#6407 = VERTEX_POINT('',#6408);
#6408 = CARTESIAN_POINT('',(93.987128058025,120.54071266759,-18.));
#6409 = CIRCLE('',#6410,776.66179742838);
#6410 = AXIS2_PLACEMENT_3D('',#6411,#6412,#6413);
#6411 = CARTESIAN_POINT('',(-480.1901207439,618.00117469451,
    143.42218949944));
#6412 = DIRECTION('',(0.338892365118,0.620606126997,-0.707106781186));
#6413 = DIRECTION('',(0.739288646233,-0.640511048276,-0.207841032009));
#6414 = ORIENTED_EDGE('',*,*,#6415,.T.);
#6415 = EDGE_CURVE('',#6407,#6416,#6418,.T.);
#6416 = VERTEX_POINT('',#6417);
#6417 = CARTESIAN_POINT('',(90.815342429037,122.27271930869,-18.));
#6418 = LINE('',#6419,#6420);
#6419 = CARTESIAN_POINT('',(123.49913980963,104.42518459442,-18.));
#6420 = VECTOR('',#6421,1.);
#6421 = DIRECTION('',(-0.877669601687,0.479266178938,1.076E-14));
#6422 = ORIENTED_EDGE('',*,*,#6423,.T.);
#6423 = EDGE_CURVE('',#6416,#6329,#6424,.T.);
#6424 = LINE('',#6425,#6426);
#6425 = CARTESIAN_POINT('',(90.815342429037,122.27271930869,-18.));
#6426 = VECTOR('',#6427,1.);
#6427 = DIRECTION('',(-6.827531796171E-02,-0.733377123013,
    -0.676384858197));
#6428 = PLANE('',#6429);
#6429 = AXIS2_PLACEMENT_3D('',#6430,#6431,#6432);
#6430 = CARTESIAN_POINT('',(123.25950672016,103.98634979357,-18.5));
#6431 = DIRECTION('',(-0.33889236512,-0.620606126995,0.707106781187));
#6432 = DIRECTION('',(0.9017810554,-5.379029845732E-16,0.43219316066));
#6433 = ADVANCED_FACE('',(#6434),#6454,.F.);
#6434 = FACE_BOUND('',#6435,.F.);
#6435 = EDGE_LOOP('',(#6436,#6437,#6446,#6453));
#6436 = ORIENTED_EDGE('',*,*,#6406,.F.);
#6437 = ORIENTED_EDGE('',*,*,#6438,.F.);
#6438 = EDGE_CURVE('',#6439,#6407,#6441,.T.);
#6439 = VERTEX_POINT('',#6440);
#6440 = CARTESIAN_POINT('',(93.987128058025,76.659287332407,-18.));
#6441 = CIRCLE('',#6442,88.5);
#6442 = AXIS2_PLACEMENT_3D('',#6443,#6444,#6445);
#6443 = CARTESIAN_POINT('',(8.25,98.6,-17.99999999999));
#6444 = DIRECTION('',(1.226E-14,0.,1.));
#6445 = DIRECTION('',(1.,0.,-1.226E-14));
#6446 = ORIENTED_EDGE('',*,*,#6447,.T.);
#6447 = EDGE_CURVE('',#6439,#6352,#6448,.T.);
#6448 = CIRCLE('',#6449,776.66177722699);
#6449 = AXIS2_PLACEMENT_3D('',#6450,#6451,#6452);
#6450 = CARTESIAN_POINT('',(-480.190105828,-420.8011617326,
    143.42218530416));
#6451 = DIRECTION('',(-0.338892365096,0.620606127015,0.70710678118));
#6452 = DIRECTION('',(0.739288646257,0.640511048247,-0.207841032013));
#6453 = ORIENTED_EDGE('',*,*,#6351,.F.);
#6454 = CONICAL_SURFACE('',#6455,88.,0.785398163397);
#6455 = AXIS2_PLACEMENT_3D('',#6456,#6457,#6458);
#6456 = CARTESIAN_POINT('',(8.25,98.6,-18.5));
#6457 = DIRECTION('',(0.,0.,1.));
#6458 = DIRECTION('',(-1.,0.,0.));
#6459 = ADVANCED_FACE('',(#6460),#6478,.T.);
#6460 = FACE_BOUND('',#6461,.T.);
#6461 = EDGE_LOOP('',(#6462,#6463,#6471,#6477));
#6462 = ORIENTED_EDGE('',*,*,#6390,.T.);
#6463 = ORIENTED_EDGE('',*,*,#6464,.F.);
#6464 = EDGE_CURVE('',#6465,#2965,#6467,.T.);
#6465 = VERTEX_POINT('',#6466);
#6466 = CARTESIAN_POINT('',(90.815342429037,74.927280691306,-18.));
#6467 = LINE('',#6468,#6469);
#6468 = CARTESIAN_POINT('',(90.815342429037,74.927280691306,-18.));
#6469 = VECTOR('',#6470,1.);
#6470 = DIRECTION('',(-6.82753179617E-02,0.733377123013,-0.676384858197)
  );
#6471 = ORIENTED_EDGE('',*,*,#6472,.T.);
#6472 = EDGE_CURVE('',#6465,#6439,#6473,.T.);
#6473 = LINE('',#6474,#6475);
#6474 = CARTESIAN_POINT('',(82.02429647148,70.126782876587,-18.));
#6475 = VECTOR('',#6476,1.);
#6476 = DIRECTION('',(0.877669601687,0.479266178938,-1.076E-14));
#6477 = ORIENTED_EDGE('',*,*,#6447,.T.);
#6478 = PLANE('',#6479);
#6479 = AXIS2_PLACEMENT_3D('',#6480,#6481,#6482);
#6480 = CARTESIAN_POINT('',(81.784663382011,70.565617677431,-18.5));
#6481 = DIRECTION('',(-0.33889236512,0.620606126995,0.707106781187));
#6482 = DIRECTION('',(0.9017810554,5.925094179119E-17,0.43219316066));
#6483 = ADVANCED_FACE('',(#6484),#6502,.T.);
#6484 = FACE_BOUND('',#6485,.T.);
#6485 = EDGE_LOOP('',(#6486,#6494,#6495,#6496));
#6486 = ORIENTED_EDGE('',*,*,#6487,.T.);
#6487 = EDGE_CURVE('',#6488,#6465,#6490,.T.);
#6488 = VERTEX_POINT('',#6489);
#6489 = CARTESIAN_POINT('',(84.311724637178,77.040434208652,-18.));
#6490 = LINE('',#6491,#6492);
#6491 = CARTESIAN_POINT('',(105.06254684789,70.298083359364,-18.));
#6492 = VECTOR('',#6493,1.);
#6493 = DIRECTION('',(0.951056516295,-0.309016994375,-1.166E-14));
#6494 = ORIENTED_EDGE('',*,*,#6464,.T.);
#6495 = ORIENTED_EDGE('',*,*,#2964,.T.);
#6496 = ORIENTED_EDGE('',*,*,#6497,.F.);
#6497 = EDGE_CURVE('',#6488,#2957,#6498,.T.);
#6498 = LINE('',#6499,#6500);
#6499 = CARTESIAN_POINT('',(84.311724637177,77.040434208652,-18.));
#6500 = VECTOR('',#6501,1.);
#6501 = DIRECTION('',(0.466542074528,0.564442922428,-0.680986549072));
#6502 = PLANE('',#6503);
#6503 = AXIS2_PLACEMENT_3D('',#6504,#6505,#6506);
#6504 = CARTESIAN_POINT('',(26.847511880279,96.237419874006,-18.5));
#6505 = DIRECTION('',(0.218508012225,0.672498511965,0.707106781186));
#6506 = DIRECTION('',(0.95542256322,6.301643655034E-16,-0.295241808845)
  );
#6507 = ADVANCED_FACE('',(#6508),#6534,.T.);
#6508 = FACE_BOUND('',#6509,.T.);
#6509 = EDGE_LOOP('',(#6510,#6518,#6519,#6527));
#6510 = ORIENTED_EDGE('',*,*,#6511,.T.);
#6511 = EDGE_CURVE('',#6512,#6488,#6514,.T.);
#6512 = VERTEX_POINT('',#6513);
#6513 = CARTESIAN_POINT('',(82.524978044212,80.283951394151,-18.));
#6514 = LINE('',#6515,#6516);
#6515 = CARTESIAN_POINT('',(102.76730538116,43.537645650309,-18.));
#6516 = VECTOR('',#6517,1.);
#6517 = DIRECTION('',(0.482501678878,-0.875895045014,-5.92E-15));
#6518 = ORIENTED_EDGE('',*,*,#6497,.T.);
#6519 = ORIENTED_EDGE('',*,*,#6520,.T.);
#6520 = EDGE_CURVE('',#2957,#6521,#6523,.T.);
#6521 = VERTEX_POINT('',#6522);
#6522 = CARTESIAN_POINT('',(83.588780136957,80.425341613243,-19.));
#6523 = LINE('',#6524,#6525);
#6524 = CARTESIAN_POINT('',(103.64320042617,44.020147329188,-19.));
#6525 = VECTOR('',#6526,1.);
#6526 = DIRECTION('',(-0.482501678878,0.875895045014,5.92E-15));
#6527 = ORIENTED_EDGE('',*,*,#6528,.F.);
#6528 = EDGE_CURVE('',#6512,#6521,#6529,.T.);
#6529 = CIRCLE('',#6530,766.28872289782);
#6530 = AXIS2_PLACEMENT_3D('',#6531,#6532,#6533);
#6531 = CARTESIAN_POINT('',(-147.4050251292,796.86707020888,
    -162.3580074356));
#6532 = DIRECTION('',(0.619351325929,0.341180209096,0.707106781181));
#6533 = DIRECTION('',(0.300056618743,-0.935134626678,0.18838592181));
#6534 = PLANE('',#6535);
#6535 = AXIS2_PLACEMENT_3D('',#6536,#6537,#6538);
#6536 = CARTESIAN_POINT('',(103.20525290366,43.778896489749,-18.5));
#6537 = DIRECTION('',(0.619351325937,0.341180209069,0.707106781187));
#6538 = DIRECTION('',(0.752242931618,3.531958274923E-16,-0.658885856451)
  );
#6539 = ADVANCED_FACE('',(#6540),#6568,.T.);
#6540 = FACE_BOUND('',#6541,.T.);
#6541 = EDGE_LOOP('',(#6542,#6551,#6552,#6561));
#6542 = ORIENTED_EDGE('',*,*,#6543,.T.);
#6543 = EDGE_CURVE('',#6544,#6512,#6546,.T.);
#6544 = VERTEX_POINT('',#6545);
#6545 = CARTESIAN_POINT('',(82.524978044212,116.91604860584,-18.));
#6546 = CIRCLE('',#6547,76.5);
#6547 = AXIS2_PLACEMENT_3D('',#6548,#6549,#6550);
#6548 = CARTESIAN_POINT('',(8.25,98.6,-17.99999999999));
#6549 = DIRECTION('',(-1.226E-14,0.,-1.));
#6550 = DIRECTION('',(1.,0.,-1.226E-14));
#6551 = ORIENTED_EDGE('',*,*,#6528,.T.);
#6552 = ORIENTED_EDGE('',*,*,#6553,.T.);
#6553 = EDGE_CURVE('',#6521,#6554,#6556,.T.);
#6554 = VERTEX_POINT('',#6555);
#6555 = CARTESIAN_POINT('',(83.588780136957,116.77465838675,-19.));
#6556 = CIRCLE('',#6557,77.5);
#6557 = AXIS2_PLACEMENT_3D('',#6558,#6559,#6560);
#6558 = CARTESIAN_POINT('',(8.25,98.6,-19.));
#6559 = DIRECTION('',(1.226E-14,0.,1.));
#6560 = DIRECTION('',(1.,0.,-1.226E-14));
#6561 = ORIENTED_EDGE('',*,*,#6562,.F.);
#6562 = EDGE_CURVE('',#6544,#6554,#6563,.T.);
#6563 = CIRCLE('',#6564,766.28870105189);
#6564 = AXIS2_PLACEMENT_3D('',#6565,#6566,#6567);
#6565 = CARTESIAN_POINT('',(-147.4050183214,-599.6670499127,
    -162.3580030639));
#6566 = DIRECTION('',(-0.619351326079,0.341180208628,-0.707106781275));
#6567 = DIRECTION('',(0.300056618413,0.935134626851,0.188385921476));
#6568 = CONICAL_SURFACE('',#6569,77.,0.785398163396);
#6569 = AXIS2_PLACEMENT_3D('',#6570,#6571,#6572);
#6570 = CARTESIAN_POINT('',(8.25,98.6,-18.5));
#6571 = DIRECTION('',(0.,0.,-1.));
#6572 = DIRECTION('',(-1.,0.,0.));
#6573 = ADVANCED_FACE('',(#6574),#6599,.T.);
#6574 = FACE_BOUND('',#6575,.T.);
#6575 = EDGE_LOOP('',(#6576,#6584,#6585,#6593));
#6576 = ORIENTED_EDGE('',*,*,#6577,.T.);
#6577 = EDGE_CURVE('',#6578,#6544,#6580,.T.);
#6578 = VERTEX_POINT('',#6579);
#6579 = CARTESIAN_POINT('',(84.311724637177,120.15956579134,-18.));
#6580 = LINE('',#6581,#6582);
#6581 = CARTESIAN_POINT('',(61.096891568764,78.01721034356,
    -17.99999999999));
#6582 = VECTOR('',#6583,1.);
#6583 = DIRECTION('',(-0.482501678878,-0.875895045014,5.92E-15));
#6584 = ORIENTED_EDGE('',*,*,#6562,.T.);
#6585 = ORIENTED_EDGE('',*,*,#6586,.T.);
#6586 = EDGE_CURVE('',#6554,#6587,#6589,.T.);
#6587 = VERTEX_POINT('',#6588);
#6588 = CARTESIAN_POINT('',(84.996821978915,119.33070518727,-19.));
#6589 = LINE('',#6590,#6591);
#6590 = CARTESIAN_POINT('',(61.972786613778,77.534708664682,
    -18.99999999999));
#6591 = VECTOR('',#6592,1.);
#6592 = DIRECTION('',(0.482501678878,0.875895045014,-5.92E-15));
#6593 = ORIENTED_EDGE('',*,*,#6594,.F.);
#6594 = EDGE_CURVE('',#6578,#6587,#6595,.T.);
#6595 = LINE('',#6596,#6597);
#6596 = CARTESIAN_POINT('',(84.311724637177,120.15956579134,-18.));
#6597 = VECTOR('',#6598,1.);
#6598 = DIRECTION('',(0.466542074528,-0.564442922428,-0.680986549072));
#6599 = PLANE('',#6600);
#6600 = AXIS2_PLACEMENT_3D('',#6601,#6602,#6603);
#6601 = CARTESIAN_POINT('',(61.534839091271,77.775959504121,
    -18.49999999999));
#6602 = DIRECTION('',(0.619351325937,-0.341180209069,0.707106781187));
#6603 = DIRECTION('',(0.752242931618,-1.465173069779E-16,-0.658885856451
    ));
#6604 = ADVANCED_FACE('',(#6605),#6621,.T.);
#6605 = FACE_BOUND('',#6606,.T.);
#6606 = EDGE_LOOP('',(#6607,#6613,#6614,#6620));
#6607 = ORIENTED_EDGE('',*,*,#6608,.T.);
#6608 = EDGE_CURVE('',#6416,#6578,#6609,.T.);
#6609 = LINE('',#6610,#6611);
#6610 = CARTESIAN_POINT('',(80.845636405843,119.0333654561,-18.));
#6611 = VECTOR('',#6612,1.);
#6612 = DIRECTION('',(-0.951056516295,-0.309016994375,1.166E-14));
#6613 = ORIENTED_EDGE('',*,*,#6594,.T.);
#6614 = ORIENTED_EDGE('',*,*,#6615,.T.);
#6615 = EDGE_CURVE('',#6587,#6329,#6616,.T.);
#6616 = LINE('',#6617,#6618);
#6617 = CARTESIAN_POINT('',(81.154653400218,118.08230893981,-19.));
#6618 = VECTOR('',#6619,1.);
#6619 = DIRECTION('',(0.951056516295,0.309016994375,-1.166E-14));
#6620 = ORIENTED_EDGE('',*,*,#6423,.F.);
#6621 = PLANE('',#6622);
#6622 = AXIS2_PLACEMENT_3D('',#6623,#6624,#6625);
#6623 = CARTESIAN_POINT('',(2.630601438231,93.094028941465,-18.5));
#6624 = DIRECTION('',(0.218508012225,-0.672498511965,0.707106781186));
#6625 = DIRECTION('',(0.95542256322,-6.254557564229E-17,-0.295241808845)
  );
#6626 = ADVANCED_FACE('',(#6627),#6661,.T.);
#6627 = FACE_BOUND('',#6628,.T.);
#6628 = EDGE_LOOP('',(#6629,#6639,#6647,#6655));
#6629 = ORIENTED_EDGE('',*,*,#6630,.F.);
#6630 = EDGE_CURVE('',#6631,#6633,#6635,.T.);
#6631 = VERTEX_POINT('',#6632);
#6632 = CARTESIAN_POINT('',(64.411742702528,165.69775448265,-21.15));
#6633 = VERTEX_POINT('',#6634);
#6634 = CARTESIAN_POINT('',(61.687938576608,165.34580605727,-21.15));
#6635 = LINE('',#6636,#6637);
#6636 = CARTESIAN_POINT('',(-41.17861360085,152.05420380185,-21.15));
#6637 = VECTOR('',#6638,1.);
#6638 = DIRECTION('',(-0.991755215114,-0.128146764667,0.));
#6639 = ORIENTED_EDGE('',*,*,#6640,.T.);
#6640 = EDGE_CURVE('',#6631,#6641,#6643,.T.);
#6641 = VERTEX_POINT('',#6642);
#6642 = CARTESIAN_POINT('',(64.411742702528,165.69775448265,-19.));
#6643 = LINE('',#6644,#6645);
#6644 = CARTESIAN_POINT('',(64.411742702528,165.69775448265,-18.));
#6645 = VECTOR('',#6646,1.);
#6646 = DIRECTION('',(0.,0.,1.));
#6647 = ORIENTED_EDGE('',*,*,#6648,.F.);
#6648 = EDGE_CURVE('',#6649,#6641,#6651,.T.);
#6649 = VERTEX_POINT('',#6650);
#6650 = CARTESIAN_POINT('',(61.687938576608,165.34580605727,-19.));
#6651 = LINE('',#6652,#6653);
#6652 = CARTESIAN_POINT('',(74.072186204833,166.94600058331,-19.));
#6653 = VECTOR('',#6654,1.);
#6654 = DIRECTION('',(0.991755215114,0.128146764667,-1.216E-14));
#6655 = ORIENTED_EDGE('',*,*,#6656,.T.);
#6656 = EDGE_CURVE('',#6649,#6633,#6657,.T.);
#6657 = LINE('',#6658,#6659);
#6658 = CARTESIAN_POINT('',(61.687938576608,165.34580605727,-18.));
#6659 = VECTOR('',#6660,1.);
#6660 = DIRECTION('',(0.,0.,-1.));
#6661 = PLANE('',#6662);
#6662 = AXIS2_PLACEMENT_3D('',#6663,#6664,#6665);
#6663 = CARTESIAN_POINT('',(63.049840639568,165.52178026996,-18.));
#6664 = DIRECTION('',(0.128146764667,-0.991755215114,0.));
#6665 = DIRECTION('',(0.,0.,-1.));
#6666 = ADVANCED_FACE('',(#6667),#6694,.F.);
#6667 = FACE_BOUND('',#6668,.F.);
#6668 = EDGE_LOOP('',(#6669,#6670,#6679,#6687));
#6669 = ORIENTED_EDGE('',*,*,#6640,.T.);
#6670 = ORIENTED_EDGE('',*,*,#6671,.T.);
#6671 = EDGE_CURVE('',#6641,#6672,#6674,.T.);
#6672 = VERTEX_POINT('',#6673);
#6673 = CARTESIAN_POINT('',(89.418689558299,131.27864494419,-19.));
#6674 = CIRCLE('',#6675,87.5);
#6675 = AXIS2_PLACEMENT_3D('',#6676,#6677,#6678);
#6676 = CARTESIAN_POINT('',(8.25,98.6,-19.));
#6677 = DIRECTION('',(-1.226E-14,0.,-1.));
#6678 = DIRECTION('',(1.,0.,-1.226E-14));
#6679 = ORIENTED_EDGE('',*,*,#6680,.T.);
#6680 = EDGE_CURVE('',#6672,#6681,#6683,.T.);
#6681 = VERTEX_POINT('',#6682);
#6682 = CARTESIAN_POINT('',(89.418689558299,131.27864494419,-21.15));
#6683 = LINE('',#6684,#6685);
#6684 = CARTESIAN_POINT('',(89.418689558299,131.27864494419,-18.));
#6685 = VECTOR('',#6686,1.);
#6686 = DIRECTION('',(0.,0.,-1.));
#6687 = ORIENTED_EDGE('',*,*,#6688,.T.);
#6688 = EDGE_CURVE('',#6681,#6631,#6689,.T.);
#6689 = CIRCLE('',#6690,87.5);
#6690 = AXIS2_PLACEMENT_3D('',#6691,#6692,#6693);
#6691 = CARTESIAN_POINT('',(8.25,98.6,-21.15));
#6692 = DIRECTION('',(0.,0.,1.));
#6693 = DIRECTION('',(1.,0.,-0.));
#6694 = CYLINDRICAL_SURFACE('',#6695,87.5);
#6695 = AXIS2_PLACEMENT_3D('',#6696,#6697,#6698);
#6696 = CARTESIAN_POINT('',(8.25,98.6,-18.));
#6697 = DIRECTION('',(0.,0.,-1.));
#6698 = DIRECTION('',(-1.,0.,0.));
#6699 = ADVANCED_FACE('',(#6700),#6716,.T.);
#6700 = FACE_BOUND('',#6701,.T.);
#6701 = EDGE_LOOP('',(#6702,#6708,#6709,#6715));
#6702 = ORIENTED_EDGE('',*,*,#6703,.F.);
#6703 = EDGE_CURVE('',#2869,#6681,#6704,.T.);
#6704 = LINE('',#6705,#6706);
#6705 = CARTESIAN_POINT('',(43.818362192857,35.082199626971,-21.15));
#6706 = VECTOR('',#6707,1.);
#6707 = DIRECTION('',(0.428344031309,0.903615731847,0.));
#6708 = ORIENTED_EDGE('',*,*,#2892,.T.);
#6709 = ORIENTED_EDGE('',*,*,#6710,.F.);
#6710 = EDGE_CURVE('',#6672,#2885,#6711,.T.);
#6711 = LINE('',#6712,#6713);
#6712 = CARTESIAN_POINT('',(65.317468220974,80.435768271967,
    -18.99999999999));
#6713 = VECTOR('',#6714,1.);
#6714 = DIRECTION('',(-0.428344031309,-0.903615731847,5.25E-15));
#6715 = ORIENTED_EDGE('',*,*,#6680,.T.);
#6716 = PLANE('',#6717);
#6717 = AXIS2_PLACEMENT_3D('',#6718,#6719,#6720);
#6718 = CARTESIAN_POINT('',(88.83047725449,130.03777813495,-18.));
#6719 = DIRECTION('',(-0.903615731847,0.428344031309,0.));
#6720 = DIRECTION('',(0.,0.,1.));
#6721 = ADVANCED_FACE('',(#6722),#6748,.T.);
#6722 = FACE_BOUND('',#6723,.T.);
#6723 = EDGE_LOOP('',(#6724,#6725,#6734,#6742));
#6724 = ORIENTED_EDGE('',*,*,#6648,.T.);
#6725 = ORIENTED_EDGE('',*,*,#6726,.F.);
#6726 = EDGE_CURVE('',#6727,#6641,#6729,.T.);
#6727 = VERTEX_POINT('',#6728);
#6728 = CARTESIAN_POINT('',(64.716366317046,166.74542886319,-18.));
#6729 = CIRCLE('',#6730,776.66177697562);
#6730 = AXIS2_PLACEMENT_3D('',#6731,#6732,#6733);
#6731 = CARTESIAN_POINT('',(-692.2026890135,231.70647603251,
    143.42218510189));
#6732 = DIRECTION('',(-9.061344604984E-02,0.701276837864,-0.707106781236
    ));
#6733 = DIRECTION('',(0.974580026686,-8.364135984944E-02,-0.20784103182)
  );
#6734 = ORIENTED_EDGE('',*,*,#6735,.T.);
#6735 = EDGE_CURVE('',#6727,#6736,#6738,.T.);
#6736 = VERTEX_POINT('',#6737);
#6737 = CARTESIAN_POINT('',(61.132289880168,166.28232285406,
    -17.99999999999));
#6738 = LINE('',#6739,#6740);
#6739 = CARTESIAN_POINT('',(73.944039440165,167.93775579843,-18.));
#6740 = VECTOR('',#6741,1.);
#6741 = DIRECTION('',(-0.991755215114,-0.128146764667,1.216E-14));
#6742 = ORIENTED_EDGE('',*,*,#6743,.T.);
#6743 = EDGE_CURVE('',#6736,#6649,#6744,.T.);
#6744 = LINE('',#6745,#6746);
#6745 = CARTESIAN_POINT('',(61.132289880168,166.28232285406,
    -17.99999999999));
#6746 = VECTOR('',#6747,1.);
#6747 = DIRECTION('',(0.375832364748,-0.633445780797,-0.676384858197));
#6748 = PLANE('',#6749);
#6749 = AXIS2_PLACEMENT_3D('',#6750,#6751,#6752);
#6750 = CARTESIAN_POINT('',(74.008112822499,167.44187819087,-18.5));
#6751 = DIRECTION('',(9.061344628345E-02,-0.701276837884,0.707106781187)
  );
#6752 = DIRECTION('',(0.991888964848,-2.149892842507E-16,-0.127107361755
    ));
#6753 = ADVANCED_FACE('',(#6754),#6774,.F.);
#6754 = FACE_BOUND('',#6755,.F.);
#6755 = EDGE_LOOP('',(#6756,#6757,#6766,#6773));
#6756 = ORIENTED_EDGE('',*,*,#6726,.F.);
#6757 = ORIENTED_EDGE('',*,*,#6758,.F.);
#6758 = EDGE_CURVE('',#6759,#6727,#6761,.T.);
#6759 = VERTEX_POINT('',#6760);
#6760 = CARTESIAN_POINT('',(90.509220978641,131.24461002963,-18.));
#6761 = CIRCLE('',#6762,88.5);
#6762 = AXIS2_PLACEMENT_3D('',#6763,#6764,#6765);
#6763 = CARTESIAN_POINT('',(8.25,98.6,-17.99999999999));
#6764 = DIRECTION('',(1.226E-14,0.,1.));
#6765 = DIRECTION('',(1.,0.,-1.226E-14));
#6766 = ORIENTED_EDGE('',*,*,#6767,.T.);
#6767 = EDGE_CURVE('',#6759,#6672,#6768,.T.);
#6768 = CIRCLE('',#6769,776.66179727378);
#6769 = AXIS2_PLACEMENT_3D('',#6770,#6771,#6772);
#6770 = CARTESIAN_POINT('',(-81.61000793722,-608.7022766498,
    143.4221895381));
#6771 = DIRECTION('',(-0.638952811547,0.302884969345,0.707106781159));
#6772 = DIRECTION('',(0.221614130526,0.952727286545,-0.2078410321));
#6773 = ORIENTED_EDGE('',*,*,#6671,.F.);
#6774 = CONICAL_SURFACE('',#6775,88.,0.785398163397);
#6775 = AXIS2_PLACEMENT_3D('',#6776,#6777,#6778);
#6776 = CARTESIAN_POINT('',(8.25,98.6,-18.5));
#6777 = DIRECTION('',(0.,0.,1.));
#6778 = DIRECTION('',(-1.,0.,0.));
#6779 = ADVANCED_FACE('',(#6780),#6798,.T.);
#6780 = FACE_BOUND('',#6781,.T.);
#6781 = EDGE_LOOP('',(#6782,#6783,#6791,#6797));
#6782 = ORIENTED_EDGE('',*,*,#6710,.T.);
#6783 = ORIENTED_EDGE('',*,*,#6784,.F.);
#6784 = EDGE_CURVE('',#6785,#2885,#6787,.T.);
#6785 = VERTEX_POINT('',#6786);
#6786 = CARTESIAN_POINT('',(88.961240462787,127.97905840646,-18.));
#6787 = LINE('',#6788,#6789);
#6788 = CARTESIAN_POINT('',(88.961240462787,127.97905840646,-18.));
#6789 = VECTOR('',#6790,1.);
#6790 = DIRECTION('',(-0.486304149803,0.55318333081,-0.676384858197));
#6791 = ORIENTED_EDGE('',*,*,#6792,.T.);
#6792 = EDGE_CURVE('',#6785,#6759,#6793,.T.);
#6793 = LINE('',#6794,#6795);
#6794 = CARTESIAN_POINT('',(66.221083952821,80.007424240658,
    -17.99999999999));
#6795 = VECTOR('',#6796,1.);
#6796 = DIRECTION('',(0.428344031309,0.903615731847,-5.25E-15));
#6797 = ORIENTED_EDGE('',*,*,#6767,.T.);
#6798 = PLANE('',#6799);
#6799 = AXIS2_PLACEMENT_3D('',#6800,#6801,#6802);
#6800 = CARTESIAN_POINT('',(65.769276086897,80.221596256312,
    -18.49999999999));
#6801 = DIRECTION('',(-0.638952811576,0.30288496922,0.707106781187));
#6802 = DIRECTION('',(0.741958717442,1.749782677978E-16,0.670445569462)
  );
#6803 = ADVANCED_FACE('',(#6804),#6822,.T.);
#6804 = FACE_BOUND('',#6805,.T.);
#6805 = EDGE_LOOP('',(#6806,#6814,#6815,#6816));
#6806 = ORIENTED_EDGE('',*,*,#6807,.T.);
#6807 = EDGE_CURVE('',#6808,#6785,#6810,.T.);
#6808 = VERTEX_POINT('',#6809);
#6809 = CARTESIAN_POINT('',(82.457622670928,125.86590488911,-18.));
#6810 = LINE('',#6811,#6812);
#6811 = CARTESIAN_POINT('',(74.230631943622,123.19279356109,-18.));
#6812 = VECTOR('',#6813,1.);
#6813 = DIRECTION('',(0.951056516295,0.309016994375,-1.166E-14));
#6814 = ORIENTED_EDGE('',*,*,#6784,.T.);
#6815 = ORIENTED_EDGE('',*,*,#2884,.T.);
#6816 = ORIENTED_EDGE('',*,*,#6817,.F.);
#6817 = EDGE_CURVE('',#6808,#2877,#6818,.T.);
#6818 = LINE('',#6819,#6820);
#6819 = CARTESIAN_POINT('',(82.457622670928,125.86590488911,-18.));
#6820 = VECTOR('',#6821,1.);
#6821 = DIRECTION('',(4.566924131994E-02,0.73087046758,-0.680986549072)
  );
#6822 = PLANE('',#6823);
#6823 = AXIS2_PLACEMENT_3D('',#6824,#6825,#6826);
#6824 = CARTESIAN_POINT('',(-4.293420018365,98.204513562745,-18.5));
#6825 = DIRECTION('',(-0.218508012225,0.672498511965,0.707106781186));
#6826 = DIRECTION('',(0.95542256322,-2.103774080616E-16,0.295241808845)
  );
#6827 = ADVANCED_FACE('',(#6828),#6854,.T.);
#6828 = FACE_BOUND('',#6829,.T.);
#6829 = EDGE_LOOP('',(#6830,#6838,#6839,#6847));
#6830 = ORIENTED_EDGE('',*,*,#6831,.T.);
#6831 = EDGE_CURVE('',#6832,#6808,#6834,.T.);
#6832 = VERTEX_POINT('',#6833);
#6833 = CARTESIAN_POINT('',(79.105622745384,127.4397421168,-18.));
#6834 = LINE('',#6835,#6836);
#6835 = CARTESIAN_POINT('',(115.8225021575,110.20036473409,-18.));
#6836 = VECTOR('',#6837,1.);
#6837 = DIRECTION('',(0.905190248042,-0.425006605654,-1.11E-14));
#6838 = ORIENTED_EDGE('',*,*,#6817,.T.);
#6839 = ORIENTED_EDGE('',*,*,#6840,.T.);
#6840 = EDGE_CURVE('',#2877,#6841,#6843,.T.);
#6841 = VERTEX_POINT('',#6842);
#6842 = CARTESIAN_POINT('',(79.883149631465,128.17941638836,-19.));
#6843 = LINE('',#6844,#6845);
#6844 = CARTESIAN_POINT('',(116.24750876316,111.10555498213,-19.));
#6845 = VECTOR('',#6846,1.);
#6846 = DIRECTION('',(-0.905190248042,0.425006605654,1.11E-14));
#6847 = ORIENTED_EDGE('',*,*,#6848,.F.);
#6848 = EDGE_CURVE('',#6832,#6841,#6849,.T.);
#6849 = CIRCLE('',#6850,766.28872274396);
#6850 = AXIS2_PLACEMENT_3D('',#6851,#6852,#6853);
#6851 = CARTESIAN_POINT('',(-528.1086465075,572.01819808501,
    -162.3580074297));
#6852 = DIRECTION('',(0.30052505285,0.640066162696,0.707106781173));
#6853 = DIRECTION('',(0.79240924632,-0.580170949634,0.18838592184));
#6854 = PLANE('',#6855);
#6855 = AXIS2_PLACEMENT_3D('',#6856,#6857,#6858);
#6856 = CARTESIAN_POINT('',(116.03500546033,110.65295985811,-18.5));
#6857 = DIRECTION('',(0.300525052907,0.640066162655,0.707106781187));
#6858 = DIRECTION('',(0.920328729998,9.783941137927E-17,-0.391145789622)
  );
#6859 = ADVANCED_FACE('',(#6860),#6888,.T.);
#6860 = FACE_BOUND('',#6861,.T.);
#6861 = EDGE_LOOP('',(#6862,#6871,#6872,#6881));
#6862 = ORIENTED_EDGE('',*,*,#6863,.T.);
#6863 = EDGE_CURVE('',#6864,#6832,#6866,.T.);
#6864 = VERTEX_POINT('',#6865);
#6865 = CARTESIAN_POINT('',(57.573816243803,157.07573130066,
    -17.99999999999));
#6866 = CIRCLE('',#6867,76.5);
#6867 = AXIS2_PLACEMENT_3D('',#6868,#6869,#6870);
#6868 = CARTESIAN_POINT('',(8.25,98.6,-17.99999999999));
#6869 = DIRECTION('',(-1.226E-14,0.,-1.));
#6870 = DIRECTION('',(1.,0.,-1.226E-14));
#6871 = ORIENTED_EDGE('',*,*,#6848,.T.);
#6872 = ORIENTED_EDGE('',*,*,#6873,.T.);
#6873 = EDGE_CURVE('',#6841,#6874,#6876,.T.);
#6874 = VERTEX_POINT('',#6875);
#6875 = CARTESIAN_POINT('',(58.517557301087,157.58663139205,-19.));
#6876 = CIRCLE('',#6877,77.5);
#6877 = AXIS2_PLACEMENT_3D('',#6878,#6879,#6880);
#6878 = CARTESIAN_POINT('',(8.25,98.6,-19.));
#6879 = DIRECTION('',(1.226E-14,0.,1.));
#6880 = DIRECTION('',(1.,0.,-1.226E-14));
#6881 = ORIENTED_EDGE('',*,*,#6882,.F.);
#6882 = EDGE_CURVE('',#6864,#6874,#6883,.T.);
#6883 = CIRCLE('',#6884,766.28872281645);
#6884 = AXIS2_PLACEMENT_3D('',#6885,#6886,#6887);
#6885 = CARTESIAN_POINT('',(292.75352541436,-557.8016545517,
    -162.3580074222));
#6886 = DIRECTION('',(-0.701606443446,-8.802498806263E-02,
    -0.707106781181));
#6887 = DIRECTION('',(-0.30690743863,0.932908660361,0.188385921812));
#6888 = CONICAL_SURFACE('',#6889,77.,0.785398163396);
#6889 = AXIS2_PLACEMENT_3D('',#6890,#6891,#6892);
#6890 = CARTESIAN_POINT('',(8.25,98.6,-18.5));
#6891 = DIRECTION('',(0.,0.,-1.));
#6892 = DIRECTION('',(-1.,0.,0.));
#6893 = ADVANCED_FACE('',(#6894),#6919,.T.);
#6894 = FACE_BOUND('',#6895,.T.);
#6895 = EDGE_LOOP('',(#6896,#6904,#6905,#6913));
#6896 = ORIENTED_EDGE('',*,*,#6897,.T.);
#6897 = EDGE_CURVE('',#6898,#6864,#6900,.T.);
#6898 = VERTEX_POINT('',#6899);
#6899 = CARTESIAN_POINT('',(57.112833034961,160.7500151222,
    -17.99999999999));
#6900 = LINE('',#6901,#6902);
#6901 = CARTESIAN_POINT('',(67.541392597542,77.62879303039,
    -17.99999999999));
#6902 = VECTOR('',#6903,1.);
#6903 = DIRECTION('',(0.124486131988,-0.992221347756,-1.53E-15));
#6904 = ORIENTED_EDGE('',*,*,#6882,.T.);
#6905 = ORIENTED_EDGE('',*,*,#6906,.T.);
#6906 = EDGE_CURVE('',#6874,#6907,#6909,.T.);
#6907 = VERTEX_POINT('',#6908);
#6908 = CARTESIAN_POINT('',(58.154280466506,160.4821429214,-19.));
#6909 = LINE('',#6910,#6911);
#6910 = CARTESIAN_POINT('',(68.533613945298,77.753279162378,
    -18.99999999999));
#6911 = VECTOR('',#6912,1.);
#6912 = DIRECTION('',(-0.124486131988,0.992221347756,1.53E-15));
#6913 = ORIENTED_EDGE('',*,*,#6914,.F.);
#6914 = EDGE_CURVE('',#6898,#6907,#6915,.T.);
#6915 = LINE('',#6916,#6917);
#6916 = CARTESIAN_POINT('',(57.112833034961,160.7500151222,
    -17.99999999999));
#6917 = VECTOR('',#6918,1.);
#6918 = DIRECTION('',(0.709211692448,-0.182417365617,-0.680986549072));
#6919 = PLANE('',#6920);
#6920 = AXIS2_PLACEMENT_3D('',#6921,#6922,#6923);
#6921 = CARTESIAN_POINT('',(68.03750327142,77.691036096384,
    -18.49999999999));
#6922 = DIRECTION('',(0.701606443436,8.80249880925E-02,0.707106781187));
#6923 = DIRECTION('',(0.709862277149,-2.151834635459E-17,-0.704340505353
    ));
#6924 = ADVANCED_FACE('',(#6925),#6941,.T.);
#6925 = FACE_BOUND('',#6926,.T.);
#6926 = EDGE_LOOP('',(#6927,#6933,#6934,#6940));
#6927 = ORIENTED_EDGE('',*,*,#6928,.T.);
#6928 = EDGE_CURVE('',#6736,#6898,#6929,.T.);
#6929 = LINE('',#6930,#6931);
#6930 = CARTESIAN_POINT('',(29.954959496953,123.37040898605,
    -17.99999999999));
#6931 = VECTOR('',#6932,1.);
#6932 = DIRECTION('',(-0.587785252292,-0.809016994375,7.21E-15));
#6933 = ORIENTED_EDGE('',*,*,#6914,.T.);
#6934 = ORIENTED_EDGE('',*,*,#6935,.T.);
#6935 = EDGE_CURVE('',#6907,#6649,#6936,.T.);
#6936 = LINE('',#6937,#6938);
#6937 = CARTESIAN_POINT('',(30.763976491328,122.78262373376,-19.));
#6938 = VECTOR('',#6939,1.);
#6939 = DIRECTION('',(0.587785252292,0.809016994375,-7.21E-15));
#6940 = ORIENTED_EDGE('',*,*,#6743,.F.);
#6941 = PLANE('',#6942);
#6942 = AXIS2_PLACEMENT_3D('',#6943,#6944,#6945);
#6943 = CARTESIAN_POINT('',(30.359467994141,123.0765163599,
    -18.49999999999));
#6944 = DIRECTION('',(0.572061402818,-0.415626937778,0.707106781186));
#6945 = DIRECTION('',(0.777437524821,-1.937132165741E-16,-0.628960169645
    ));
#6946 = ADVANCED_FACE('',(#6947),#6966,.F.);
#6947 = FACE_BOUND('',#6948,.F.);
#6948 = EDGE_LOOP('',(#6949,#6957,#6958,#6959));
#6949 = ORIENTED_EDGE('',*,*,#6950,.F.);
#6950 = EDGE_CURVE('',#305,#6951,#6953,.T.);
#6951 = VERTEX_POINT('',#6952);
#6952 = CARTESIAN_POINT('',(76.85,197.2,-17.));
#6953 = LINE('',#6954,#6955);
#6954 = CARTESIAN_POINT('',(76.85,197.2,9.000000000001));
#6955 = VECTOR('',#6956,1.);
#6956 = DIRECTION('',(0.,0.,-1.));
#6957 = ORIENTED_EDGE('',*,*,#304,.T.);
#6958 = ORIENTED_EDGE('',*,*,#366,.F.);
#6959 = ORIENTED_EDGE('',*,*,#6960,.T.);
#6960 = EDGE_CURVE('',#352,#6951,#6961,.T.);
#6961 = CIRCLE('',#6962,30.);
#6962 = AXIS2_PLACEMENT_3D('',#6963,#6964,#6965);
#6963 = CARTESIAN_POINT('',(76.85,167.2,-17.));
#6964 = DIRECTION('',(1.226E-14,2.551834517378E-31,1.));
#6965 = DIRECTION('',(0.707106781187,0.707106781187,-8.669129137347E-15)
  );
#6966 = CYLINDRICAL_SURFACE('',#6967,30.);
#6967 = AXIS2_PLACEMENT_3D('',#6968,#6969,#6970);
#6968 = CARTESIAN_POINT('',(76.85,167.2,9.000000000001));
#6969 = DIRECTION('',(0.,0.,-1.));
#6970 = DIRECTION('',(0.707106781187,0.707106781187,0.));
#6971 = ADVANCED_FACE('',(#6972),#6990,.F.);
#6972 = FACE_BOUND('',#6973,.T.);
#6973 = EDGE_LOOP('',(#6974,#6982,#6983,#6984));
#6974 = ORIENTED_EDGE('',*,*,#6975,.F.);
#6975 = EDGE_CURVE('',#6951,#6976,#6978,.T.);
#6976 = VERTEX_POINT('',#6977);
#6977 = CARTESIAN_POINT('',(-60.35,197.2,-17.));
#6978 = LINE('',#6979,#6980);
#6979 = CARTESIAN_POINT('',(57.55,197.2,-16.99999999999));
#6980 = VECTOR('',#6981,1.);
#6981 = DIRECTION('',(-1.,0.,1.226E-14));
#6982 = ORIENTED_EDGE('',*,*,#6950,.F.);
#6983 = ORIENTED_EDGE('',*,*,#335,.F.);
#6984 = ORIENTED_EDGE('',*,*,#6985,.F.);
#6985 = EDGE_CURVE('',#6976,#105,#6986,.T.);
#6986 = LINE('',#6987,#6988);
#6987 = CARTESIAN_POINT('',(-60.35,197.2,-8.999999999998));
#6988 = VECTOR('',#6989,1.);
#6989 = DIRECTION('',(0.,0.,1.));
#6990 = PLANE('',#6991);
#6991 = AXIS2_PLACEMENT_3D('',#6992,#6993,#6994);
#6992 = CARTESIAN_POINT('',(8.25,197.2,1.23013E-12));
#6993 = DIRECTION('',(0.,1.,0.));
#6994 = DIRECTION('',(0.,-0.,1.));
#6995 = ADVANCED_FACE('',(#6996),#7015,.F.);
#6996 = FACE_BOUND('',#6997,.F.);
#6997 = EDGE_LOOP('',(#6998,#7006,#7007,#7008));
#6998 = ORIENTED_EDGE('',*,*,#6999,.F.);
#6999 = EDGE_CURVE('',#113,#7000,#7002,.T.);
#7000 = VERTEX_POINT('',#7001);
#7001 = CARTESIAN_POINT('',(-90.35,167.2,-17.));
#7002 = LINE('',#7003,#7004);
#7003 = CARTESIAN_POINT('',(-90.35,167.2,-8.999999999998));
#7004 = VECTOR('',#7005,1.);
#7005 = DIRECTION('',(0.,0.,-1.));
#7006 = ORIENTED_EDGE('',*,*,#112,.T.);
#7007 = ORIENTED_EDGE('',*,*,#6985,.F.);
#7008 = ORIENTED_EDGE('',*,*,#7009,.T.);
#7009 = EDGE_CURVE('',#6976,#7000,#7010,.T.);
#7010 = CIRCLE('',#7011,30.);
#7011 = AXIS2_PLACEMENT_3D('',#7012,#7013,#7014);
#7012 = CARTESIAN_POINT('',(-60.35,167.2,-17.));
#7013 = DIRECTION('',(1.226E-14,-2.551834517378E-31,1.));
#7014 = DIRECTION('',(-0.707106781187,0.707106781187,8.669129137347E-15)
  );
#7015 = CYLINDRICAL_SURFACE('',#7016,30.);
#7016 = AXIS2_PLACEMENT_3D('',#7017,#7018,#7019);
#7017 = CARTESIAN_POINT('',(-60.35,167.2,-8.999999999998));
#7018 = DIRECTION('',(0.,0.,1.));
#7019 = DIRECTION('',(-0.707106781187,0.707106781187,0.));
#7020 = ADVANCED_FACE('',(#7021),#7032,.F.);
#7021 = FACE_BOUND('',#7022,.T.);
#7022 = EDGE_LOOP('',(#7023,#7029,#7030,#7031));
#7023 = ORIENTED_EDGE('',*,*,#7024,.F.);
#7024 = EDGE_CURVE('',#7000,#678,#7025,.T.);
#7025 = LINE('',#7026,#7027);
#7026 = CARTESIAN_POINT('',(-90.35,0.,-16.99999999999));
#7027 = VECTOR('',#7028,1.);
#7028 = DIRECTION('',(0.,-1.,0.));
#7029 = ORIENTED_EDGE('',*,*,#6999,.F.);
#7030 = ORIENTED_EDGE('',*,*,#152,.F.);
#7031 = ORIENTED_EDGE('',*,*,#677,.F.);
#7032 = PLANE('',#7033);
#7033 = AXIS2_PLACEMENT_3D('',#7034,#7035,#7036);
#7034 = CARTESIAN_POINT('',(-90.35,0.,-17.99999999999));
#7035 = DIRECTION('',(-1.,0.,0.));
#7036 = DIRECTION('',(0.,0.,1.));
#7037 = ADVANCED_FACE('',(#7038),#7063,.T.);
#7038 = FACE_BOUND('',#7039,.T.);
#7039 = EDGE_LOOP('',(#7040,#7048,#7056,#7062));
#7040 = ORIENTED_EDGE('',*,*,#7041,.F.);
#7041 = EDGE_CURVE('',#7042,#352,#7044,.T.);
#7042 = VERTEX_POINT('',#7043);
#7043 = CARTESIAN_POINT('',(105.85,167.2,-18.));
#7044 = LINE('',#7045,#7046);
#7045 = CARTESIAN_POINT('',(105.85,167.2,-18.));
#7046 = VECTOR('',#7047,1.);
#7047 = DIRECTION('',(0.707106781187,0.,0.707106781186));
#7048 = ORIENTED_EDGE('',*,*,#7049,.T.);
#7049 = EDGE_CURVE('',#7042,#7050,#7052,.T.);
#7050 = VERTEX_POINT('',#7051);
#7051 = CARTESIAN_POINT('',(105.85,30.,-18.));
#7052 = LINE('',#7053,#7054);
#7053 = CARTESIAN_POINT('',(105.85,0.,-18.));
#7054 = VECTOR('',#7055,1.);
#7055 = DIRECTION('',(0.,-1.,0.));
#7056 = ORIENTED_EDGE('',*,*,#7057,.F.);
#7057 = EDGE_CURVE('',#350,#7050,#7058,.T.);
#7058 = LINE('',#7059,#7060);
#7059 = CARTESIAN_POINT('',(106.85,30.,-17.));
#7060 = VECTOR('',#7061,1.);
#7061 = DIRECTION('',(-0.707106781187,0.,-0.707106781186));
#7062 = ORIENTED_EDGE('',*,*,#349,.T.);
#7063 = PLANE('',#7064);
#7064 = AXIS2_PLACEMENT_3D('',#7065,#7066,#7067);
#7065 = CARTESIAN_POINT('',(106.35,0.,-17.5));
#7066 = DIRECTION('',(-0.707106781187,0.,0.707106781187));
#7067 = DIRECTION('',(0.707106781187,0.,0.707106781187));
#7068 = ADVANCED_FACE('',(#7069),#7088,.F.);
#7069 = FACE_BOUND('',#7070,.F.);
#7070 = EDGE_LOOP('',(#7071,#7072,#7080,#7087));
#7071 = ORIENTED_EDGE('',*,*,#530,.F.);
#7072 = ORIENTED_EDGE('',*,*,#7073,.T.);
#7073 = EDGE_CURVE('',#523,#7074,#7076,.T.);
#7074 = VERTEX_POINT('',#7075);
#7075 = CARTESIAN_POINT('',(76.85,1.,-18.));
#7076 = LINE('',#7077,#7078);
#7077 = CARTESIAN_POINT('',(76.85,0.,-17.));
#7078 = VECTOR('',#7079,1.);
#7079 = DIRECTION('',(-6.28E-15,0.707106781187,-0.707106781187));
#7080 = ORIENTED_EDGE('',*,*,#7081,.F.);
#7081 = EDGE_CURVE('',#7050,#7074,#7082,.T.);
#7082 = CIRCLE('',#7083,29.);
#7083 = AXIS2_PLACEMENT_3D('',#7084,#7085,#7086);
#7084 = CARTESIAN_POINT('',(76.85,30.,-18.));
#7085 = DIRECTION('',(-1.226E-14,2.551834517378E-31,-1.));
#7086 = DIRECTION('',(0.707106781187,-0.707106781187,-8.669129137347E-15
    ));
#7087 = ORIENTED_EDGE('',*,*,#7057,.F.);
#7088 = CONICAL_SURFACE('',#7089,29.5,0.785398163398);
#7089 = AXIS2_PLACEMENT_3D('',#7090,#7091,#7092);
#7090 = CARTESIAN_POINT('',(76.85,30.,-17.5));
#7091 = DIRECTION('',(0.,0.,1.));
#7092 = DIRECTION('',(0.707106781187,-0.707106781187,0.));
#7093 = ADVANCED_FACE('',(#7094),#7112,.T.);
#7094 = FACE_BOUND('',#7095,.T.);
#7095 = EDGE_LOOP('',(#7096,#7104,#7105,#7106));
#7096 = ORIENTED_EDGE('',*,*,#7097,.F.);
#7097 = EDGE_CURVE('',#570,#7098,#7100,.T.);
#7098 = VERTEX_POINT('',#7099);
#7099 = CARTESIAN_POINT('',(-60.35,1.,-17.99999999999));
#7100 = LINE('',#7101,#7102);
#7101 = CARTESIAN_POINT('',(-60.35,0.,-17.));
#7102 = VECTOR('',#7103,1.);
#7103 = DIRECTION('',(-6.28E-15,0.707106781188,-0.707106781185));
#7104 = ORIENTED_EDGE('',*,*,#569,.T.);
#7105 = ORIENTED_EDGE('',*,*,#7073,.T.);
#7106 = ORIENTED_EDGE('',*,*,#7107,.T.);
#7107 = EDGE_CURVE('',#7074,#7098,#7108,.T.);
#7108 = LINE('',#7109,#7110);
#7109 = CARTESIAN_POINT('',(57.55,1.,-17.99999999999));
#7110 = VECTOR('',#7111,1.);
#7111 = DIRECTION('',(-1.,0.,1.226E-14));
#7112 = PLANE('',#7113);
#7113 = AXIS2_PLACEMENT_3D('',#7114,#7115,#7116);
#7114 = CARTESIAN_POINT('',(57.55,0.5,-17.49999999999));
#7115 = DIRECTION('',(0.,0.707106781187,0.707106781187));
#7116 = DIRECTION('',(1.,6.13E-15,-6.13E-15));
#7117 = ADVANCED_FACE('',(#7118),#7137,.F.);
#7118 = FACE_BOUND('',#7119,.F.);
#7119 = EDGE_LOOP('',(#7120,#7121,#7129,#7136));
#7120 = ORIENTED_EDGE('',*,*,#685,.F.);
#7121 = ORIENTED_EDGE('',*,*,#7122,.T.);
#7122 = EDGE_CURVE('',#678,#7123,#7125,.T.);
#7123 = VERTEX_POINT('',#7124);
#7124 = CARTESIAN_POINT('',(-89.35,30.,-17.99999999999));
#7125 = LINE('',#7126,#7127);
#7126 = CARTESIAN_POINT('',(-90.35,30.,-16.99999999999));
#7127 = VECTOR('',#7128,1.);
#7128 = DIRECTION('',(0.707106781187,0.,-0.707106781187));
#7129 = ORIENTED_EDGE('',*,*,#7130,.F.);
#7130 = EDGE_CURVE('',#7098,#7123,#7131,.T.);
#7131 = CIRCLE('',#7132,29.);
#7132 = AXIS2_PLACEMENT_3D('',#7133,#7134,#7135);
#7133 = CARTESIAN_POINT('',(-60.35,30.,-17.99999999999));
#7134 = DIRECTION('',(-1.226E-14,-2.551834517378E-31,-1.));
#7135 = DIRECTION('',(-0.707106781187,-0.707106781187,8.669129137347E-15
    ));
#7136 = ORIENTED_EDGE('',*,*,#7097,.F.);
#7137 = CONICAL_SURFACE('',#7138,29.5,0.7853981634);
#7138 = AXIS2_PLACEMENT_3D('',#7139,#7140,#7141);
#7139 = CARTESIAN_POINT('',(-60.35,30.,-17.5));
#7140 = DIRECTION('',(0.,0.,1.));
#7141 = DIRECTION('',(-0.707106781187,-0.707106781187,0.));
#7142 = ADVANCED_FACE('',(#7143),#7161,.T.);
#7143 = FACE_BOUND('',#7144,.T.);
#7144 = EDGE_LOOP('',(#7145,#7153,#7154,#7155));
#7145 = ORIENTED_EDGE('',*,*,#7146,.F.);
#7146 = EDGE_CURVE('',#7000,#7147,#7149,.T.);
#7147 = VERTEX_POINT('',#7148);
#7148 = CARTESIAN_POINT('',(-89.35,167.2,-17.99999999999));
#7149 = LINE('',#7150,#7151);
#7150 = CARTESIAN_POINT('',(-90.35,167.2,-17.));
#7151 = VECTOR('',#7152,1.);
#7152 = DIRECTION('',(0.707106781188,0.,-0.707106781185));
#7153 = ORIENTED_EDGE('',*,*,#7024,.T.);
#7154 = ORIENTED_EDGE('',*,*,#7122,.T.);
#7155 = ORIENTED_EDGE('',*,*,#7156,.T.);
#7156 = EDGE_CURVE('',#7123,#7147,#7157,.T.);
#7157 = LINE('',#7158,#7159);
#7158 = CARTESIAN_POINT('',(-89.35,0.,-17.99999999999));
#7159 = VECTOR('',#7160,1.);
#7160 = DIRECTION('',(0.,1.,0.));
#7161 = PLANE('',#7162);
#7162 = AXIS2_PLACEMENT_3D('',#7163,#7164,#7165);
#7163 = CARTESIAN_POINT('',(-89.85,0.,-17.49999999999));
#7164 = DIRECTION('',(0.707106781187,0.,0.707106781187));
#7165 = DIRECTION('',(0.707106781187,0.,-0.707106781187));
#7166 = ADVANCED_FACE('',(#7167),#7186,.F.);
#7167 = FACE_BOUND('',#7168,.F.);
#7168 = EDGE_LOOP('',(#7169,#7170,#7178,#7185));
#7169 = ORIENTED_EDGE('',*,*,#7009,.F.);
#7170 = ORIENTED_EDGE('',*,*,#7171,.T.);
#7171 = EDGE_CURVE('',#6976,#7172,#7174,.T.);
#7172 = VERTEX_POINT('',#7173);
#7173 = CARTESIAN_POINT('',(-60.35,196.2,-17.99999999999));
#7174 = LINE('',#7175,#7176);
#7175 = CARTESIAN_POINT('',(-60.35,197.2,-16.99999999999));
#7176 = VECTOR('',#7177,1.);
#7177 = DIRECTION('',(0.,-0.707106781187,-0.707106781187));
#7178 = ORIENTED_EDGE('',*,*,#7179,.F.);
#7179 = EDGE_CURVE('',#7147,#7172,#7180,.T.);
#7180 = CIRCLE('',#7181,29.);
#7181 = AXIS2_PLACEMENT_3D('',#7182,#7183,#7184);
#7182 = CARTESIAN_POINT('',(-60.35,167.2,-17.99999999999));
#7183 = DIRECTION('',(-1.226E-14,2.551834517378E-31,-1.));
#7184 = DIRECTION('',(-0.707106781187,0.707106781187,8.669129137347E-15)
  );
#7185 = ORIENTED_EDGE('',*,*,#7146,.F.);
#7186 = CONICAL_SURFACE('',#7187,29.5,0.785398163399);
#7187 = AXIS2_PLACEMENT_3D('',#7188,#7189,#7190);
#7188 = CARTESIAN_POINT('',(-60.35,167.2,-17.5));
#7189 = DIRECTION('',(0.,0.,1.));
#7190 = DIRECTION('',(-0.707106781187,0.707106781187,0.));
#7191 = ADVANCED_FACE('',(#7192),#7210,.T.);
#7192 = FACE_BOUND('',#7193,.T.);
#7193 = EDGE_LOOP('',(#7194,#7195,#7203,#7209));
#7194 = ORIENTED_EDGE('',*,*,#7171,.T.);
#7195 = ORIENTED_EDGE('',*,*,#7196,.T.);
#7196 = EDGE_CURVE('',#7172,#7197,#7199,.T.);
#7197 = VERTEX_POINT('',#7198);
#7198 = CARTESIAN_POINT('',(76.85,196.2,-18.));
#7199 = LINE('',#7200,#7201);
#7200 = CARTESIAN_POINT('',(57.55,196.2,-17.99999999999));
#7201 = VECTOR('',#7202,1.);
#7202 = DIRECTION('',(1.,0.,-1.226E-14));
#7203 = ORIENTED_EDGE('',*,*,#7204,.F.);
#7204 = EDGE_CURVE('',#6951,#7197,#7205,.T.);
#7205 = LINE('',#7206,#7207);
#7206 = CARTESIAN_POINT('',(76.85,197.2,-17.));
#7207 = VECTOR('',#7208,1.);
#7208 = DIRECTION('',(-6.28E-15,-0.707106781187,-0.707106781186));
#7209 = ORIENTED_EDGE('',*,*,#6975,.T.);
#7210 = PLANE('',#7211);
#7211 = AXIS2_PLACEMENT_3D('',#7212,#7213,#7214);
#7212 = CARTESIAN_POINT('',(57.55,196.7,-17.49999999999));
#7213 = DIRECTION('',(0.,-0.707106781187,0.707106781187));
#7214 = DIRECTION('',(1.,-6.13E-15,-6.13E-15));
#7215 = ADVANCED_FACE('',(#7216),#7228,.F.);
#7216 = FACE_BOUND('',#7217,.F.);
#7217 = EDGE_LOOP('',(#7218,#7219,#7220,#7227));
#7218 = ORIENTED_EDGE('',*,*,#6960,.F.);
#7219 = ORIENTED_EDGE('',*,*,#7041,.F.);
#7220 = ORIENTED_EDGE('',*,*,#7221,.F.);
#7221 = EDGE_CURVE('',#7197,#7042,#7222,.T.);
#7222 = CIRCLE('',#7223,29.);
#7223 = AXIS2_PLACEMENT_3D('',#7224,#7225,#7226);
#7224 = CARTESIAN_POINT('',(76.85,167.2,-18.));
#7225 = DIRECTION('',(-1.226E-14,-2.551834517378E-31,-1.));
#7226 = DIRECTION('',(0.707106781187,0.707106781187,-8.669129137347E-15)
  );
#7227 = ORIENTED_EDGE('',*,*,#7204,.F.);
#7228 = CONICAL_SURFACE('',#7229,29.5,0.785398163398);
#7229 = AXIS2_PLACEMENT_3D('',#7230,#7231,#7232);
#7230 = CARTESIAN_POINT('',(76.85,167.2,-17.5));
#7231 = DIRECTION('',(0.,0.,1.));
#7232 = DIRECTION('',(0.707106781187,0.707106781187,-0.));
#7233 = ADVANCED_FACE('',(#7234,#7302,#7312,#7322,#7332,#7342,#7352,
    #7362,#7372,#7382,#7392),#7402,.F.);
#7234 = FACE_BOUND('',#7235,.T.);
#7235 = EDGE_LOOP('',(#7236,#7246,#7254,#7263,#7271,#7279,#7287,#7296));
#7236 = ORIENTED_EDGE('',*,*,#7237,.F.);
#7237 = EDGE_CURVE('',#7238,#7240,#7242,.T.);
#7238 = VERTEX_POINT('',#7239);
#7239 = CARTESIAN_POINT('',(11.25,184.43957950673,-17.99999999999));
#7240 = VERTEX_POINT('',#7241);
#7241 = CARTESIAN_POINT('',(11.25,177.6012710777,-17.99999999999));
#7242 = LINE('',#7243,#7244);
#7243 = CARTESIAN_POINT('',(11.25,93.004261805916,-17.99999999999));
#7244 = VECTOR('',#7245,1.);
#7245 = DIRECTION('',(0.,-1.,0.));
#7246 = ORIENTED_EDGE('',*,*,#7247,.F.);
#7247 = EDGE_CURVE('',#7248,#7238,#7250,.T.);
#7248 = VERTEX_POINT('',#7249);
#7249 = CARTESIAN_POINT('',(13.877371864158,186.920907411,
    -17.99999999999));
#7250 = LINE('',#7251,#7252);
#7251 = CARTESIAN_POINT('',(-8.863356457989,165.44423541076,
    -17.99999999999));
#7252 = VECTOR('',#7253,1.);
#7253 = DIRECTION('',(-0.727024044886,-0.686611999718,8.91E-15));
#7254 = ORIENTED_EDGE('',*,*,#7255,.F.);
#7255 = EDGE_CURVE('',#7256,#7248,#7258,.T.);
#7256 = VERTEX_POINT('',#7257);
#7257 = CARTESIAN_POINT('',(55.611087373505,173.36080124503,
    -17.99999999999));
#7258 = CIRCLE('',#7259,88.5);
#7259 = AXIS2_PLACEMENT_3D('',#7260,#7261,#7262);
#7260 = CARTESIAN_POINT('',(8.25,98.6,-17.99999999999));
#7261 = DIRECTION('',(1.226E-14,0.,1.));
#7262 = DIRECTION('',(1.,0.,-1.226E-14));
#7263 = ORIENTED_EDGE('',*,*,#7264,.F.);
#7264 = EDGE_CURVE('',#7265,#7256,#7267,.T.);
#7265 = VERTEX_POINT('',#7266);
#7266 = CARTESIAN_POINT('',(56.278187913919,169.80903436782,
    -17.99999999999));
#7267 = LINE('',#7268,#7269);
#7268 = CARTESIAN_POINT('',(72.376833857633,84.096860614613,-18.));
#7269 = VECTOR('',#7270,1.);
#7270 = DIRECTION('',(-0.184594400151,0.98281478796,2.26E-15));
#7271 = ORIENTED_EDGE('',*,*,#7272,.F.);
#7272 = EDGE_CURVE('',#7273,#7265,#7275,.T.);
#7273 = VERTEX_POINT('',#7274);
#7274 = CARTESIAN_POINT('',(52.258731068711,164.27672663596,
    -17.99999999999));
#7275 = LINE('',#7276,#7277);
#7276 = CARTESIAN_POINT('',(22.158457971069,122.84725494312,
    -17.99999999999));
#7277 = VECTOR('',#7278,1.);
#7278 = DIRECTION('',(0.587785252292,0.809016994375,-7.21E-15));
#7279 = ORIENTED_EDGE('',*,*,#7280,.F.);
#7280 = EDGE_CURVE('',#7281,#7273,#7283,.T.);
#7281 = VERTEX_POINT('',#7282);
#7282 = CARTESIAN_POINT('',(48.62182785186,163.57973157762,
    -17.99999999999));
#7283 = LINE('',#7284,#7285);
#7284 = CARTESIAN_POINT('',(62.492917398736,166.23805936132,
    -17.99999999999));
#7285 = VECTOR('',#7286,1.);
#7286 = DIRECTION('',(0.982126908739,0.188219911623,-1.204E-14));
#7287 = ORIENTED_EDGE('',*,*,#7288,.F.);
#7288 = EDGE_CURVE('',#7289,#7281,#7291,.T.);
#7289 = VERTEX_POINT('',#7290);
#7290 = CARTESIAN_POINT('',(13.782633093116,174.89967215563,
    -17.99999999999));
#7291 = CIRCLE('',#7292,76.5);
#7292 = AXIS2_PLACEMENT_3D('',#7293,#7294,#7295);
#7293 = CARTESIAN_POINT('',(8.25,98.6,-17.99999999999));
#7294 = DIRECTION('',(-1.226E-14,0.,-1.));
#7295 = DIRECTION('',(1.,0.,-1.226E-14));
#7296 = ORIENTED_EDGE('',*,*,#7297,.F.);
#7297 = EDGE_CURVE('',#7240,#7289,#7298,.T.);
#7298 = LINE('',#7299,#7300);
#7299 = CARTESIAN_POINT('',(78.55063955221,105.8106371468,-18.));
#7300 = VECTOR('',#7301,1.);
#7301 = DIRECTION('',(0.683924471563,-0.729552820019,-8.39E-15));
#7302 = FACE_BOUND('',#7303,.T.);
#7303 = EDGE_LOOP('',(#7304,#7305,#7306,#7307,#7308,#7309,#7310,#7311));
#7304 = ORIENTED_EDGE('',*,*,#6928,.F.);
#7305 = ORIENTED_EDGE('',*,*,#6735,.F.);
#7306 = ORIENTED_EDGE('',*,*,#6758,.F.);
#7307 = ORIENTED_EDGE('',*,*,#6792,.F.);
#7308 = ORIENTED_EDGE('',*,*,#6807,.F.);
#7309 = ORIENTED_EDGE('',*,*,#6831,.F.);
#7310 = ORIENTED_EDGE('',*,*,#6863,.F.);
#7311 = ORIENTED_EDGE('',*,*,#6897,.F.);
#7312 = FACE_BOUND('',#7313,.T.);
#7313 = EDGE_LOOP('',(#7314,#7315,#7316,#7317,#7318,#7319,#7320,#7321));
#7314 = ORIENTED_EDGE('',*,*,#6293,.F.);
#7315 = ORIENTED_EDGE('',*,*,#6095,.F.);
#7316 = ORIENTED_EDGE('',*,*,#6118,.F.);
#7317 = ORIENTED_EDGE('',*,*,#6159,.F.);
#7318 = ORIENTED_EDGE('',*,*,#6174,.F.);
#7319 = ORIENTED_EDGE('',*,*,#6205,.F.);
#7320 = ORIENTED_EDGE('',*,*,#6237,.F.);
#7321 = ORIENTED_EDGE('',*,*,#6269,.F.);
#7322 = FACE_BOUND('',#7323,.T.);
#7323 = EDGE_LOOP('',(#7324,#7325,#7326,#7327,#7328,#7329,#7330,#7331));
#7324 = ORIENTED_EDGE('',*,*,#5648,.F.);
#7325 = ORIENTED_EDGE('',*,*,#5455,.F.);
#7326 = ORIENTED_EDGE('',*,*,#5478,.F.);
#7327 = ORIENTED_EDGE('',*,*,#5512,.F.);
#7328 = ORIENTED_EDGE('',*,*,#5527,.F.);
#7329 = ORIENTED_EDGE('',*,*,#5551,.F.);
#7330 = ORIENTED_EDGE('',*,*,#5583,.F.);
#7331 = ORIENTED_EDGE('',*,*,#5617,.F.);
#7332 = FACE_BOUND('',#7333,.T.);
#7333 = EDGE_LOOP('',(#7334,#7335,#7336,#7337,#7338,#7339,#7340,#7341));
#7334 = ORIENTED_EDGE('',*,*,#5008,.F.);
#7335 = ORIENTED_EDGE('',*,*,#4815,.F.);
#7336 = ORIENTED_EDGE('',*,*,#4838,.F.);
#7337 = ORIENTED_EDGE('',*,*,#4872,.F.);
#7338 = ORIENTED_EDGE('',*,*,#4887,.F.);
#7339 = ORIENTED_EDGE('',*,*,#4911,.F.);
#7340 = ORIENTED_EDGE('',*,*,#4943,.F.);
#7341 = ORIENTED_EDGE('',*,*,#4977,.F.);
#7342 = FACE_BOUND('',#7343,.T.);
#7343 = EDGE_LOOP('',(#7344,#7345,#7346,#7347,#7348,#7349,#7350,#7351));
#7344 = ORIENTED_EDGE('',*,*,#4430,.F.);
#7345 = ORIENTED_EDGE('',*,*,#4247,.F.);
#7346 = ORIENTED_EDGE('',*,*,#4284,.F.);
#7347 = ORIENTED_EDGE('',*,*,#4309,.F.);
#7348 = ORIENTED_EDGE('',*,*,#4335,.F.);
#7349 = ORIENTED_EDGE('',*,*,#4350,.F.);
#7350 = ORIENTED_EDGE('',*,*,#4374,.F.);
#7351 = ORIENTED_EDGE('',*,*,#4398,.F.);
#7352 = FACE_BOUND('',#7353,.T.);
#7353 = EDGE_LOOP('',(#7354,#7355,#7356,#7357,#7358,#7359,#7360,#7361));
#7354 = ORIENTED_EDGE('',*,*,#4688,.F.);
#7355 = ORIENTED_EDGE('',*,*,#4504,.F.);
#7356 = ORIENTED_EDGE('',*,*,#4527,.F.);
#7357 = ORIENTED_EDGE('',*,*,#4567,.F.);
#7358 = ORIENTED_EDGE('',*,*,#4582,.F.);
#7359 = ORIENTED_EDGE('',*,*,#4606,.F.);
#7360 = ORIENTED_EDGE('',*,*,#4631,.F.);
#7361 = ORIENTED_EDGE('',*,*,#4657,.F.);
#7362 = FACE_BOUND('',#7363,.T.);
#7363 = EDGE_LOOP('',(#7364,#7365,#7366,#7367,#7368,#7369,#7370,#7371));
#7364 = ORIENTED_EDGE('',*,*,#5328,.F.);
#7365 = ORIENTED_EDGE('',*,*,#5135,.F.);
#7366 = ORIENTED_EDGE('',*,*,#5158,.F.);
#7367 = ORIENTED_EDGE('',*,*,#5192,.F.);
#7368 = ORIENTED_EDGE('',*,*,#5207,.F.);
#7369 = ORIENTED_EDGE('',*,*,#5231,.F.);
#7370 = ORIENTED_EDGE('',*,*,#5263,.F.);
#7371 = ORIENTED_EDGE('',*,*,#5297,.F.);
#7372 = FACE_BOUND('',#7373,.T.);
#7373 = EDGE_LOOP('',(#7374,#7375,#7376,#7377,#7378,#7379,#7380,#7381));
#7374 = ORIENTED_EDGE('',*,*,#5968,.F.);
#7375 = ORIENTED_EDGE('',*,*,#5775,.F.);
#7376 = ORIENTED_EDGE('',*,*,#5798,.F.);
#7377 = ORIENTED_EDGE('',*,*,#5832,.F.);
#7378 = ORIENTED_EDGE('',*,*,#5847,.F.);
#7379 = ORIENTED_EDGE('',*,*,#5871,.F.);
#7380 = ORIENTED_EDGE('',*,*,#5903,.F.);
#7381 = ORIENTED_EDGE('',*,*,#5937,.F.);
#7382 = FACE_BOUND('',#7383,.T.);
#7383 = EDGE_LOOP('',(#7384,#7385,#7386,#7387,#7388,#7389,#7390,#7391));
#7384 = ORIENTED_EDGE('',*,*,#6608,.F.);
#7385 = ORIENTED_EDGE('',*,*,#6415,.F.);
#7386 = ORIENTED_EDGE('',*,*,#6438,.F.);
#7387 = ORIENTED_EDGE('',*,*,#6472,.F.);
#7388 = ORIENTED_EDGE('',*,*,#6487,.F.);
#7389 = ORIENTED_EDGE('',*,*,#6511,.F.);
#7390 = ORIENTED_EDGE('',*,*,#6543,.F.);
#7391 = ORIENTED_EDGE('',*,*,#6577,.F.);
#7392 = FACE_BOUND('',#7393,.T.);
#7393 = EDGE_LOOP('',(#7394,#7395,#7396,#7397,#7398,#7399,#7400,#7401));
#7394 = ORIENTED_EDGE('',*,*,#7221,.F.);
#7395 = ORIENTED_EDGE('',*,*,#7196,.F.);
#7396 = ORIENTED_EDGE('',*,*,#7179,.F.);
#7397 = ORIENTED_EDGE('',*,*,#7156,.F.);
#7398 = ORIENTED_EDGE('',*,*,#7130,.F.);
#7399 = ORIENTED_EDGE('',*,*,#7107,.F.);
#7400 = ORIENTED_EDGE('',*,*,#7081,.F.);
#7401 = ORIENTED_EDGE('',*,*,#7049,.F.);
#7402 = PLANE('',#7403);
#7403 = AXIS2_PLACEMENT_3D('',#7404,#7405,#7406);
#7404 = CARTESIAN_POINT('',(106.85,0.,-18.));
#7405 = DIRECTION('',(0.,0.,-1.));
#7406 = DIRECTION('',(-1.,0.,0.));
#7407 = ADVANCED_FACE('',(#7408),#7442,.T.);
#7408 = FACE_BOUND('',#7409,.T.);
#7409 = EDGE_LOOP('',(#7410,#7420,#7428,#7436));
#7410 = ORIENTED_EDGE('',*,*,#7411,.F.);
#7411 = EDGE_CURVE('',#7412,#7414,#7416,.T.);
#7412 = VERTEX_POINT('',#7413);
#7413 = CARTESIAN_POINT('',(14.246733733211,185.89426776445,-21.15));
#7414 = VERTEX_POINT('',#7415);
#7415 = CARTESIAN_POINT('',(12.25,184.00852361183,-21.15));
#7416 = LINE('',#7417,#7418);
#7417 = CARTESIAN_POINT('',(-70.11122668723,106.22539256863,-21.15));
#7418 = VECTOR('',#7419,1.);
#7419 = DIRECTION('',(-0.727024044886,-0.686611999718,0.));
#7420 = ORIENTED_EDGE('',*,*,#7421,.T.);
#7421 = EDGE_CURVE('',#7412,#7422,#7424,.T.);
#7422 = VERTEX_POINT('',#7423);
#7423 = CARTESIAN_POINT('',(14.24673373321,185.89426776445,-19.));
#7424 = LINE('',#7425,#7426);
#7425 = CARTESIAN_POINT('',(14.246733733211,185.89426776445,-18.));
#7426 = VECTOR('',#7427,1.);
#7427 = DIRECTION('',(0.,0.,1.));
#7428 = ORIENTED_EDGE('',*,*,#7429,.F.);
#7429 = EDGE_CURVE('',#7430,#7422,#7432,.T.);
#7430 = VERTEX_POINT('',#7431);
#7431 = CARTESIAN_POINT('',(12.25,184.00852361183,-18.99999999999));
#7432 = LINE('',#7433,#7434);
#7433 = CARTESIAN_POINT('',(-8.176744458271,164.71721136587,
    -18.99999999999));
#7434 = VECTOR('',#7435,1.);
#7435 = DIRECTION('',(0.727024044886,0.686611999718,-8.91E-15));
#7436 = ORIENTED_EDGE('',*,*,#7437,.T.);
#7437 = EDGE_CURVE('',#7430,#7414,#7438,.T.);
#7438 = LINE('',#7439,#7440);
#7439 = CARTESIAN_POINT('',(12.25,184.00852361183,-18.));
#7440 = VECTOR('',#7441,1.);
#7441 = DIRECTION('',(0.,0.,-1.));
#7442 = PLANE('',#7443);
#7443 = AXIS2_PLACEMENT_3D('',#7444,#7445,#7446);
#7444 = CARTESIAN_POINT('',(13.248366866606,184.95139568814,-18.));
#7445 = DIRECTION('',(0.686611999718,-0.727024044886,0.));
#7446 = DIRECTION('',(0.,0.,-1.));
#7447 = ADVANCED_FACE('',(#7448),#7475,.F.);
#7448 = FACE_BOUND('',#7449,.F.);
#7449 = EDGE_LOOP('',(#7450,#7451,#7460,#7468));
#7450 = ORIENTED_EDGE('',*,*,#7421,.T.);
#7451 = ORIENTED_EDGE('',*,*,#7452,.T.);
#7452 = EDGE_CURVE('',#7422,#7453,#7455,.T.);
#7453 = VERTEX_POINT('',#7454);
#7454 = CARTESIAN_POINT('',(54.70882370071,172.74733778327,-19.));
#7455 = CIRCLE('',#7456,87.5);
#7456 = AXIS2_PLACEMENT_3D('',#7457,#7458,#7459);
#7457 = CARTESIAN_POINT('',(8.25,98.6,-19.));
#7458 = DIRECTION('',(-1.226E-14,0.,-1.));
#7459 = DIRECTION('',(1.,0.,-1.226E-14));
#7460 = ORIENTED_EDGE('',*,*,#7461,.T.);
#7461 = EDGE_CURVE('',#7453,#7462,#7464,.T.);
#7462 = VERTEX_POINT('',#7463);
#7463 = CARTESIAN_POINT('',(54.708823700711,172.74733778327,-21.15));
#7464 = LINE('',#7465,#7466);
#7465 = CARTESIAN_POINT('',(54.70882370071,172.74733778327,-18.));
#7466 = VECTOR('',#7467,1.);
#7467 = DIRECTION('',(0.,0.,-1.));
#7468 = ORIENTED_EDGE('',*,*,#7469,.T.);
#7469 = EDGE_CURVE('',#7462,#7412,#7470,.T.);
#7470 = CIRCLE('',#7471,87.5);
#7471 = AXIS2_PLACEMENT_3D('',#7472,#7473,#7474);
#7472 = CARTESIAN_POINT('',(8.25,98.6,-21.15));
#7473 = DIRECTION('',(0.,0.,1.));
#7474 = DIRECTION('',(1.,0.,-0.));
#7475 = CYLINDRICAL_SURFACE('',#7476,87.5);
#7476 = AXIS2_PLACEMENT_3D('',#7477,#7478,#7479);
#7477 = CARTESIAN_POINT('',(8.25,98.6,-18.));
#7478 = DIRECTION('',(0.,0.,-1.));
#7479 = DIRECTION('',(-1.,0.,0.));
#7480 = ADVANCED_FACE('',(#7481),#7497,.T.);
#7481 = FACE_BOUND('',#7482,.T.);
#7482 = EDGE_LOOP('',(#7483,#7489,#7490,#7496));
#7483 = ORIENTED_EDGE('',*,*,#7484,.F.);
#7484 = EDGE_CURVE('',#2829,#7462,#7485,.T.);
#7485 = LINE('',#7486,#7487);
#7486 = CARTESIAN_POINT('',(67.401270098121,105.17040151349,-21.15));
#7487 = VECTOR('',#7488,1.);
#7488 = DIRECTION('',(-0.184594400151,0.98281478796,0.));
#7489 = ORIENTED_EDGE('',*,*,#2852,.T.);
#7490 = ORIENTED_EDGE('',*,*,#7491,.F.);
#7491 = EDGE_CURVE('',#7453,#2845,#7492,.T.);
#7492 = LINE('',#7493,#7494);
#7493 = CARTESIAN_POINT('',(71.394019069673,83.912266214462,
    -18.99999999999));
#7494 = VECTOR('',#7495,1.);
#7495 = DIRECTION('',(0.184594400151,-0.98281478796,-2.26E-15));
#7496 = ORIENTED_EDGE('',*,*,#7461,.T.);
#7497 = PLANE('',#7498);
#7498 = AXIS2_PLACEMENT_3D('',#7499,#7500,#7501);
#7499 = CARTESIAN_POINT('',(54.962313161159,171.39771292944,-18.));
#7500 = DIRECTION('',(-0.98281478796,-0.184594400151,0.));
#7501 = DIRECTION('',(0.,0.,1.));
#7502 = ADVANCED_FACE('',(#7503),#7520,.T.);
#7503 = FACE_BOUND('',#7504,.T.);
#7504 = EDGE_LOOP('',(#7505,#7506,#7513,#7514));
#7505 = ORIENTED_EDGE('',*,*,#7429,.T.);
#7506 = ORIENTED_EDGE('',*,*,#7507,.F.);
#7507 = EDGE_CURVE('',#7248,#7422,#7508,.T.);
#7508 = CIRCLE('',#7509,776.66179106001);
#7509 = AXIS2_PLACEMENT_3D('',#7510,#7511,#7512);
#7510 = CARTESIAN_POINT('',(-636.6661645296,-205.430366502,
    143.42218808956));
#7511 = DIRECTION('',(-0.485508000922,0.514083632299,-0.707106781217));
#7512 = DIRECTION('',(0.837614961727,0.50517648535,-0.207841031898));
#7513 = ORIENTED_EDGE('',*,*,#7247,.T.);
#7514 = ORIENTED_EDGE('',*,*,#7515,.T.);
#7515 = EDGE_CURVE('',#7238,#7430,#7516,.T.);
#7516 = LINE('',#7517,#7518);
#7517 = CARTESIAN_POINT('',(11.25,184.43957950673,-17.99999999999));
#7518 = VECTOR('',#7519,1.);
#7519 = DIRECTION('',(0.676384858197,-0.291559680346,-0.676384858197));
#7520 = PLANE('',#7521);
#7521 = AXIS2_PLACEMENT_3D('',#7522,#7523,#7524);
#7522 = CARTESIAN_POINT('',(-8.52005045813,165.08072338831,
    -18.49999999999));
#7523 = DIRECTION('',(0.485508001045,-0.514083632225,0.707106781187));
#7524 = DIRECTION('',(0.824383528359,7.661418189162E-17,-0.566031622941)
  );
#7525 = ADVANCED_FACE('',(#7526),#7538,.F.);
#7526 = FACE_BOUND('',#7527,.F.);
#7527 = EDGE_LOOP('',(#7528,#7529,#7530,#7537));
#7528 = ORIENTED_EDGE('',*,*,#7507,.F.);
#7529 = ORIENTED_EDGE('',*,*,#7255,.F.);
#7530 = ORIENTED_EDGE('',*,*,#7531,.T.);
#7531 = EDGE_CURVE('',#7256,#7453,#7532,.T.);
#7532 = CIRCLE('',#7533,776.66179748353);
#7533 = AXIS2_PLACEMENT_3D('',#7534,#7535,#7536);
#7534 = CARTESIAN_POINT('',(351.29357377353,-526.4379495759,
    143.42218947872));
#7535 = DIRECTION('',(-0.694955001195,-0.130527952166,0.707106781198));
#7536 = DIRECTION('',(-0.380709450829,0.901034083417,-0.207841031968));
#7537 = ORIENTED_EDGE('',*,*,#7452,.F.);
#7538 = CONICAL_SURFACE('',#7539,88.,0.785398163397);
#7539 = AXIS2_PLACEMENT_3D('',#7540,#7541,#7542);
#7540 = CARTESIAN_POINT('',(8.25,98.6,-18.5));
#7541 = DIRECTION('',(0.,0.,1.));
#7542 = DIRECTION('',(-1.,0.,0.));
#7543 = ADVANCED_FACE('',(#7544),#7555,.T.);
#7544 = FACE_BOUND('',#7545,.T.);
#7545 = EDGE_LOOP('',(#7546,#7547,#7553,#7554));
#7546 = ORIENTED_EDGE('',*,*,#7491,.T.);
#7547 = ORIENTED_EDGE('',*,*,#7548,.F.);
#7548 = EDGE_CURVE('',#7265,#2845,#7549,.T.);
#7549 = LINE('',#7550,#7551);
#7550 = CARTESIAN_POINT('',(56.278187913919,169.80903436782,
    -17.99999999999));
#7551 = VECTOR('',#7552,1.);
#7552 = DIRECTION('',(-0.71858132529,0.161692308247,-0.676384858197));
#7553 = ORIENTED_EDGE('',*,*,#7264,.T.);
#7554 = ORIENTED_EDGE('',*,*,#7531,.T.);
#7555 = PLANE('',#7556);
#7556 = AXIS2_PLACEMENT_3D('',#7557,#7558,#7559);
#7557 = CARTESIAN_POINT('',(71.885426463653,84.004563414538,
    -18.49999999999));
#7558 = DIRECTION('',(-0.694955001217,-0.130527952116,0.707106781187));
#7559 = DIRECTION('',(0.713208544401,-3.493022770313E-17,0.700951904337)
  );
#7560 = ADVANCED_FACE('',(#7561),#7572,.T.);
#7561 = FACE_BOUND('',#7562,.T.);
#7562 = EDGE_LOOP('',(#7563,#7564,#7565,#7566));
#7563 = ORIENTED_EDGE('',*,*,#7272,.T.);
#7564 = ORIENTED_EDGE('',*,*,#7548,.T.);
#7565 = ORIENTED_EDGE('',*,*,#2844,.T.);
#7566 = ORIENTED_EDGE('',*,*,#7567,.F.);
#7567 = EDGE_CURVE('',#7273,#2837,#7568,.T.);
#7568 = LINE('',#7569,#7570);
#7569 = CARTESIAN_POINT('',(52.258731068711,164.27672663596,
    -17.99999999999));
#7570 = VECTOR('',#7571,1.);
#7571 = DIRECTION('',(-0.392647689832,0.61813033549,-0.680986549072));
#7572 = PLANE('',#7573);
#7573 = AXIS2_PLACEMENT_3D('',#7574,#7575,#7576);
#7574 = CARTESIAN_POINT('',(-26.68109207017,56.476032070759,
    -18.49999999999));
#7575 = DIRECTION('',(-0.572061402818,0.415626937778,0.707106781186));
#7576 = DIRECTION('',(0.777437524821,7.078509995119E-17,0.628960169646)
  );
#7577 = ADVANCED_FACE('',(#7578),#7597,.T.);
#7578 = FACE_BOUND('',#7579,.T.);
#7579 = EDGE_LOOP('',(#7580,#7581,#7582,#7590));
#7580 = ORIENTED_EDGE('',*,*,#7280,.T.);
#7581 = ORIENTED_EDGE('',*,*,#7567,.T.);
#7582 = ORIENTED_EDGE('',*,*,#7583,.T.);
#7583 = EDGE_CURVE('',#2837,#7584,#7586,.T.);
#7584 = VERTEX_POINT('',#7585);
#7585 = CARTESIAN_POINT('',(48.816090687961,164.63515947051,-19.));
#7586 = LINE('',#7587,#7588);
#7587 = CARTESIAN_POINT('',(62.304697487114,167.22018627006,
    -18.99999999999));
#7588 = VECTOR('',#7589,1.);
#7589 = DIRECTION('',(-0.982126908739,-0.188219911623,1.204E-14));
#7590 = ORIENTED_EDGE('',*,*,#7591,.F.);
#7591 = EDGE_CURVE('',#7281,#7584,#7592,.T.);
#7592 = CIRCLE('',#7593,766.28869745093);
#7593 = AXIS2_PLACEMENT_3D('',#7594,#7595,#7596);
#7594 = CARTESIAN_POINT('',(-703.94147023,166.33966509707,
    -162.3580028541));
#7595 = DIRECTION('',(-0.133091576246,0.694468597157,0.707106781113));
#7596 = DIRECTION('',(0.982088474729,-3.601688930857E-03,0.188385922087)
  );
#7597 = PLANE('',#7598);
#7598 = AXIS2_PLACEMENT_3D('',#7599,#7600,#7601);
#7599 = CARTESIAN_POINT('',(62.398807442925,166.72912281569,
    -18.49999999999));
#7600 = DIRECTION('',(-0.133091575863,0.694468597155,0.707106781187));
#7601 = DIRECTION('',(0.982743800411,-1.959815946979E-16,0.184971951261)
  );
#7602 = ADVANCED_FACE('',(#7603),#7623,.T.);
#7603 = FACE_BOUND('',#7604,.T.);
#7604 = EDGE_LOOP('',(#7605,#7606,#7607,#7616));
#7605 = ORIENTED_EDGE('',*,*,#7288,.T.);
#7606 = ORIENTED_EDGE('',*,*,#7591,.T.);
#7607 = ORIENTED_EDGE('',*,*,#7608,.T.);
#7608 = EDGE_CURVE('',#7584,#7609,#7611,.T.);
#7609 = VERTEX_POINT('',#7610);
#7610 = CARTESIAN_POINT('',(14.245836107635,175.86771608744,-19.));
#7611 = CIRCLE('',#7612,77.5);
#7612 = AXIS2_PLACEMENT_3D('',#7613,#7614,#7615);
#7613 = CARTESIAN_POINT('',(8.25,98.6,-19.));
#7614 = DIRECTION('',(1.226E-14,0.,1.));
#7615 = DIRECTION('',(1.,0.,-1.226E-14));
#7616 = ORIENTED_EDGE('',*,*,#7617,.F.);
#7617 = EDGE_CURVE('',#7289,#7609,#7618,.T.);
#7618 = CIRCLE('',#7619,766.28869651362);
#7619 = AXIS2_PLACEMENT_3D('',#7620,#7621,#7622);
#7620 = CARTESIAN_POINT('',(624.24137796328,-265.2131023024,
    -162.3580028085));
#7621 = DIRECTION('',(-0.515871746771,-0.483607631299,-0.707106781068));
#7622 = DIRECTION('',(-0.79664328555,0.574343294454,0.188385922258));
#7623 = CONICAL_SURFACE('',#7624,77.,0.785398163396);
#7624 = AXIS2_PLACEMENT_3D('',#7625,#7626,#7627);
#7625 = CARTESIAN_POINT('',(8.25,98.6,-18.5));
#7626 = DIRECTION('',(0.,0.,-1.));
#7627 = DIRECTION('',(-1.,0.,0.));
#7628 = ADVANCED_FACE('',(#7629),#7647,.T.);
#7629 = FACE_BOUND('',#7630,.T.);
#7630 = EDGE_LOOP('',(#7631,#7632,#7633,#7641));
#7631 = ORIENTED_EDGE('',*,*,#7297,.T.);
#7632 = ORIENTED_EDGE('',*,*,#7617,.T.);
#7633 = ORIENTED_EDGE('',*,*,#7634,.T.);
#7634 = EDGE_CURVE('',#7609,#7635,#7637,.T.);
#7635 = VERTEX_POINT('',#7636);
#7636 = CARTESIAN_POINT('',(12.250000000001,177.99670535623,
    -18.99999999999));
#7637 = LINE('',#7638,#7639);
#7638 = CARTESIAN_POINT('',(79.280192372229,106.49456161837,-19.));
#7639 = VECTOR('',#7640,1.);
#7640 = DIRECTION('',(-0.683924471563,0.729552820019,8.39E-15));
#7641 = ORIENTED_EDGE('',*,*,#7642,.F.);
#7642 = EDGE_CURVE('',#7240,#7635,#7643,.T.);
#7643 = LINE('',#7644,#7645);
#7644 = CARTESIAN_POINT('',(11.25,177.6012710777,-17.99999999999));
#7645 = VECTOR('',#7646,1.);
#7646 = DIRECTION('',(0.680986549072,0.269285424721,-0.680986549072));
#7647 = PLANE('',#7648);
#7648 = AXIS2_PLACEMENT_3D('',#7649,#7650,#7651);
#7649 = CARTESIAN_POINT('',(78.91541596222,106.15259938259,-18.5));
#7650 = DIRECTION('',(0.515871746269,0.483607631662,0.707106781187));
#7651 = DIRECTION('',(0.807858995471,-2.627810166758E-17,-0.589375808323
    ));
#7652 = ADVANCED_FACE('',(#7653),#7664,.T.);
#7653 = FACE_BOUND('',#7654,.T.);
#7654 = EDGE_LOOP('',(#7655,#7656,#7657,#7663));
#7655 = ORIENTED_EDGE('',*,*,#7237,.T.);
#7656 = ORIENTED_EDGE('',*,*,#7642,.T.);
#7657 = ORIENTED_EDGE('',*,*,#7658,.T.);
#7658 = EDGE_CURVE('',#7635,#7430,#7659,.T.);
#7659 = LINE('',#7660,#7661);
#7660 = CARTESIAN_POINT('',(12.25,93.004261805916,-19.));
#7661 = VECTOR('',#7662,1.);
#7662 = DIRECTION('',(0.,1.,0.));
#7663 = ORIENTED_EDGE('',*,*,#7515,.F.);
#7664 = PLANE('',#7665);
#7665 = AXIS2_PLACEMENT_3D('',#7666,#7667,#7668);
#7666 = CARTESIAN_POINT('',(11.75,10.60164732188,-18.49999999999));
#7667 = DIRECTION('',(0.707106781187,0.,0.707106781187));
#7668 = DIRECTION('',(0.707106781187,0.,-0.707106781187));
#7669 = ADVANCED_FACE('',(#7670),#7689,.T.);
#7670 = FACE_BOUND('',#7671,.T.);
#7671 = EDGE_LOOP('',(#7672,#7681,#7682,#7683));
#7672 = ORIENTED_EDGE('',*,*,#7673,.F.);
#7673 = EDGE_CURVE('',#2909,#7674,#7676,.T.);
#7674 = VERTEX_POINT('',#7675);
#7675 = CARTESIAN_POINT('',(58.517557301087,39.613368607947,-21.15));
#7676 = CIRCLE('',#7677,77.5);
#7677 = AXIS2_PLACEMENT_3D('',#7678,#7679,#7680);
#7678 = CARTESIAN_POINT('',(8.25,98.6,-21.15));
#7679 = DIRECTION('',(0.,0.,-1.));
#7680 = DIRECTION('',(1.,0.,0.));
#7681 = ORIENTED_EDGE('',*,*,#2932,.F.);
#7682 = ORIENTED_EDGE('',*,*,#6247,.F.);
#7683 = ORIENTED_EDGE('',*,*,#7684,.F.);
#7684 = EDGE_CURVE('',#7674,#6215,#7685,.T.);
#7685 = LINE('',#7686,#7687);
#7686 = CARTESIAN_POINT('',(58.517557301087,39.613368607947,-18.));
#7687 = VECTOR('',#7688,1.);
#7688 = DIRECTION('',(0.,0.,1.));
#7689 = CYLINDRICAL_SURFACE('',#7690,77.5);
#7690 = AXIS2_PLACEMENT_3D('',#7691,#7692,#7693);
#7691 = CARTESIAN_POINT('',(8.25,98.6,-18.));
#7692 = DIRECTION('',(0.,0.,-1.));
#7693 = DIRECTION('',(-1.,0.,0.));
#7694 = ADVANCED_FACE('',(#7695),#7713,.T.);
#7695 = FACE_BOUND('',#7696,.T.);
#7696 = EDGE_LOOP('',(#7697,#7705,#7706,#7707));
#7697 = ORIENTED_EDGE('',*,*,#7698,.F.);
#7698 = EDGE_CURVE('',#7674,#7699,#7701,.T.);
#7699 = VERTEX_POINT('',#7700);
#7700 = CARTESIAN_POINT('',(58.154280466506,36.717857078595,-21.15));
#7701 = LINE('',#7702,#7703);
#7702 = CARTESIAN_POINT('',(54.538921901002,7.90150708688,-21.15));
#7703 = VECTOR('',#7704,1.);
#7704 = DIRECTION('',(-0.124486131988,-0.992221347756,0.));
#7705 = ORIENTED_EDGE('',*,*,#7684,.T.);
#7706 = ORIENTED_EDGE('',*,*,#6214,.F.);
#7707 = ORIENTED_EDGE('',*,*,#7708,.T.);
#7708 = EDGE_CURVE('',#6184,#7699,#7709,.T.);
#7709 = LINE('',#7710,#7711);
#7710 = CARTESIAN_POINT('',(58.154280466506,36.717857078594,-18.));
#7711 = VECTOR('',#7712,1.);
#7712 = DIRECTION('',(0.,0.,-1.));
#7713 = PLANE('',#7714);
#7714 = AXIS2_PLACEMENT_3D('',#7715,#7716,#7717);
#7715 = CARTESIAN_POINT('',(58.335918883796,38.16561284327,-18.));
#7716 = DIRECTION('',(0.992221347756,-0.124486131988,0.));
#7717 = DIRECTION('',(0.,0.,-1.));
#7718 = ADVANCED_FACE('',(#7719),#7737,.T.);
#7719 = FACE_BOUND('',#7720,.T.);
#7720 = EDGE_LOOP('',(#7721,#7729,#7730,#7731));
#7721 = ORIENTED_EDGE('',*,*,#7722,.F.);
#7722 = EDGE_CURVE('',#7699,#7723,#7725,.T.);
#7723 = VERTEX_POINT('',#7724);
#7724 = CARTESIAN_POINT('',(61.687938576608,31.854193942725,-21.15));
#7725 = LINE('',#7726,#7727);
#7726 = CARTESIAN_POINT('',(34.225696342987,69.65272764868,-21.15));
#7727 = VECTOR('',#7728,1.);
#7728 = DIRECTION('',(0.587785252292,-0.809016994375,0.));
#7729 = ORIENTED_EDGE('',*,*,#7708,.F.);
#7730 = ORIENTED_EDGE('',*,*,#6183,.F.);
#7731 = ORIENTED_EDGE('',*,*,#7732,.F.);
#7732 = EDGE_CURVE('',#7723,#6144,#7733,.T.);
#7733 = LINE('',#7734,#7735);
#7734 = CARTESIAN_POINT('',(61.687938576608,31.854193942725,-18.));
#7735 = VECTOR('',#7736,1.);
#7736 = DIRECTION('',(0.,0.,1.));
#7737 = PLANE('',#7738);
#7738 = AXIS2_PLACEMENT_3D('',#7739,#7740,#7741);
#7739 = CARTESIAN_POINT('',(56.978709961923,38.335891067341,-18.));
#7740 = DIRECTION('',(0.809016994375,0.587785252292,0.));
#7741 = DIRECTION('',(0.587785252292,-0.809016994375,0.));
#7742 = ADVANCED_FACE('',(#7743),#7754,.T.);
#7743 = FACE_BOUND('',#7744,.T.);
#7744 = EDGE_LOOP('',(#7745,#7751,#7752,#7753));
#7745 = ORIENTED_EDGE('',*,*,#7746,.F.);
#7746 = EDGE_CURVE('',#7723,#6063,#7747,.T.);
#7747 = LINE('',#7748,#7749);
#7748 = CARTESIAN_POINT('',(-28.64751769599,43.526627099288,-21.15));
#7749 = VECTOR('',#7750,1.);
#7750 = DIRECTION('',(0.991755215114,-0.128146764667,0.));
#7751 = ORIENTED_EDGE('',*,*,#7732,.T.);
#7752 = ORIENTED_EDGE('',*,*,#6143,.F.);
#7753 = ORIENTED_EDGE('',*,*,#6062,.T.);
#7754 = PLANE('',#7755);
#7755 = AXIS2_PLACEMENT_3D('',#7756,#7757,#7758);
#7756 = CARTESIAN_POINT('',(63.049840639568,31.678219730033,-18.));
#7757 = DIRECTION('',(0.128146764667,0.991755215114,0.));
#7758 = DIRECTION('',(0.,-0.,1.));
#7759 = ADVANCED_FACE('',(#7760),#7786,.T.);
#7760 = FACE_BOUND('',#7761,.T.);
#7761 = EDGE_LOOP('',(#7762,#7763,#7771,#7779));
#7762 = ORIENTED_EDGE('',*,*,#7698,.T.);
#7763 = ORIENTED_EDGE('',*,*,#7764,.F.);
#7764 = EDGE_CURVE('',#7765,#7699,#7767,.T.);
#7765 = VERTEX_POINT('',#7766);
#7766 = CARTESIAN_POINT('',(57.11283303496,36.449984877791,-22.15));
#7767 = LINE('',#7768,#7769);
#7768 = CARTESIAN_POINT('',(57.11283303496,36.449984877791,-22.15));
#7769 = VECTOR('',#7770,1.);
#7770 = DIRECTION('',(0.709211692448,0.182417365617,0.680986549072));
#7771 = ORIENTED_EDGE('',*,*,#7772,.T.);
#7772 = EDGE_CURVE('',#7765,#7773,#7775,.T.);
#7773 = VERTEX_POINT('',#7774);
#7774 = CARTESIAN_POINT('',(57.573816243803,40.124268699335,-22.15));
#7775 = LINE('',#7776,#7777);
#7776 = CARTESIAN_POINT('',(53.546700553247,8.025993218868,-22.15));
#7777 = VECTOR('',#7778,1.);
#7778 = DIRECTION('',(0.124486131988,0.992221347756,0.));
#7779 = ORIENTED_EDGE('',*,*,#7780,.T.);
#7780 = EDGE_CURVE('',#7773,#7674,#7781,.T.);
#7781 = CIRCLE('',#7782,766.28869830655);
#7782 = AXIS2_PLACEMENT_3D('',#7783,#7784,#7785);
#7783 = CARTESIAN_POINT('',(292.75351791681,755.00163167681,
    122.20800281143));
#7784 = DIRECTION('',(-0.701606443441,8.802498807911E-02,0.707106781184)
  );
#7785 = DIRECTION('',(-0.306907438662,-0.932908660349,-0.188385921821));
#7786 = PLANE('',#7787);
#7787 = AXIS2_PLACEMENT_3D('',#7788,#7789,#7790);
#7788 = CARTESIAN_POINT('',(54.042811227125,7.963750152874,-21.65));
#7789 = DIRECTION('',(0.701606443436,-8.80249880925E-02,-0.707106781187)
  );
#7790 = DIRECTION('',(-0.709862277149,6.079516184699E-18,-0.704340505353
    ));
#7791 = ADVANCED_FACE('',(#7792),#7810,.T.);
#7792 = FACE_BOUND('',#7793,.T.);
#7793 = EDGE_LOOP('',(#7794,#7795,#7803,#7809));
#7794 = ORIENTED_EDGE('',*,*,#7722,.T.);
#7795 = ORIENTED_EDGE('',*,*,#7796,.F.);
#7796 = EDGE_CURVE('',#7797,#7723,#7799,.T.);
#7797 = VERTEX_POINT('',#7798);
#7798 = CARTESIAN_POINT('',(61.132289880168,30.917677145933,-22.15));
#7799 = LINE('',#7800,#7801);
#7800 = CARTESIAN_POINT('',(61.132289880168,30.917677145933,-22.15));
#7801 = VECTOR('',#7802,1.);
#7802 = DIRECTION('',(0.375832364748,0.633445780797,0.676384858197));
#7803 = ORIENTED_EDGE('',*,*,#7804,.T.);
#7804 = EDGE_CURVE('',#7797,#7765,#7805,.T.);
#7805 = LINE('',#7806,#7807);
#7806 = CARTESIAN_POINT('',(33.416679348612,69.064942396387,-22.15));
#7807 = VECTOR('',#7808,1.);
#7808 = DIRECTION('',(-0.587785252292,0.809016994375,0.));
#7809 = ORIENTED_EDGE('',*,*,#7764,.T.);
#7810 = PLANE('',#7811);
#7811 = AXIS2_PLACEMENT_3D('',#7812,#7813,#7814);
#7812 = CARTESIAN_POINT('',(33.821187845799,69.358835022534,-21.65));
#7813 = DIRECTION('',(0.572061402818,0.415626937777,-0.707106781187));
#7814 = DIRECTION('',(-0.777437524821,-2.29212171006E-16,-0.628960169645
    ));
#7815 = ADVANCED_FACE('',(#7816),#7835,.T.);
#7816 = FACE_BOUND('',#7817,.T.);
#7817 = EDGE_LOOP('',(#7818,#7819,#7828,#7834));
#7818 = ORIENTED_EDGE('',*,*,#7746,.T.);
#7819 = ORIENTED_EDGE('',*,*,#7820,.F.);
#7820 = EDGE_CURVE('',#7821,#6063,#7823,.T.);
#7821 = VERTEX_POINT('',#7822);
#7822 = CARTESIAN_POINT('',(64.716366317046,30.454571136802,-22.15));
#7823 = CIRCLE('',#7824,776.66177760418);
#7824 = AXIS2_PLACEMENT_3D('',#7825,#7826,#7827);
#7825 = CARTESIAN_POINT('',(-692.2026896036,-34.50647591441,
    -183.5721854063));
#7826 = DIRECTION('',(-9.061344635679E-02,-0.70127683789,0.707106781171)
  );
#7827 = DIRECTION('',(0.974580026657,8.364135962968E-02,0.207841032044)
  );
#7828 = ORIENTED_EDGE('',*,*,#7829,.T.);
#7829 = EDGE_CURVE('',#7821,#7797,#7830,.T.);
#7830 = LINE('',#7831,#7832);
#7831 = CARTESIAN_POINT('',(-28.77566446066,42.534871884174,-22.15));
#7832 = VECTOR('',#7833,1.);
#7833 = DIRECTION('',(-0.991755215114,0.128146764667,0.));
#7834 = ORIENTED_EDGE('',*,*,#7796,.T.);
#7835 = PLANE('',#7836);
#7836 = AXIS2_PLACEMENT_3D('',#7837,#7838,#7839);
#7837 = CARTESIAN_POINT('',(-28.71159107832,43.030749491731,-21.65));
#7838 = DIRECTION('',(9.061344628344E-02,0.701276837884,-0.707106781187)
  );
#7839 = DIRECTION('',(-0.991888964848,-1.174358004517E-16,
    -0.127107361755));
#7840 = ADVANCED_FACE('',(#7841),#7861,.F.);
#7841 = FACE_BOUND('',#7842,.F.);
#7842 = EDGE_LOOP('',(#7843,#7852,#7853,#7854));
#7843 = ORIENTED_EDGE('',*,*,#7844,.T.);
#7844 = EDGE_CURVE('',#7845,#6022,#7847,.T.);
#7845 = VERTEX_POINT('',#7846);
#7846 = CARTESIAN_POINT('',(90.509220978641,65.955389970362,-22.15));
#7847 = CIRCLE('',#7848,776.66177975833);
#7848 = AXIS2_PLACEMENT_3D('',#7849,#7850,#7851);
#7849 = CARTESIAN_POINT('',(-81.61000401973,805.90225998475,
    -183.5721858334));
#7850 = DIRECTION('',(-0.638952811568,-0.302884969253,-0.707106781179));
#7851 = DIRECTION('',(0.22161413048,-0.952727286573,0.207841032017));
#7852 = ORIENTED_EDGE('',*,*,#6070,.F.);
#7853 = ORIENTED_EDGE('',*,*,#7820,.F.);
#7854 = ORIENTED_EDGE('',*,*,#7855,.F.);
#7855 = EDGE_CURVE('',#7845,#7821,#7856,.T.);
#7856 = CIRCLE('',#7857,88.5);
#7857 = AXIS2_PLACEMENT_3D('',#7858,#7859,#7860);
#7858 = CARTESIAN_POINT('',(8.25,98.6,-22.15));
#7859 = DIRECTION('',(0.,0.,-1.));
#7860 = DIRECTION('',(1.,0.,0.));
#7861 = CONICAL_SURFACE('',#7862,88.,0.785398163397);
#7862 = AXIS2_PLACEMENT_3D('',#7863,#7864,#7865);
#7863 = CARTESIAN_POINT('',(8.25,98.6,-21.65));
#7864 = DIRECTION('',(0.,0.,-1.));
#7865 = DIRECTION('',(-1.,0.,0.));
#7866 = ADVANCED_FACE('',(#7867),#7885,.T.);
#7867 = FACE_BOUND('',#7868,.T.);
#7868 = EDGE_LOOP('',(#7869,#7877,#7878,#7879));
#7869 = ORIENTED_EDGE('',*,*,#7870,.T.);
#7870 = EDGE_CURVE('',#7871,#7845,#7873,.T.);
#7871 = VERTEX_POINT('',#7872);
#7872 = CARTESIAN_POINT('',(88.961240462787,69.220941593535,-22.15));
#7873 = LINE('',#7874,#7875);
#7874 = CARTESIAN_POINT('',(82.885936690625,82.037135267339,-22.15));
#7875 = VECTOR('',#7876,1.);
#7876 = DIRECTION('',(0.428344031309,-0.903615731847,0.));
#7877 = ORIENTED_EDGE('',*,*,#7844,.T.);
#7878 = ORIENTED_EDGE('',*,*,#6021,.T.);
#7879 = ORIENTED_EDGE('',*,*,#7880,.F.);
#7880 = EDGE_CURVE('',#7871,#5991,#7881,.T.);
#7881 = LINE('',#7882,#7883);
#7882 = CARTESIAN_POINT('',(88.961240462787,69.220941593535,-22.15));
#7883 = VECTOR('',#7884,1.);
#7884 = DIRECTION('',(-0.486304149803,-0.55318333081,0.676384858197));
#7885 = PLANE('',#7886);
#7886 = AXIS2_PLACEMENT_3D('',#7887,#7888,#7889);
#7887 = CARTESIAN_POINT('',(82.434128824701,81.822963251684,-21.65));
#7888 = DIRECTION('',(-0.638952811576,-0.30288496922,-0.707106781187));
#7889 = DIRECTION('',(-0.741958717442,-1.635593821096E-16,0.670445569462
    ));
#7890 = ADVANCED_FACE('',(#7891),#7909,.T.);
#7891 = FACE_BOUND('',#7892,.T.);
#7892 = EDGE_LOOP('',(#7893,#7901,#7902,#7903));
#7893 = ORIENTED_EDGE('',*,*,#7894,.T.);
#7894 = EDGE_CURVE('',#7895,#7871,#7897,.T.);
#7895 = VERTEX_POINT('',#7896);
#7896 = CARTESIAN_POINT('',(82.457622670928,71.334095110881,-22.15));
#7897 = LINE('',#7898,#7899);
#7898 = CARTESIAN_POINT('',(1.98356421967,97.481701737493,-22.15));
#7899 = VECTOR('',#7900,1.);
#7900 = DIRECTION('',(0.951056516295,-0.309016994375,0.));
#7901 = ORIENTED_EDGE('',*,*,#7880,.T.);
#7902 = ORIENTED_EDGE('',*,*,#5990,.T.);
#7903 = ORIENTED_EDGE('',*,*,#7904,.F.);
#7904 = EDGE_CURVE('',#7895,#2907,#7905,.T.);
#7905 = LINE('',#7906,#7907);
#7906 = CARTESIAN_POINT('',(82.457622670928,71.334095110881,-22.15));
#7907 = VECTOR('',#7908,1.);
#7908 = DIRECTION('',(4.566924131993E-02,-0.73087046758,0.680986549072)
  );
#7909 = PLANE('',#7910);
#7910 = AXIS2_PLACEMENT_3D('',#7911,#7912,#7913);
#7911 = CARTESIAN_POINT('',(-76.54048774231,122.46998173584,-21.65));
#7912 = DIRECTION('',(-0.218508012224,-0.672498511964,-0.707106781187));
#7913 = DIRECTION('',(-0.95542256322,1.529880840982E-16,0.295241808844)
  );
#7914 = ADVANCED_FACE('',(#7915),#7934,.T.);
#7915 = FACE_BOUND('',#7916,.T.);
#7916 = EDGE_LOOP('',(#7917,#7925,#7926,#7927));
#7917 = ORIENTED_EDGE('',*,*,#7918,.T.);
#7918 = EDGE_CURVE('',#7919,#7895,#7921,.T.);
#7919 = VERTEX_POINT('',#7920);
#7920 = CARTESIAN_POINT('',(79.105622745384,69.760257883195,-22.15));
#7921 = LINE('',#7922,#7923);
#7922 = CARTESIAN_POINT('',(-18.11969245793,24.110847400073,-22.15));
#7923 = VECTOR('',#7924,1.);
#7924 = DIRECTION('',(0.905190248042,0.425006605654,0.));
#7925 = ORIENTED_EDGE('',*,*,#7904,.T.);
#7926 = ORIENTED_EDGE('',*,*,#2906,.T.);
#7927 = ORIENTED_EDGE('',*,*,#7928,.F.);
#7928 = EDGE_CURVE('',#7919,#2909,#7929,.T.);
#7929 = CIRCLE('',#7930,766.28869808145);
#7930 = AXIS2_PLACEMENT_3D('',#7931,#7932,#7933);
#7931 = CARTESIAN_POINT('',(-528.1086269267,-374.8181838423,
    122.20800274092));
#7932 = DIRECTION('',(0.300525052937,-0.640066162633,-0.707106781194));
#7933 = DIRECTION('',(0.79240924627,0.58017094972,-0.188385921784));
#7934 = PLANE('',#7935);
#7935 = AXIS2_PLACEMENT_3D('',#7936,#7937,#7938);
#7936 = CARTESIAN_POINT('',(-17.90718915511,23.658252276052,-21.65));
#7937 = DIRECTION('',(0.300525052907,-0.640066162655,-0.707106781187));
#7938 = DIRECTION('',(-0.920328729999,-1.178487003391E-16,
    -0.391145789622));
#7939 = ADVANCED_FACE('',(#7940),#7952,.T.);
#7940 = FACE_BOUND('',#7941,.T.);
#7941 = EDGE_LOOP('',(#7942,#7949,#7950,#7951));
#7942 = ORIENTED_EDGE('',*,*,#7943,.T.);
#7943 = EDGE_CURVE('',#7773,#7919,#7944,.T.);
#7944 = CIRCLE('',#7945,76.5);
#7945 = AXIS2_PLACEMENT_3D('',#7946,#7947,#7948);
#7946 = CARTESIAN_POINT('',(8.25,98.6,-22.15));
#7947 = DIRECTION('',(0.,0.,1.));
#7948 = DIRECTION('',(1.,0.,-0.));
#7949 = ORIENTED_EDGE('',*,*,#7928,.T.);
#7950 = ORIENTED_EDGE('',*,*,#7673,.T.);
#7951 = ORIENTED_EDGE('',*,*,#7780,.F.);
#7952 = CONICAL_SURFACE('',#7953,77.,0.785398163397);
#7953 = AXIS2_PLACEMENT_3D('',#7954,#7955,#7956);
#7954 = CARTESIAN_POINT('',(8.25,98.6,-21.65));
#7955 = DIRECTION('',(0.,0.,1.));
#7956 = DIRECTION('',(-1.,0.,0.));
#7957 = ADVANCED_FACE('',(#7958),#7976,.T.);
#7958 = FACE_BOUND('',#7959,.T.);
#7959 = EDGE_LOOP('',(#7960,#7968,#7969,#7970));
#7960 = ORIENTED_EDGE('',*,*,#7961,.F.);
#7961 = EDGE_CURVE('',#6313,#7962,#7964,.T.);
#7962 = VERTEX_POINT('',#7963);
#7963 = CARTESIAN_POINT('',(84.996821978915,119.33070518727,-21.15));
#7964 = LINE('',#7965,#7966);
#7965 = CARTESIAN_POINT('',(-24.83112975772,83.645440471126,-21.15));
#7966 = VECTOR('',#7967,1.);
#7967 = DIRECTION('',(-0.951056516295,-0.309016994375,0.));
#7968 = ORIENTED_EDGE('',*,*,#6336,.F.);
#7969 = ORIENTED_EDGE('',*,*,#6615,.F.);
#7970 = ORIENTED_EDGE('',*,*,#7971,.F.);
#7971 = EDGE_CURVE('',#7962,#6587,#7972,.T.);
#7972 = LINE('',#7973,#7974);
#7973 = CARTESIAN_POINT('',(84.996821978915,119.33070518727,-18.));
#7974 = VECTOR('',#7975,1.);
#7975 = DIRECTION('',(0.,0.,1.));
#7976 = PLANE('',#7977);
#7977 = AXIS2_PLACEMENT_3D('',#7978,#7979,#7980);
#7978 = CARTESIAN_POINT('',(-64.12257299132,70.878876671111,-18.));
#7979 = DIRECTION('',(0.309016994375,-0.951056516295,0.));
#7980 = DIRECTION('',(-0.951056516295,-0.309016994375,0.));
#7981 = ADVANCED_FACE('',(#7982),#8000,.T.);
#7982 = FACE_BOUND('',#7983,.T.);
#7983 = EDGE_LOOP('',(#7984,#7992,#7993,#7994));
#7984 = ORIENTED_EDGE('',*,*,#7985,.F.);
#7985 = EDGE_CURVE('',#7962,#7986,#7988,.T.);
#7986 = VERTEX_POINT('',#7987);
#7987 = CARTESIAN_POINT('',(83.588780136957,116.77465838675,-21.15));
#7988 = LINE('',#7989,#7990);
#7989 = CARTESIAN_POINT('',(34.693524432422,28.01411293986,-21.15));
#7990 = VECTOR('',#7991,1.);
#7991 = DIRECTION('',(-0.482501678878,-0.875895045014,0.));
#7992 = ORIENTED_EDGE('',*,*,#7971,.T.);
#7993 = ORIENTED_EDGE('',*,*,#6586,.F.);
#7994 = ORIENTED_EDGE('',*,*,#7995,.T.);
#7995 = EDGE_CURVE('',#6554,#7986,#7996,.T.);
#7996 = LINE('',#7997,#7998);
#7997 = CARTESIAN_POINT('',(83.588780136957,116.77465838675,-18.));
#7998 = VECTOR('',#7999,1.);
#7999 = DIRECTION('',(0.,0.,-1.));
#8000 = PLANE('',#8001);
#8001 = AXIS2_PLACEMENT_3D('',#8002,#8003,#8004);
#8002 = CARTESIAN_POINT('',(84.292801057936,118.05268178701,-18.));
#8003 = DIRECTION('',(0.875895045014,-0.482501678878,0.));
#8004 = DIRECTION('',(0.,0.,-1.));
#8005 = ADVANCED_FACE('',(#8006),#8025,.T.);
#8006 = FACE_BOUND('',#8007,.T.);
#8007 = EDGE_LOOP('',(#8008,#8017,#8018,#8019));
#8008 = ORIENTED_EDGE('',*,*,#8009,.F.);
#8009 = EDGE_CURVE('',#7986,#8010,#8012,.T.);
#8010 = VERTEX_POINT('',#8011);
#8011 = CARTESIAN_POINT('',(83.588780136957,80.425341613243,-21.15));
#8012 = CIRCLE('',#8013,77.5);
#8013 = AXIS2_PLACEMENT_3D('',#8014,#8015,#8016);
#8014 = CARTESIAN_POINT('',(8.25,98.6,-21.15));
#8015 = DIRECTION('',(0.,0.,-1.));
#8016 = DIRECTION('',(1.,0.,0.));
#8017 = ORIENTED_EDGE('',*,*,#7995,.F.);
#8018 = ORIENTED_EDGE('',*,*,#6553,.F.);
#8019 = ORIENTED_EDGE('',*,*,#8020,.F.);
#8020 = EDGE_CURVE('',#8010,#6521,#8021,.T.);
#8021 = LINE('',#8022,#8023);
#8022 = CARTESIAN_POINT('',(83.588780136957,80.425341613243,-18.));
#8023 = VECTOR('',#8024,1.);
#8024 = DIRECTION('',(0.,0.,1.));
#8025 = CYLINDRICAL_SURFACE('',#8026,77.5);
#8026 = AXIS2_PLACEMENT_3D('',#8027,#8028,#8029);
#8027 = CARTESIAN_POINT('',(8.25,98.6,-18.));
#8028 = DIRECTION('',(0.,0.,-1.));
#8029 = DIRECTION('',(-1.,0.,0.));
#8030 = ADVANCED_FACE('',(#8031),#8042,.T.);
#8031 = FACE_BOUND('',#8032,.T.);
#8032 = EDGE_LOOP('',(#8033,#8039,#8040,#8041));
#8033 = ORIENTED_EDGE('',*,*,#8034,.F.);
#8034 = EDGE_CURVE('',#8010,#2947,#8035,.T.);
#8035 = LINE('',#8036,#8037);
#8036 = CARTESIAN_POINT('',(76.363938244818,93.540743054009,-21.15));
#8037 = VECTOR('',#8038,1.);
#8038 = DIRECTION('',(0.482501678878,-0.875895045014,0.));
#8039 = ORIENTED_EDGE('',*,*,#8020,.T.);
#8040 = ORIENTED_EDGE('',*,*,#6520,.F.);
#8041 = ORIENTED_EDGE('',*,*,#2956,.T.);
#8042 = PLANE('',#8043);
#8043 = AXIS2_PLACEMENT_3D('',#8044,#8045,#8046);
#8044 = CARTESIAN_POINT('',(84.292801057936,79.147318212983,-18.));
#8045 = DIRECTION('',(0.875895045014,0.482501678878,0.));
#8046 = DIRECTION('',(0.,0.,-1.));
#8047 = ADVANCED_FACE('',(#8048),#8074,.T.);
#8048 = FACE_BOUND('',#8049,.T.);
#8049 = EDGE_LOOP('',(#8050,#8051,#8060,#8068));
#8050 = ORIENTED_EDGE('',*,*,#7985,.T.);
#8051 = ORIENTED_EDGE('',*,*,#8052,.F.);
#8052 = EDGE_CURVE('',#8053,#7986,#8055,.T.);
#8053 = VERTEX_POINT('',#8054);
#8054 = CARTESIAN_POINT('',(82.524978044212,116.91604860584,-22.15));
#8055 = CIRCLE('',#8056,766.28872305401);
#8056 = AXIS2_PLACEMENT_3D('',#8057,#8058,#8059);
#8057 = CARTESIAN_POINT('',(-147.405025113,-599.6670703895,
    122.20800739373));
#8058 = DIRECTION('',(0.619351325968,-0.341180208972,-0.707106781206));
#8059 = DIRECTION('',(0.300056618661,0.935134626723,-0.188385921717));
#8060 = ORIENTED_EDGE('',*,*,#8061,.T.);
#8061 = EDGE_CURVE('',#8053,#8062,#8064,.T.);
#8062 = VERTEX_POINT('',#8063);
#8063 = CARTESIAN_POINT('',(84.311724637177,120.15956579134,-22.15));
#8064 = LINE('',#8065,#8066);
#8065 = CARTESIAN_POINT('',(33.817629387408,28.496614618738,-22.15));
#8066 = VECTOR('',#8067,1.);
#8067 = DIRECTION('',(0.482501678878,0.875895045014,0.));
#8068 = ORIENTED_EDGE('',*,*,#8069,.T.);
#8069 = EDGE_CURVE('',#8062,#7962,#8070,.T.);
#8070 = LINE('',#8071,#8072);
#8071 = CARTESIAN_POINT('',(84.311724637177,120.15956579134,-22.15));
#8072 = VECTOR('',#8073,1.);
#8073 = DIRECTION('',(0.466542074528,-0.564442922428,0.680986549072));
#8074 = PLANE('',#8075);
#8075 = AXIS2_PLACEMENT_3D('',#8076,#8077,#8078);
#8076 = CARTESIAN_POINT('',(34.255576909915,28.255363779299,-21.65));
#8077 = DIRECTION('',(0.619351325937,-0.341180209069,-0.707106781187));
#8078 = DIRECTION('',(-0.752242931618,4.73009277257E-17,-0.658885856451)
  );
#8079 = ADVANCED_FACE('',(#8080),#8100,.T.);
#8080 = FACE_BOUND('',#8081,.T.);
#8081 = EDGE_LOOP('',(#8082,#8083,#8092,#8099));
#8082 = ORIENTED_EDGE('',*,*,#8009,.T.);
#8083 = ORIENTED_EDGE('',*,*,#8084,.F.);
#8084 = EDGE_CURVE('',#8085,#8010,#8087,.T.);
#8085 = VERTEX_POINT('',#8086);
#8086 = CARTESIAN_POINT('',(82.524978044212,80.28395139415,-22.15));
#8087 = CIRCLE('',#8088,766.28869844545);
#8088 = AXIS2_PLACEMENT_3D('',#8089,#8090,#8091);
#8089 = CARTESIAN_POINT('',(-147.4050177496,796.86704735877,
    122.20800281662));
#8090 = DIRECTION('',(-0.619351325944,-0.341180209046,0.707106781191));
#8091 = DIRECTION('',(0.300056618687,-0.935134626699,-0.188385921794));
#8092 = ORIENTED_EDGE('',*,*,#8093,.T.);
#8093 = EDGE_CURVE('',#8085,#8053,#8094,.T.);
#8094 = CIRCLE('',#8095,76.5);
#8095 = AXIS2_PLACEMENT_3D('',#8096,#8097,#8098);
#8096 = CARTESIAN_POINT('',(8.25,98.6,-22.15));
#8097 = DIRECTION('',(0.,0.,1.));
#8098 = DIRECTION('',(1.,0.,-0.));
#8099 = ORIENTED_EDGE('',*,*,#8052,.T.);
#8100 = CONICAL_SURFACE('',#8101,77.,0.785398163397);
#8101 = AXIS2_PLACEMENT_3D('',#8102,#8103,#8104);
#8102 = CARTESIAN_POINT('',(8.25,98.6,-21.65));
#8103 = DIRECTION('',(0.,0.,1.));
#8104 = DIRECTION('',(-1.,0.,0.));
#8105 = ADVANCED_FACE('',(#8106),#8124,.T.);
#8106 = FACE_BOUND('',#8107,.T.);
#8107 = EDGE_LOOP('',(#8108,#8109,#8117,#8123));
#8108 = ORIENTED_EDGE('',*,*,#8034,.T.);
#8109 = ORIENTED_EDGE('',*,*,#8110,.F.);
#8110 = EDGE_CURVE('',#8111,#2947,#8113,.T.);
#8111 = VERTEX_POINT('',#8112);
#8112 = CARTESIAN_POINT('',(84.311724637177,77.040434208652,-22.15));
#8113 = LINE('',#8114,#8115);
#8114 = CARTESIAN_POINT('',(84.311724637177,77.040434208652,-22.15));
#8115 = VECTOR('',#8116,1.);
#8116 = DIRECTION('',(0.466542074528,0.564442922428,0.680986549072));
#8117 = ORIENTED_EDGE('',*,*,#8118,.T.);
#8118 = EDGE_CURVE('',#8111,#8085,#8119,.T.);
#8119 = LINE('',#8120,#8121);
#8120 = CARTESIAN_POINT('',(75.488043199804,93.058241375131,-22.15));
#8121 = VECTOR('',#8122,1.);
#8122 = DIRECTION('',(-0.482501678878,0.875895045014,0.));
#8123 = ORIENTED_EDGE('',*,*,#8084,.T.);
#8124 = PLANE('',#8125);
#8125 = AXIS2_PLACEMENT_3D('',#8126,#8127,#8128);
#8126 = CARTESIAN_POINT('',(75.925990722311,93.29949221457,-21.65));
#8127 = DIRECTION('',(0.619351325937,0.341180209069,-0.707106781187));
#8128 = DIRECTION('',(-0.752242931618,1.488397304377E-16,-0.658885856451
    ));
#8129 = ADVANCED_FACE('',(#8130),#8148,.T.);
#8130 = FACE_BOUND('',#8131,.T.);
#8131 = EDGE_LOOP('',(#8132,#8133,#8141,#8147));
#8132 = ORIENTED_EDGE('',*,*,#2946,.T.);
#8133 = ORIENTED_EDGE('',*,*,#8134,.F.);
#8134 = EDGE_CURVE('',#8135,#2949,#8137,.T.);
#8135 = VERTEX_POINT('',#8136);
#8136 = CARTESIAN_POINT('',(90.815342429037,74.927280691306,-22.15));
#8137 = LINE('',#8138,#8139);
#8138 = CARTESIAN_POINT('',(90.815342429037,74.927280691306,-22.15));
#8139 = VECTOR('',#8140,1.);
#8140 = DIRECTION('',(-6.827531796171E-02,0.733377123013,0.676384858197)
  );
#8141 = ORIENTED_EDGE('',*,*,#8142,.T.);
#8142 = EDGE_CURVE('',#8135,#8111,#8143,.T.);
#8143 = LINE('',#8144,#8145);
#8144 = CARTESIAN_POINT('',(-0.923236310051,104.73495182804,-22.15));
#8145 = VECTOR('',#8146,1.);
#8146 = DIRECTION('',(-0.951056516295,0.309016994375,0.));
#8147 = ORIENTED_EDGE('',*,*,#8110,.T.);
#8148 = PLANE('',#8149);
#8149 = AXIS2_PLACEMENT_3D('',#8150,#8151,#8152);
#8150 = CARTESIAN_POINT('',(-79.13827127766,130.67428834269,-21.65));
#8151 = DIRECTION('',(0.218508012224,0.672498511964,-0.707106781187));
#8152 = DIRECTION('',(-0.95542256322,1.399063663973E-16,-0.295241808844)
  );
#8153 = ADVANCED_FACE('',(#8154),#8173,.T.);
#8154 = FACE_BOUND('',#8155,.T.);
#8155 = EDGE_LOOP('',(#8156,#8157,#8166,#8172));
#8156 = ORIENTED_EDGE('',*,*,#6383,.T.);
#8157 = ORIENTED_EDGE('',*,*,#8158,.F.);
#8158 = EDGE_CURVE('',#8159,#6361,#8161,.T.);
#8159 = VERTEX_POINT('',#8160);
#8160 = CARTESIAN_POINT('',(93.987128058025,76.659287332407,-22.15));
#8161 = CIRCLE('',#8162,776.6617973816);
#8162 = AXIS2_PLACEMENT_3D('',#8163,#8164,#8165);
#8163 = CARTESIAN_POINT('',(-480.1901207061,-420.8011746703,
    -183.5721894836));
#8164 = DIRECTION('',(0.338892365127,-0.620606126989,0.707106781188));
#8165 = DIRECTION('',(0.739288646229,0.640511048284,0.207841032001));
#8166 = ORIENTED_EDGE('',*,*,#8167,.T.);
#8167 = EDGE_CURVE('',#8159,#8135,#8168,.T.);
#8168 = LINE('',#8169,#8170);
#8169 = CARTESIAN_POINT('',(-8.236066494196,20.83860064385,-22.15));
#8170 = VECTOR('',#8171,1.);
#8171 = DIRECTION('',(-0.877669601687,-0.479266178938,0.));
#8172 = ORIENTED_EDGE('',*,*,#8134,.T.);
#8173 = PLANE('',#8174);
#8174 = AXIS2_PLACEMENT_3D('',#8175,#8176,#8177);
#8175 = CARTESIAN_POINT('',(-8.475699583665,21.277435444694,-21.65));
#8176 = DIRECTION('',(-0.33889236512,0.620606126995,-0.707106781187));
#8177 = DIRECTION('',(-0.9017810554,3.255206071299E-16,0.43219316066));
#8178 = ADVANCED_FACE('',(#8179),#8199,.F.);
#8179 = FACE_BOUND('',#8180,.F.);
#8180 = EDGE_LOOP('',(#8181,#8190,#8191,#8192));
#8181 = ORIENTED_EDGE('',*,*,#8182,.T.);
#8182 = EDGE_CURVE('',#8183,#6311,#8185,.T.);
#8183 = VERTEX_POINT('',#8184);
#8184 = CARTESIAN_POINT('',(93.987128058025,120.54071266759,-22.15));
#8185 = CIRCLE('',#8186,776.66177810997);
#8186 = AXIS2_PLACEMENT_3D('',#8187,#8188,#8189);
#8187 = CARTESIAN_POINT('',(-480.1901065705,618.00116213318,
    -183.5721856769));
#8188 = DIRECTION('',(-0.338892364843,-0.620606127235,-0.707106781108));
#8189 = DIRECTION('',(0.739288646373,-0.640511048035,0.207841032257));
#8190 = ORIENTED_EDGE('',*,*,#6368,.F.);
#8191 = ORIENTED_EDGE('',*,*,#8158,.F.);
#8192 = ORIENTED_EDGE('',*,*,#8193,.F.);
#8193 = EDGE_CURVE('',#8183,#8159,#8194,.T.);
#8194 = CIRCLE('',#8195,88.5);
#8195 = AXIS2_PLACEMENT_3D('',#8196,#8197,#8198);
#8196 = CARTESIAN_POINT('',(8.25,98.6,-22.15));
#8197 = DIRECTION('',(0.,0.,-1.));
#8198 = DIRECTION('',(1.,0.,0.));
#8199 = CONICAL_SURFACE('',#8200,88.,0.785398163397);
#8200 = AXIS2_PLACEMENT_3D('',#8201,#8202,#8203);
#8201 = CARTESIAN_POINT('',(8.25,98.6,-21.65));
#8202 = DIRECTION('',(0.,0.,-1.));
#8203 = DIRECTION('',(-1.,0.,0.));
#8204 = ADVANCED_FACE('',(#8205),#8223,.T.);
#8205 = FACE_BOUND('',#8206,.T.);
#8206 = EDGE_LOOP('',(#8207,#8215,#8216,#8217));
#8207 = ORIENTED_EDGE('',*,*,#8208,.T.);
#8208 = EDGE_CURVE('',#8209,#8183,#8211,.T.);
#8209 = VERTEX_POINT('',#8210);
#8210 = CARTESIAN_POINT('',(90.815342429037,122.27271930869,-22.15));
#8211 = LINE('',#8212,#8213);
#8212 = CARTESIAN_POINT('',(33.238776843956,153.71336682716,-22.15));
#8213 = VECTOR('',#8214,1.);
#8214 = DIRECTION('',(0.877669601687,-0.479266178938,0.));
#8215 = ORIENTED_EDGE('',*,*,#8182,.T.);
#8216 = ORIENTED_EDGE('',*,*,#6310,.T.);
#8217 = ORIENTED_EDGE('',*,*,#8218,.F.);
#8218 = EDGE_CURVE('',#8209,#6313,#8219,.T.);
#8219 = LINE('',#8220,#8221);
#8220 = CARTESIAN_POINT('',(90.815342429037,122.27271930869,-22.15));
#8221 = VECTOR('',#8222,1.);
#8222 = DIRECTION('',(-6.827531796169E-02,-0.733377123013,0.676384858197
    ));
#8223 = PLANE('',#8224);
#8224 = AXIS2_PLACEMENT_3D('',#8225,#8226,#8227);
#8225 = CARTESIAN_POINT('',(32.999143754487,153.27453202631,-21.65));
#8226 = DIRECTION('',(-0.33889236512,-0.620606126995,-0.707106781187));
#8227 = DIRECTION('',(-0.9017810554,2.420191717744E-17,0.43219316066));
#8228 = ADVANCED_FACE('',(#8229),#8240,.T.);
#8229 = FACE_BOUND('',#8230,.T.);
#8230 = EDGE_LOOP('',(#8231,#8237,#8238,#8239));
#8231 = ORIENTED_EDGE('',*,*,#8232,.T.);
#8232 = EDGE_CURVE('',#8062,#8209,#8233,.T.);
#8233 = LINE('',#8234,#8235);
#8234 = CARTESIAN_POINT('',(-25.14014675209,84.596496987421,-22.15));
#8235 = VECTOR('',#8236,1.);
#8236 = DIRECTION('',(0.951056516295,0.309016994375,0.));
#8237 = ORIENTED_EDGE('',*,*,#8218,.T.);
#8238 = ORIENTED_EDGE('',*,*,#7961,.T.);
#8239 = ORIENTED_EDGE('',*,*,#8069,.F.);
#8240 = PLANE('',#8241);
#8241 = AXIS2_PLACEMENT_3D('',#8242,#8243,#8244);
#8242 = CARTESIAN_POINT('',(-103.3551817197,58.65716047278,-21.65));
#8243 = DIRECTION('',(0.218508012224,-0.672498511964,-0.707106781187));
#8244 = DIRECTION('',(-0.95542256322,3.392507910899E-16,-0.295241808844)
  );
#8245 = ADVANCED_FACE('',(#8246),#8264,.T.);
#8246 = FACE_BOUND('',#8247,.T.);
#8247 = EDGE_LOOP('',(#8248,#8256,#8257,#8258));
#8248 = ORIENTED_EDGE('',*,*,#8249,.F.);
#8249 = EDGE_CURVE('',#6633,#8250,#8252,.T.);
#8250 = VERTEX_POINT('',#8251);
#8251 = CARTESIAN_POINT('',(58.154280466506,160.4821429214,-21.15));
#8252 = LINE('',#8253,#8254);
#8253 = CARTESIAN_POINT('',(-9.718990350729,67.062600085318,-21.15));
#8254 = VECTOR('',#8255,1.);
#8255 = DIRECTION('',(-0.587785252292,-0.809016994375,0.));
#8256 = ORIENTED_EDGE('',*,*,#6656,.F.);
#8257 = ORIENTED_EDGE('',*,*,#6935,.F.);
#8258 = ORIENTED_EDGE('',*,*,#8259,.F.);
#8259 = EDGE_CURVE('',#8250,#6907,#8260,.T.);
#8260 = LINE('',#8261,#8262);
#8261 = CARTESIAN_POINT('',(58.154280466506,160.4821429214,-18.));
#8262 = VECTOR('',#8263,1.);
#8263 = DIRECTION('',(0.,0.,1.));
#8264 = PLANE('',#8265);
#8265 = AXIS2_PLACEMENT_3D('',#8266,#8267,#8268);
#8266 = CARTESIAN_POINT('',(-34.00657400692,33.633609049002,-18.));
#8267 = DIRECTION('',(0.809016994375,-0.587785252292,0.));
#8268 = DIRECTION('',(-0.587785252292,-0.809016994375,0.));
#8269 = ADVANCED_FACE('',(#8270),#8288,.T.);
#8270 = FACE_BOUND('',#8271,.T.);
#8271 = EDGE_LOOP('',(#8272,#8280,#8281,#8282));
#8272 = ORIENTED_EDGE('',*,*,#8273,.F.);
#8273 = EDGE_CURVE('',#8250,#8274,#8276,.T.);
#8274 = VERTEX_POINT('',#8275);
#8275 = CARTESIAN_POINT('',(58.517557301087,157.58663139205,-21.15));
#8276 = LINE('',#8277,#8278);
#8277 = CARTESIAN_POINT('',(66.717776750101,92.226477102977,-21.15));
#8278 = VECTOR('',#8279,1.);
#8279 = DIRECTION('',(0.124486131988,-0.992221347756,0.));
#8280 = ORIENTED_EDGE('',*,*,#8259,.T.);
#8281 = ORIENTED_EDGE('',*,*,#6906,.F.);
#8282 = ORIENTED_EDGE('',*,*,#8283,.T.);
#8283 = EDGE_CURVE('',#6874,#8274,#8284,.T.);
#8284 = LINE('',#8285,#8286);
#8285 = CARTESIAN_POINT('',(58.517557301087,157.58663139205,-18.));
#8286 = VECTOR('',#8287,1.);
#8287 = DIRECTION('',(0.,0.,-1.));
#8288 = PLANE('',#8289);
#8289 = AXIS2_PLACEMENT_3D('',#8290,#8291,#8292);
#8290 = CARTESIAN_POINT('',(58.335918883797,159.03438715672,-18.));
#8291 = DIRECTION('',(0.992221347756,0.124486131988,0.));
#8292 = DIRECTION('',(0.,0.,-1.));
#8293 = ADVANCED_FACE('',(#8294),#8313,.T.);
#8294 = FACE_BOUND('',#8295,.T.);
#8295 = EDGE_LOOP('',(#8296,#8305,#8306,#8307));
#8296 = ORIENTED_EDGE('',*,*,#8297,.F.);
#8297 = EDGE_CURVE('',#8274,#8298,#8300,.T.);
#8298 = VERTEX_POINT('',#8299);
#8299 = CARTESIAN_POINT('',(79.883149631465,128.17941638836,-21.15));
#8300 = CIRCLE('',#8301,77.5);
#8301 = AXIS2_PLACEMENT_3D('',#8302,#8303,#8304);
#8302 = CARTESIAN_POINT('',(8.25,98.6,-21.15));
#8303 = DIRECTION('',(0.,0.,-1.));
#8304 = DIRECTION('',(1.,0.,0.));
#8305 = ORIENTED_EDGE('',*,*,#8283,.F.);
#8306 = ORIENTED_EDGE('',*,*,#6873,.F.);
#8307 = ORIENTED_EDGE('',*,*,#8308,.F.);
#8308 = EDGE_CURVE('',#8298,#6841,#8309,.T.);
#8309 = LINE('',#8310,#8311);
#8310 = CARTESIAN_POINT('',(79.883149631465,128.17941638836,-18.));
#8311 = VECTOR('',#8312,1.);
#8312 = DIRECTION('',(0.,0.,1.));
#8313 = CYLINDRICAL_SURFACE('',#8314,77.5);
#8314 = AXIS2_PLACEMENT_3D('',#8315,#8316,#8317);
#8315 = CARTESIAN_POINT('',(8.25,98.6,-18.));
#8316 = DIRECTION('',(0.,0.,-1.));
#8317 = DIRECTION('',(-1.,0.,0.));
#8318 = ADVANCED_FACE('',(#8319),#8330,.T.);
#8319 = FACE_BOUND('',#8320,.T.);
#8320 = EDGE_LOOP('',(#8321,#8327,#8328,#8329));
#8321 = ORIENTED_EDGE('',*,*,#8322,.F.);
#8322 = EDGE_CURVE('',#8298,#2867,#8323,.T.);
#8323 = LINE('',#8324,#8325);
#8324 = CARTESIAN_POINT('',(20.237901058147,156.18416422381,-21.15));
#8325 = VECTOR('',#8326,1.);
#8326 = DIRECTION('',(0.905190248042,-0.425006605654,0.));
#8327 = ORIENTED_EDGE('',*,*,#8308,.T.);
#8328 = ORIENTED_EDGE('',*,*,#6840,.F.);
#8329 = ORIENTED_EDGE('',*,*,#2876,.T.);
#8330 = PLANE('',#8331);
#8331 = AXIS2_PLACEMENT_3D('',#8332,#8333,#8334);
#8332 = CARTESIAN_POINT('',(81.20391782769,127.559286853,-18.));
#8333 = DIRECTION('',(0.425006605654,0.905190248042,0.));
#8334 = DIRECTION('',(0.,-0.,1.));
#8335 = ADVANCED_FACE('',(#8336),#8362,.T.);
#8336 = FACE_BOUND('',#8337,.T.);
#8337 = EDGE_LOOP('',(#8338,#8339,#8348,#8356));
#8338 = ORIENTED_EDGE('',*,*,#8273,.T.);
#8339 = ORIENTED_EDGE('',*,*,#8340,.F.);
#8340 = EDGE_CURVE('',#8341,#8274,#8343,.T.);
#8341 = VERTEX_POINT('',#8342);
#8342 = CARTESIAN_POINT('',(57.573816243803,157.07573130066,-22.15));
#8343 = CIRCLE('',#8344,766.28869829703);
#8344 = AXIS2_PLACEMENT_3D('',#8345,#8346,#8347);
#8345 = CARTESIAN_POINT('',(292.75351789765,-557.80163167,
    122.20800282575));
#8346 = DIRECTION('',(0.70160644345,8.802498805114E-02,-0.707106781178)
  );
#8347 = DIRECTION('',(-0.306907438641,0.932908660351,-0.188385921842));
#8348 = ORIENTED_EDGE('',*,*,#8349,.T.);
#8349 = EDGE_CURVE('',#8341,#8350,#8352,.T.);
#8350 = VERTEX_POINT('',#8351);
#8351 = CARTESIAN_POINT('',(57.112833034961,160.7500151222,-22.15));
#8352 = LINE('',#8353,#8354);
#8353 = CARTESIAN_POINT('',(65.725555402345,92.101990970989,-22.15));
#8354 = VECTOR('',#8355,1.);
#8355 = DIRECTION('',(-0.124486131988,0.992221347756,0.));
#8356 = ORIENTED_EDGE('',*,*,#8357,.T.);
#8357 = EDGE_CURVE('',#8350,#8250,#8358,.T.);
#8358 = LINE('',#8359,#8360);
#8359 = CARTESIAN_POINT('',(57.112833034961,160.7500151222,-22.15));
#8360 = VECTOR('',#8361,1.);
#8361 = DIRECTION('',(0.709211692448,-0.182417365617,0.680986549072));
#8362 = PLANE('',#8363);
#8363 = AXIS2_PLACEMENT_3D('',#8364,#8365,#8366);
#8364 = CARTESIAN_POINT('',(66.221666076223,92.164234036983,-21.65));
#8365 = DIRECTION('',(0.701606443436,8.80249880925E-02,-0.707106781187)
  );
#8366 = DIRECTION('',(-0.709862277149,3.608787226283E-18,-0.704340505353
    ));
#8367 = ADVANCED_FACE('',(#8368),#8388,.T.);
#8368 = FACE_BOUND('',#8369,.T.);
#8369 = EDGE_LOOP('',(#8370,#8371,#8380,#8387));
#8370 = ORIENTED_EDGE('',*,*,#8297,.T.);
#8371 = ORIENTED_EDGE('',*,*,#8372,.F.);
#8372 = EDGE_CURVE('',#8373,#8298,#8375,.T.);
#8373 = VERTEX_POINT('',#8374);
#8374 = CARTESIAN_POINT('',(79.105622745384,127.4397421168,-22.15));
#8375 = CIRCLE('',#8376,766.28872325336);
#8376 = AXIS2_PLACEMENT_3D('',#8377,#8378,#8379);
#8377 = CARTESIAN_POINT('',(-528.1086468723,572.01819846336,
    122.20800743439));
#8378 = DIRECTION('',(-0.300525052984,-0.640066162598,0.707106781205));
#8379 = DIRECTION('',(0.792409246269,-0.580170949742,-0.188385921721));
#8380 = ORIENTED_EDGE('',*,*,#8381,.T.);
#8381 = EDGE_CURVE('',#8373,#8341,#8382,.T.);
#8382 = CIRCLE('',#8383,76.5);
#8383 = AXIS2_PLACEMENT_3D('',#8384,#8385,#8386);
#8384 = CARTESIAN_POINT('',(8.25,98.6,-22.15));
#8385 = DIRECTION('',(0.,0.,1.));
#8386 = DIRECTION('',(1.,0.,-0.));
#8387 = ORIENTED_EDGE('',*,*,#8340,.T.);
#8388 = CONICAL_SURFACE('',#8389,77.,0.785398163397);
#8389 = AXIS2_PLACEMENT_3D('',#8390,#8391,#8392);
#8390 = CARTESIAN_POINT('',(8.25,98.6,-21.65));
#8391 = DIRECTION('',(0.,0.,1.));
#8392 = DIRECTION('',(-1.,0.,0.));
#8393 = ADVANCED_FACE('',(#8394),#8412,.T.);
#8394 = FACE_BOUND('',#8395,.T.);
#8395 = EDGE_LOOP('',(#8396,#8397,#8405,#8411));
#8396 = ORIENTED_EDGE('',*,*,#8322,.T.);
#8397 = ORIENTED_EDGE('',*,*,#8398,.F.);
#8398 = EDGE_CURVE('',#8399,#2867,#8401,.T.);
#8399 = VERTEX_POINT('',#8400);
#8400 = CARTESIAN_POINT('',(82.457622670928,125.86590488911,-22.15));
#8401 = LINE('',#8402,#8403);
#8402 = CARTESIAN_POINT('',(82.457622670928,125.86590488911,-22.15));
#8403 = VECTOR('',#8404,1.);
#8404 = DIRECTION('',(4.566924131996E-02,0.73087046758,0.680986549072));
#8405 = ORIENTED_EDGE('',*,*,#8406,.T.);
#8406 = EDGE_CURVE('',#8399,#8373,#8407,.T.);
#8407 = LINE('',#8408,#8409);
#8408 = CARTESIAN_POINT('',(19.812894452493,155.27897397577,-22.15));
#8409 = VECTOR('',#8410,1.);
#8410 = DIRECTION('',(-0.905190248042,0.425006605654,0.));
#8411 = ORIENTED_EDGE('',*,*,#8372,.T.);
#8412 = PLANE('',#8413);
#8413 = AXIS2_PLACEMENT_3D('',#8414,#8415,#8416);
#8414 = CARTESIAN_POINT('',(20.02539775532,155.73156909979,-21.65));
#8415 = DIRECTION('',(0.300525052907,0.640066162654,-0.707106781187));
#8416 = DIRECTION('',(-0.920328729999,6.263104886096E-18,-0.391145789622
    ));
#8417 = ADVANCED_FACE('',(#8418),#8436,.T.);
#8418 = FACE_BOUND('',#8419,.T.);
#8419 = EDGE_LOOP('',(#8420,#8428,#8429,#8430));
#8420 = ORIENTED_EDGE('',*,*,#8421,.T.);
#8421 = EDGE_CURVE('',#8422,#8399,#8424,.T.);
#8422 = VERTEX_POINT('',#8423);
#8423 = CARTESIAN_POINT('',(88.961240462787,127.97905840646,-22.15));
#8424 = LINE('',#8425,#8426);
#8425 = CARTESIAN_POINT('',(-31.75515121432,88.755925092406,-22.15));
#8426 = VECTOR('',#8427,1.);
#8427 = DIRECTION('',(-0.951056516295,-0.309016994375,0.));
#8428 = ORIENTED_EDGE('',*,*,#8398,.T.);
#8429 = ORIENTED_EDGE('',*,*,#2866,.T.);
#8430 = ORIENTED_EDGE('',*,*,#8431,.F.);
#8431 = EDGE_CURVE('',#8422,#2869,#8432,.T.);
#8432 = LINE('',#8433,#8434);
#8433 = CARTESIAN_POINT('',(88.961240462787,127.97905840646,-22.15));
#8434 = VECTOR('',#8435,1.);
#8435 = DIRECTION('',(-0.486304149803,0.55318333081,0.676384858197));
#8436 = PLANE('',#8437);
#8437 = AXIS2_PLACEMENT_3D('',#8438,#8439,#8440);
#8438 = CARTESIAN_POINT('',(-110.2792031763,63.76764509406,-21.65));
#8439 = DIRECTION('',(-0.218508012224,0.672498511964,-0.707106781187));
#8440 = DIRECTION('',(-0.95542256322,3.392507910899E-16,0.295241808844)
  );
#8441 = ADVANCED_FACE('',(#8442),#8461,.T.);
#8442 = FACE_BOUND('',#8443,.T.);
#8443 = EDGE_LOOP('',(#8444,#8452,#8453,#8454));
#8444 = ORIENTED_EDGE('',*,*,#8445,.T.);
#8445 = EDGE_CURVE('',#8446,#8422,#8448,.T.);
#8446 = VERTEX_POINT('',#8447);
#8447 = CARTESIAN_POINT('',(90.509220978641,131.24461002963,-22.15));
#8448 = LINE('',#8449,#8450);
#8449 = CARTESIAN_POINT('',(44.721977924704,34.653855595662,-22.15));
#8450 = VECTOR('',#8451,1.);
#8451 = DIRECTION('',(-0.428344031309,-0.903615731847,0.));
#8452 = ORIENTED_EDGE('',*,*,#8431,.T.);
#8453 = ORIENTED_EDGE('',*,*,#6703,.T.);
#8454 = ORIENTED_EDGE('',*,*,#8455,.F.);
#8455 = EDGE_CURVE('',#8446,#6681,#8456,.T.);
#8456 = CIRCLE('',#8457,776.66179807067);
#8457 = AXIS2_PLACEMENT_3D('',#8458,#8459,#8460);
#8458 = CARTESIAN_POINT('',(-81.61000814184,-608.7022773955,
    -183.5721897358));
#8459 = DIRECTION('',(0.638952811534,-0.3028849694,0.707106781147));
#8460 = DIRECTION('',(0.221614130562,0.952727286527,0.207841032141));
#8461 = PLANE('',#8462);
#8462 = AXIS2_PLACEMENT_3D('',#8463,#8464,#8465);
#8463 = CARTESIAN_POINT('',(44.270170058781,34.868027611316,-21.65));
#8464 = DIRECTION('',(-0.638952811576,0.30288496922,-0.707106781187));
#8465 = DIRECTION('',(-0.741958717442,-1.830364338434E-16,0.670445569462
    ));
#8466 = ADVANCED_FACE('',(#8467),#8487,.F.);
#8467 = FACE_BOUND('',#8468,.F.);
#8468 = EDGE_LOOP('',(#8469,#8478,#8479,#8480));
#8469 = ORIENTED_EDGE('',*,*,#8470,.T.);
#8470 = EDGE_CURVE('',#8471,#6631,#8473,.T.);
#8471 = VERTEX_POINT('',#8472);
#8472 = CARTESIAN_POINT('',(64.716366317046,166.74542886319,-22.15));
#8473 = CIRCLE('',#8474,776.66177774064);
#8474 = AXIS2_PLACEMENT_3D('',#8475,#8476,#8477);
#8475 = CARTESIAN_POINT('',(-692.2026897175,231.7064757781,
    -183.5721855838));
#8476 = DIRECTION('',(9.061344662124E-02,-0.701276837913,-0.707106781114
    ));
#8477 = DIRECTION('',(0.974580026632,-8.364135943947E-02,0.207841032236)
  );
#8478 = ORIENTED_EDGE('',*,*,#6688,.F.);
#8479 = ORIENTED_EDGE('',*,*,#8455,.F.);
#8480 = ORIENTED_EDGE('',*,*,#8481,.F.);
#8481 = EDGE_CURVE('',#8471,#8446,#8482,.T.);
#8482 = CIRCLE('',#8483,88.5);
#8483 = AXIS2_PLACEMENT_3D('',#8484,#8485,#8486);
#8484 = CARTESIAN_POINT('',(8.25,98.6,-22.15));
#8485 = DIRECTION('',(0.,0.,-1.));
#8486 = DIRECTION('',(1.,0.,0.));
#8487 = CONICAL_SURFACE('',#8488,88.,0.785398163397);
#8488 = AXIS2_PLACEMENT_3D('',#8489,#8490,#8491);
#8489 = CARTESIAN_POINT('',(8.25,98.6,-21.65));
#8490 = DIRECTION('',(0.,0.,-1.));
#8491 = DIRECTION('',(-1.,0.,0.));
#8492 = ADVANCED_FACE('',(#8493),#8511,.T.);
#8493 = FACE_BOUND('',#8494,.T.);
#8494 = EDGE_LOOP('',(#8495,#8503,#8504,#8505));
#8495 = ORIENTED_EDGE('',*,*,#8496,.T.);
#8496 = EDGE_CURVE('',#8497,#8471,#8499,.T.);
#8497 = VERTEX_POINT('',#8498);
#8498 = CARTESIAN_POINT('',(61.132289880168,166.28232285406,-22.15));
#8499 = LINE('',#8500,#8501);
#8500 = CARTESIAN_POINT('',(-41.30676036552,153.04595901696,-22.15));
#8501 = VECTOR('',#8502,1.);
#8502 = DIRECTION('',(0.991755215114,0.128146764667,0.));
#8503 = ORIENTED_EDGE('',*,*,#8470,.T.);
#8504 = ORIENTED_EDGE('',*,*,#6630,.T.);
#8505 = ORIENTED_EDGE('',*,*,#8506,.F.);
#8506 = EDGE_CURVE('',#8497,#6633,#8507,.T.);
#8507 = LINE('',#8508,#8509);
#8508 = CARTESIAN_POINT('',(61.132289880168,166.28232285406,-22.15));
#8509 = VECTOR('',#8510,1.);
#8510 = DIRECTION('',(0.375832364748,-0.633445780797,0.676384858197));
#8511 = PLANE('',#8512);
#8512 = AXIS2_PLACEMENT_3D('',#8513,#8514,#8515);
#8513 = CARTESIAN_POINT('',(-41.24268698319,152.5500814094,-21.65));
#8514 = DIRECTION('',(9.061344628345E-02,-0.701276837884,-0.707106781187
    ));
#8515 = DIRECTION('',(-0.991888964848,2.041553087825E-16,-0.127107361755
    ));
#8516 = ADVANCED_FACE('',(#8517),#8528,.T.);
#8517 = FACE_BOUND('',#8518,.T.);
#8518 = EDGE_LOOP('',(#8519,#8525,#8526,#8527));
#8519 = ORIENTED_EDGE('',*,*,#8520,.T.);
#8520 = EDGE_CURVE('',#8350,#8497,#8521,.T.);
#8521 = LINE('',#8522,#8523);
#8522 = CARTESIAN_POINT('',(-10.5280073451,67.650385337611,-22.15));
#8523 = VECTOR('',#8524,1.);
#8524 = DIRECTION('',(0.587785252292,0.809016994375,0.));
#8525 = ORIENTED_EDGE('',*,*,#8506,.T.);
#8526 = ORIENTED_EDGE('',*,*,#8249,.T.);
#8527 = ORIENTED_EDGE('',*,*,#8357,.F.);
#8528 = PLANE('',#8529);
#8529 = AXIS2_PLACEMENT_3D('',#8530,#8531,#8532);
#8530 = CARTESIAN_POINT('',(-10.12349884791,67.356492711464,-21.65));
#8531 = DIRECTION('',(0.572061402818,-0.415626937777,-0.707106781187));
#8532 = DIRECTION('',(-0.777437524821,2.29212171006E-16,-0.628960169645)
  );
#8533 = ADVANCED_FACE('',(#8534),#8552,.T.);
#8534 = FACE_BOUND('',#8535,.T.);
#8535 = EDGE_LOOP('',(#8536,#8544,#8545,#8546));
#8536 = ORIENTED_EDGE('',*,*,#8537,.F.);
#8537 = EDGE_CURVE('',#7414,#8538,#8540,.T.);
#8538 = VERTEX_POINT('',#8539);
#8539 = CARTESIAN_POINT('',(12.25,177.99670535623,-21.15));
#8540 = LINE('',#8541,#8542);
#8541 = CARTESIAN_POINT('',(12.25,93.004261805916,-21.15));
#8542 = VECTOR('',#8543,1.);
#8543 = DIRECTION('',(0.,-1.,0.));
#8544 = ORIENTED_EDGE('',*,*,#7437,.F.);
#8545 = ORIENTED_EDGE('',*,*,#7658,.F.);
#8546 = ORIENTED_EDGE('',*,*,#8547,.F.);
#8547 = EDGE_CURVE('',#8538,#7635,#8548,.T.);
#8548 = LINE('',#8549,#8550);
#8549 = CARTESIAN_POINT('',(12.25,177.99670535623,-18.));
#8550 = VECTOR('',#8551,1.);
#8551 = DIRECTION('',(0.,0.,1.));
#8552 = PLANE('',#8553);
#8553 = AXIS2_PLACEMENT_3D('',#8554,#8555,#8556);
#8554 = CARTESIAN_POINT('',(12.25,21.20329464376,-18.));
#8555 = DIRECTION('',(1.,7.E-17,0.));
#8556 = DIRECTION('',(7.E-17,-1.,0.));
#8557 = ADVANCED_FACE('',(#8558),#8576,.T.);
#8558 = FACE_BOUND('',#8559,.T.);
#8559 = EDGE_LOOP('',(#8560,#8568,#8569,#8570));
#8560 = ORIENTED_EDGE('',*,*,#8561,.F.);
#8561 = EDGE_CURVE('',#8538,#8562,#8564,.T.);
#8562 = VERTEX_POINT('',#8563);
#8563 = CARTESIAN_POINT('',(14.245836107635,175.86771608744,-21.15));
#8564 = LINE('',#8565,#8566);
#8565 = CARTESIAN_POINT('',(24.4712717648,164.96008559638,-21.15));
#8566 = VECTOR('',#8567,1.);
#8567 = DIRECTION('',(0.683924471563,-0.729552820019,0.));
#8568 = ORIENTED_EDGE('',*,*,#8547,.T.);
#8569 = ORIENTED_EDGE('',*,*,#7634,.F.);
#8570 = ORIENTED_EDGE('',*,*,#8571,.T.);
#8571 = EDGE_CURVE('',#7609,#8562,#8572,.T.);
#8572 = LINE('',#8573,#8574);
#8573 = CARTESIAN_POINT('',(14.245836107635,175.86771608744,-18.));
#8574 = VECTOR('',#8575,1.);
#8575 = DIRECTION('',(0.,0.,-1.));
#8576 = PLANE('',#8577);
#8577 = AXIS2_PLACEMENT_3D('',#8578,#8579,#8580);
#8578 = CARTESIAN_POINT('',(13.247918053818,176.93221072184,-18.));
#8579 = DIRECTION('',(0.729552820019,0.683924471563,0.));
#8580 = DIRECTION('',(0.,0.,-1.));
#8581 = ADVANCED_FACE('',(#8582),#8601,.T.);
#8582 = FACE_BOUND('',#8583,.T.);
#8583 = EDGE_LOOP('',(#8584,#8593,#8594,#8595));
#8584 = ORIENTED_EDGE('',*,*,#8585,.F.);
#8585 = EDGE_CURVE('',#8562,#8586,#8588,.T.);
#8586 = VERTEX_POINT('',#8587);
#8587 = CARTESIAN_POINT('',(48.816090687961,164.63515947051,-21.15));
#8588 = CIRCLE('',#8589,77.5);
#8589 = AXIS2_PLACEMENT_3D('',#8590,#8591,#8592);
#8590 = CARTESIAN_POINT('',(8.25,98.6,-21.15));
#8591 = DIRECTION('',(0.,0.,-1.));
#8592 = DIRECTION('',(1.,0.,0.));
#8593 = ORIENTED_EDGE('',*,*,#8571,.F.);
#8594 = ORIENTED_EDGE('',*,*,#7608,.F.);
#8595 = ORIENTED_EDGE('',*,*,#8596,.F.);
#8596 = EDGE_CURVE('',#8586,#7584,#8597,.T.);
#8597 = LINE('',#8598,#8599);
#8598 = CARTESIAN_POINT('',(48.816090687961,164.63515947051,-18.));
#8599 = VECTOR('',#8600,1.);
#8600 = DIRECTION('',(0.,0.,1.));
#8601 = CYLINDRICAL_SURFACE('',#8602,77.5);
#8602 = AXIS2_PLACEMENT_3D('',#8603,#8604,#8605);
#8603 = CARTESIAN_POINT('',(8.25,98.6,-18.));
#8604 = DIRECTION('',(0.,0.,-1.));
#8605 = DIRECTION('',(-1.,0.,0.));
#8606 = ADVANCED_FACE('',(#8607),#8618,.T.);
#8607 = FACE_BOUND('',#8608,.T.);
#8608 = EDGE_LOOP('',(#8609,#8615,#8616,#8617));
#8609 = ORIENTED_EDGE('',*,*,#8610,.F.);
#8610 = EDGE_CURVE('',#8586,#2827,#8611,.T.);
#8611 = LINE('',#8612,#8613);
#8612 = CARTESIAN_POINT('',(-50.71917482388,145.55970322217,-21.15));
#8613 = VECTOR('',#8614,1.);
#8614 = DIRECTION('',(0.982126908739,0.188219911623,0.));
#8615 = ORIENTED_EDGE('',*,*,#8596,.T.);
#8616 = ORIENTED_EDGE('',*,*,#7583,.F.);
#8617 = ORIENTED_EDGE('',*,*,#2836,.T.);
#8618 = PLANE('',#8619);
#8619 = AXIS2_PLACEMENT_3D('',#8620,#8621,#8622);
#8620 = CARTESIAN_POINT('',(50.249117599734,164.90979220512,-18.));
#8621 = DIRECTION('',(-0.188219911623,0.982126908739,0.));
#8622 = DIRECTION('',(0.,0.,1.));
#8623 = ADVANCED_FACE('',(#8624),#8650,.T.);
#8624 = FACE_BOUND('',#8625,.T.);
#8625 = EDGE_LOOP('',(#8626,#8627,#8636,#8644));
#8626 = ORIENTED_EDGE('',*,*,#8561,.T.);
#8627 = ORIENTED_EDGE('',*,*,#8628,.F.);
#8628 = EDGE_CURVE('',#8629,#8562,#8631,.T.);
#8629 = VERTEX_POINT('',#8630);
#8630 = CARTESIAN_POINT('',(13.782633093116,174.89967215563,-22.15));
#8631 = CIRCLE('',#8632,766.28870136799);
#8632 = AXIS2_PLACEMENT_3D('',#8633,#8634,#8635);
#8633 = CARTESIAN_POINT('',(624.24138211041,-265.2131048298,
    122.20800333407));
#8634 = DIRECTION('',(0.515871746204,0.483607631709,-0.707106781202));
#8635 = DIRECTION('',(-0.796643285915,0.574343294113,-0.18838592175));
#8636 = ORIENTED_EDGE('',*,*,#8637,.T.);
#8637 = EDGE_CURVE('',#8629,#8638,#8640,.T.);
#8638 = VERTEX_POINT('',#8639);
#8639 = CARTESIAN_POINT('',(11.25,177.6012710777,-22.15));
#8640 = LINE('',#8641,#8642);
#8641 = CARTESIAN_POINT('',(23.741718944781,164.27616112482,-22.15));
#8642 = VECTOR('',#8643,1.);
#8643 = DIRECTION('',(-0.683924471563,0.729552820019,0.));
#8644 = ORIENTED_EDGE('',*,*,#8645,.T.);
#8645 = EDGE_CURVE('',#8638,#8538,#8646,.T.);
#8646 = LINE('',#8647,#8648);
#8647 = CARTESIAN_POINT('',(11.25,177.6012710777,-22.15));
#8648 = VECTOR('',#8649,1.);
#8649 = DIRECTION('',(0.680986549072,0.269285424721,0.680986549072));
#8650 = PLANE('',#8651);
#8651 = AXIS2_PLACEMENT_3D('',#8652,#8653,#8654);
#8652 = CARTESIAN_POINT('',(24.106495354791,164.6181233606,-21.65));
#8653 = DIRECTION('',(0.515871746269,0.483607631662,-0.707106781187));
#8654 = DIRECTION('',(-0.807858995471,5.771612412584E-17,-0.589375808323
    ));
#8655 = ADVANCED_FACE('',(#8656),#8676,.T.);
#8656 = FACE_BOUND('',#8657,.T.);
#8657 = EDGE_LOOP('',(#8658,#8659,#8668,#8675));
#8658 = ORIENTED_EDGE('',*,*,#8585,.T.);
#8659 = ORIENTED_EDGE('',*,*,#8660,.F.);
#8660 = EDGE_CURVE('',#8661,#8586,#8663,.T.);
#8661 = VERTEX_POINT('',#8662);
#8662 = CARTESIAN_POINT('',(48.62182785186,163.57973157762,-22.15));
#8663 = CIRCLE('',#8664,766.28872338001);
#8664 = AXIS2_PLACEMENT_3D('',#8665,#8666,#8667);
#8665 = CARTESIAN_POINT('',(-703.9414957627,166.33966551099,
    122.20800737821));
#8666 = DIRECTION('',(0.133091575622,-0.694468597154,0.707106781233));
#8667 = DIRECTION('',(0.982088474818,-3.601689349158E-03,-0.188385921616
    ));
#8668 = ORIENTED_EDGE('',*,*,#8669,.T.);
#8669 = EDGE_CURVE('',#8661,#8629,#8670,.T.);
#8670 = CIRCLE('',#8671,76.5);
#8671 = AXIS2_PLACEMENT_3D('',#8672,#8673,#8674);
#8672 = CARTESIAN_POINT('',(8.25,98.6,-22.15));
#8673 = DIRECTION('',(0.,0.,1.));
#8674 = DIRECTION('',(1.,0.,-0.));
#8675 = ORIENTED_EDGE('',*,*,#8628,.T.);
#8676 = CONICAL_SURFACE('',#8677,77.,0.785398163397);
#8677 = AXIS2_PLACEMENT_3D('',#8678,#8679,#8680);
#8678 = CARTESIAN_POINT('',(8.25,98.6,-21.65));
#8679 = DIRECTION('',(0.,0.,1.));
#8680 = DIRECTION('',(-1.,0.,0.));
#8681 = ADVANCED_FACE('',(#8682),#8700,.T.);
#8682 = FACE_BOUND('',#8683,.T.);
#8683 = EDGE_LOOP('',(#8684,#8685,#8693,#8699));
#8684 = ORIENTED_EDGE('',*,*,#8610,.T.);
#8685 = ORIENTED_EDGE('',*,*,#8686,.F.);
#8686 = EDGE_CURVE('',#8687,#2827,#8689,.T.);
#8687 = VERTEX_POINT('',#8688);
#8688 = CARTESIAN_POINT('',(52.258731068711,164.27672663596,-22.15));
#8689 = LINE('',#8690,#8691);
#8690 = CARTESIAN_POINT('',(52.258731068711,164.27672663596,-22.15));
#8691 = VECTOR('',#8692,1.);
#8692 = DIRECTION('',(-0.392647689832,0.61813033549,0.680986549072));
#8693 = ORIENTED_EDGE('',*,*,#8694,.T.);
#8694 = EDGE_CURVE('',#8687,#8661,#8695,.T.);
#8695 = LINE('',#8696,#8697);
#8696 = CARTESIAN_POINT('',(-50.53095491226,144.57757631343,-22.15));
#8697 = VECTOR('',#8698,1.);
#8698 = DIRECTION('',(-0.982126908739,-0.188219911623,0.));
#8699 = ORIENTED_EDGE('',*,*,#8660,.T.);
#8700 = PLANE('',#8701);
#8701 = AXIS2_PLACEMENT_3D('',#8702,#8703,#8704);
#8702 = CARTESIAN_POINT('',(-50.62506486807,145.0686397678,-21.65));
#8703 = DIRECTION('',(-0.133091575863,0.694468597155,-0.707106781187));
#8704 = DIRECTION('',(-0.982743800411,-1.454921926958E-16,0.184971951261
    ));
#8705 = ADVANCED_FACE('',(#8706),#8724,.T.);
#8706 = FACE_BOUND('',#8707,.T.);
#8707 = EDGE_LOOP('',(#8708,#8716,#8717,#8718));
#8708 = ORIENTED_EDGE('',*,*,#8709,.T.);
#8709 = EDGE_CURVE('',#8710,#8687,#8712,.T.);
#8710 = VERTEX_POINT('',#8711);
#8711 = CARTESIAN_POINT('',(56.278187913919,169.80903436782,-22.15));
#8712 = LINE('',#8713,#8714);
#8713 = CARTESIAN_POINT('',(-18.32450887098,67.127231294682,-22.15));
#8714 = VECTOR('',#8715,1.);
#8715 = DIRECTION('',(-0.587785252292,-0.809016994375,0.));
#8716 = ORIENTED_EDGE('',*,*,#8686,.T.);
#8717 = ORIENTED_EDGE('',*,*,#2826,.T.);
#8718 = ORIENTED_EDGE('',*,*,#8719,.F.);
#8719 = EDGE_CURVE('',#8710,#2829,#8720,.T.);
#8720 = LINE('',#8721,#8722);
#8721 = CARTESIAN_POINT('',(56.278187913919,169.80903436782,-22.15));
#8722 = VECTOR('',#8723,1.);
#8723 = DIRECTION('',(-0.71858132529,0.161692308247,0.676384858197));
#8724 = PLANE('',#8725);
#8725 = AXIS2_PLACEMENT_3D('',#8726,#8727,#8728);
#8726 = CARTESIAN_POINT('',(-67.16405891223,0.756008422317,-21.65));
#8727 = DIRECTION('',(-0.572061402818,0.415626937777,-0.707106781187));
#8728 = DIRECTION('',(-0.777437524821,-7.711124870168E-17,0.628960169645
    ));
#8729 = ADVANCED_FACE('',(#8730),#8749,.T.);
#8730 = FACE_BOUND('',#8731,.T.);
#8731 = EDGE_LOOP('',(#8732,#8740,#8741,#8742));
#8732 = ORIENTED_EDGE('',*,*,#8733,.T.);
#8733 = EDGE_CURVE('',#8734,#8710,#8736,.T.);
#8734 = VERTEX_POINT('',#8735);
#8735 = CARTESIAN_POINT('',(55.611087373505,173.36080124503,-22.15));
#8736 = LINE('',#8737,#8738);
#8737 = CARTESIAN_POINT('',(68.384084886081,105.35499591364,-22.15));
#8738 = VECTOR('',#8739,1.);
#8739 = DIRECTION('',(0.184594400151,-0.98281478796,0.));
#8740 = ORIENTED_EDGE('',*,*,#8719,.T.);
#8741 = ORIENTED_EDGE('',*,*,#7484,.T.);
#8742 = ORIENTED_EDGE('',*,*,#8743,.F.);
#8743 = EDGE_CURVE('',#8734,#7462,#8744,.T.);
#8744 = CIRCLE('',#8745,776.66177785702);
#8745 = AXIS2_PLACEMENT_3D('',#8746,#8747,#8748);
#8746 = CARTESIAN_POINT('',(351.29356631938,-526.4379318939,
    -183.5721853571));
#8747 = DIRECTION('',(0.694955001175,0.130527952215,0.70710678121));
#8748 = DIRECTION('',(-0.380709450852,0.90103408342,0.207841031913));
#8749 = PLANE('',#8750);
#8750 = AXIS2_PLACEMENT_3D('',#8751,#8752,#8753);
#8751 = CARTESIAN_POINT('',(67.892677492101,105.26269871356,-21.65));
#8752 = DIRECTION('',(-0.694955001217,-0.130527952116,-0.707106781187));
#8753 = DIRECTION('',(-0.713208544401,8.095066290774E-17,0.700951904337)
  );
#8754 = ADVANCED_FACE('',(#8755),#8775,.F.);
#8755 = FACE_BOUND('',#8756,.F.);
#8756 = EDGE_LOOP('',(#8757,#8766,#8767,#8768));
#8757 = ORIENTED_EDGE('',*,*,#8758,.T.);
#8758 = EDGE_CURVE('',#8759,#7412,#8761,.T.);
#8759 = VERTEX_POINT('',#8760);
#8760 = CARTESIAN_POINT('',(13.877371864158,186.920907411,-22.15));
#8761 = CIRCLE('',#8762,776.66177695221);
#8762 = AXIS2_PLACEMENT_3D('',#8763,#8764,#8765);
#8763 = CARTESIAN_POINT('',(-636.6661524169,-205.4303596938,
    -183.5721855747));
#8764 = DIRECTION('',(0.485508001572,-0.514083631907,-0.707106781055));
#8765 = DIRECTION('',(0.837614961346,0.50517648576,0.207841032435));
#8766 = ORIENTED_EDGE('',*,*,#7469,.F.);
#8767 = ORIENTED_EDGE('',*,*,#8743,.F.);
#8768 = ORIENTED_EDGE('',*,*,#8769,.F.);
#8769 = EDGE_CURVE('',#8759,#8734,#8770,.T.);
#8770 = CIRCLE('',#8771,88.5);
#8771 = AXIS2_PLACEMENT_3D('',#8772,#8773,#8774);
#8772 = CARTESIAN_POINT('',(8.25,98.6,-22.15));
#8773 = DIRECTION('',(0.,0.,-1.));
#8774 = DIRECTION('',(1.,0.,0.));
#8775 = CONICAL_SURFACE('',#8776,88.,0.785398163397);
#8776 = AXIS2_PLACEMENT_3D('',#8777,#8778,#8779);
#8777 = CARTESIAN_POINT('',(8.25,98.6,-21.65));
#8778 = DIRECTION('',(0.,0.,-1.));
#8779 = DIRECTION('',(-1.,0.,0.));
#8780 = ADVANCED_FACE('',(#8781),#8799,.T.);
#8781 = FACE_BOUND('',#8782,.T.);
#8782 = EDGE_LOOP('',(#8783,#8791,#8792,#8793));
#8783 = ORIENTED_EDGE('',*,*,#8784,.T.);
#8784 = EDGE_CURVE('',#8785,#8759,#8787,.T.);
#8785 = VERTEX_POINT('',#8786);
#8786 = CARTESIAN_POINT('',(11.25,184.43957950673,-22.15));
#8787 = LINE('',#8788,#8789);
#8788 = CARTESIAN_POINT('',(-70.79783868695,106.95241661352,-22.15));
#8789 = VECTOR('',#8790,1.);
#8790 = DIRECTION('',(0.727024044886,0.686611999718,0.));
#8791 = ORIENTED_EDGE('',*,*,#8758,.T.);
#8792 = ORIENTED_EDGE('',*,*,#7411,.T.);
#8793 = ORIENTED_EDGE('',*,*,#8794,.F.);
#8794 = EDGE_CURVE('',#8785,#7414,#8795,.T.);
#8795 = LINE('',#8796,#8797);
#8796 = CARTESIAN_POINT('',(11.25,184.43957950673,-22.15));
#8797 = VECTOR('',#8798,1.);
#8798 = DIRECTION('',(0.676384858197,-0.291559680346,0.676384858197));
#8799 = PLANE('',#8800);
#8800 = AXIS2_PLACEMENT_3D('',#8801,#8802,#8803);
#8801 = CARTESIAN_POINT('',(-70.45453268709,106.58890459107,-21.65));
#8802 = DIRECTION('',(0.485508001045,-0.514083632225,-0.707106781187));
#8803 = DIRECTION('',(-0.824383528359,6.16651034924E-17,-0.566031622941)
  );
#8804 = ADVANCED_FACE('',(#8805),#8816,.T.);
#8805 = FACE_BOUND('',#8806,.T.);
#8806 = EDGE_LOOP('',(#8807,#8813,#8814,#8815));
#8807 = ORIENTED_EDGE('',*,*,#8808,.T.);
#8808 = EDGE_CURVE('',#8638,#8785,#8809,.T.);
#8809 = LINE('',#8810,#8811);
#8810 = CARTESIAN_POINT('',(11.25,93.004261805916,-22.15));
#8811 = VECTOR('',#8812,1.);
#8812 = DIRECTION('',(0.,1.,0.));
#8813 = ORIENTED_EDGE('',*,*,#8794,.T.);
#8814 = ORIENTED_EDGE('',*,*,#8537,.T.);
#8815 = ORIENTED_EDGE('',*,*,#8645,.F.);
#8816 = PLANE('',#8817);
#8817 = AXIS2_PLACEMENT_3D('',#8818,#8819,#8820);
#8818 = CARTESIAN_POINT('',(11.75,10.60164732188,-21.65));
#8819 = DIRECTION('',(0.707106781187,0.,-0.707106781187));
#8820 = DIRECTION('',(-0.707106781187,0.,-0.707106781187));
#8821 = ADVANCED_FACE('',(#8822),#8840,.T.);
#8822 = FACE_BOUND('',#8823,.T.);
#8823 = EDGE_LOOP('',(#8824,#8832,#8833,#8834));
#8824 = ORIENTED_EDGE('',*,*,#8825,.F.);
#8825 = EDGE_CURVE('',#4199,#8826,#8828,.T.);
#8826 = VERTEX_POINT('',#8827);
#8827 = CARTESIAN_POINT('',(-35.1821445115,165.18442493974,-21.15));
#8828 = LINE('',#8829,#8830);
#8829 = CARTESIAN_POINT('',(-14.20934520107,136.31784314719,-21.15));
#8830 = VECTOR('',#8831,1.);
#8831 = DIRECTION('',(0.587785252292,-0.809016994375,0.));
#8832 = ORIENTED_EDGE('',*,*,#4215,.F.);
#8833 = ORIENTED_EDGE('',*,*,#4270,.F.);
#8834 = ORIENTED_EDGE('',*,*,#8835,.F.);
#8835 = EDGE_CURVE('',#8826,#4232,#8836,.T.);
#8836 = LINE('',#8837,#8838);
#8837 = CARTESIAN_POINT('',(-35.1821445115,165.18442493974,-18.));
#8838 = VECTOR('',#8839,1.);
#8839 = DIRECTION('',(0.,0.,1.));
#8840 = PLANE('',#8841);
#8841 = AXIS2_PLACEMENT_3D('',#8842,#8843,#8844);
#8842 = CARTESIAN_POINT('',(56.978709961923,38.335891067341,-18.));
#8843 = DIRECTION('',(0.809016994375,0.587785252292,0.));
#8844 = DIRECTION('',(0.587785252292,-0.809016994375,0.));
#8845 = ADVANCED_FACE('',(#8846),#8864,.T.);
#8846 = FACE_BOUND('',#8847,.T.);
#8847 = EDGE_LOOP('',(#8848,#8856,#8857,#8858));
#8848 = ORIENTED_EDGE('',*,*,#8849,.F.);
#8849 = EDGE_CURVE('',#8826,#8850,#8852,.T.);
#8850 = VERTEX_POINT('',#8851);
#8851 = CARTESIAN_POINT('',(-32.31609068796,164.63515947051,-21.15));
#8852 = LINE('',#8853,#8854);
#8853 = CARTESIAN_POINT('',(-63.72164588205,170.65388349741,-21.15));
#8854 = VECTOR('',#8855,1.);
#8855 = DIRECTION('',(0.982126908739,-0.188219911623,0.));
#8856 = ORIENTED_EDGE('',*,*,#8835,.T.);
#8857 = ORIENTED_EDGE('',*,*,#4229,.F.);
#8858 = ORIENTED_EDGE('',*,*,#8859,.T.);
#8859 = EDGE_CURVE('',#4230,#8850,#8860,.T.);
#8860 = LINE('',#8861,#8862);
#8861 = CARTESIAN_POINT('',(-32.31609068796,164.63515947051,-18.));
#8862 = VECTOR('',#8863,1.);
#8863 = DIRECTION('',(0.,0.,-1.));
#8864 = PLANE('',#8865);
#8865 = AXIS2_PLACEMENT_3D('',#8866,#8867,#8868);
#8866 = CARTESIAN_POINT('',(-33.74911759973,164.90979220513,-18.));
#8867 = DIRECTION('',(0.188219911623,0.982126908739,0.));
#8868 = DIRECTION('',(0.,-0.,1.));
#8869 = ADVANCED_FACE('',(#8870),#8889,.T.);
#8870 = FACE_BOUND('',#8871,.T.);
#8871 = EDGE_LOOP('',(#8872,#8881,#8882,#8883));
#8872 = ORIENTED_EDGE('',*,*,#8873,.F.);
#8873 = EDGE_CURVE('',#8850,#8874,#8876,.T.);
#8874 = VERTEX_POINT('',#8875);
#8875 = CARTESIAN_POINT('',(2.254163892366,175.86771608744,-21.15));
#8876 = CIRCLE('',#8877,77.5);
#8877 = AXIS2_PLACEMENT_3D('',#8878,#8879,#8880);
#8878 = CARTESIAN_POINT('',(8.25,98.6,-21.15));
#8879 = DIRECTION('',(0.,0.,-1.));
#8880 = DIRECTION('',(-1.,0.,0.));
#8881 = ORIENTED_EDGE('',*,*,#8859,.F.);
#8882 = ORIENTED_EDGE('',*,*,#4438,.F.);
#8883 = ORIENTED_EDGE('',*,*,#8884,.F.);
#8884 = EDGE_CURVE('',#8874,#4408,#8885,.T.);
#8885 = LINE('',#8886,#8887);
#8886 = CARTESIAN_POINT('',(2.254163892366,175.86771608744,-18.));
#8887 = VECTOR('',#8888,1.);
#8888 = DIRECTION('',(0.,0.,1.));
#8889 = CYLINDRICAL_SURFACE('',#8890,77.5);
#8890 = AXIS2_PLACEMENT_3D('',#8891,#8892,#8893);
#8891 = CARTESIAN_POINT('',(8.25,98.6,-18.));
#8892 = DIRECTION('',(0.,0.,-1.));
#8893 = DIRECTION('',(-1.,0.,0.));
#8894 = ADVANCED_FACE('',(#8895),#8906,.T.);
#8895 = FACE_BOUND('',#8896,.T.);
#8896 = EDGE_LOOP('',(#8897,#8903,#8904,#8905));
#8897 = ORIENTED_EDGE('',*,*,#8898,.F.);
#8898 = EDGE_CURVE('',#8874,#2765,#8899,.T.);
#8899 = LINE('',#8900,#8901);
#8900 = CARTESIAN_POINT('',(-71.46869845529,97.226397693543,-21.15));
#8901 = VECTOR('',#8902,1.);
#8902 = DIRECTION('',(0.683924471563,0.729552820019,0.));
#8903 = ORIENTED_EDGE('',*,*,#8884,.T.);
#8904 = ORIENTED_EDGE('',*,*,#4407,.F.);
#8905 = ORIENTED_EDGE('',*,*,#2774,.T.);
#8906 = PLANE('',#8907);
#8907 = AXIS2_PLACEMENT_3D('',#8908,#8909,#8910);
#8908 = CARTESIAN_POINT('',(3.252081946183,176.93221072184,-18.));
#8909 = DIRECTION('',(-0.729552820019,0.683924471563,0.));
#8910 = DIRECTION('',(0.,0.,1.));
#8911 = ADVANCED_FACE('',(#8912),#8938,.T.);
#8912 = FACE_BOUND('',#8913,.T.);
#8913 = EDGE_LOOP('',(#8914,#8915,#8924,#8932));
#8914 = ORIENTED_EDGE('',*,*,#8849,.T.);
#8915 = ORIENTED_EDGE('',*,*,#8916,.F.);
#8916 = EDGE_CURVE('',#8917,#8850,#8919,.T.);
#8917 = VERTEX_POINT('',#8918);
#8918 = CARTESIAN_POINT('',(-32.12182785185,163.57973157762,-22.15));
#8919 = CIRCLE('',#8920,766.28869798024);
#8920 = AXIS2_PLACEMENT_3D('',#8921,#8922,#8923);
#8921 = CARTESIAN_POINT('',(720.44147082532,166.33966549255,
    122.20800255326));
#8922 = DIRECTION('',(0.13309157552,0.694468597154,-0.707106781252));
#8923 = DIRECTION('',(-0.982088474828,-3.601689444468E-03,
    -0.188385921564));
#8924 = ORIENTED_EDGE('',*,*,#8925,.T.);
#8925 = EDGE_CURVE('',#8917,#8926,#8928,.T.);
#8926 = VERTEX_POINT('',#8927);
#8927 = CARTESIAN_POINT('',(-35.75873106871,164.27672663596,-22.15));
#8928 = LINE('',#8929,#8930);
#8929 = CARTESIAN_POINT('',(-63.90986579367,169.67175658867,-22.15));
#8930 = VECTOR('',#8931,1.);
#8931 = DIRECTION('',(-0.982126908739,0.188219911623,0.));
#8932 = ORIENTED_EDGE('',*,*,#8933,.T.);
#8933 = EDGE_CURVE('',#8926,#8826,#8934,.T.);
#8934 = LINE('',#8935,#8936);
#8935 = CARTESIAN_POINT('',(-35.75873106871,164.27672663596,-22.15));
#8936 = VECTOR('',#8937,1.);
#8937 = DIRECTION('',(0.392647689832,0.61813033549,0.680986549072));
#8938 = PLANE('',#8939);
#8939 = AXIS2_PLACEMENT_3D('',#8940,#8941,#8942);
#8940 = CARTESIAN_POINT('',(-63.81575583786,170.16282004304,-21.65));
#8941 = DIRECTION('',(0.133091575863,0.694468597155,-0.707106781187));
#8942 = DIRECTION('',(-0.982743800411,-3.566193870263E-16,
    -0.184971951261));
#8943 = ADVANCED_FACE('',(#8944),#8964,.T.);
#8944 = FACE_BOUND('',#8945,.T.);
#8945 = EDGE_LOOP('',(#8946,#8947,#8956,#8963));
#8946 = ORIENTED_EDGE('',*,*,#8873,.T.);
#8947 = ORIENTED_EDGE('',*,*,#8948,.F.);
#8948 = EDGE_CURVE('',#8949,#8874,#8951,.T.);
#8949 = VERTEX_POINT('',#8950);
#8950 = CARTESIAN_POINT('',(2.717366906885,174.89967215563,-22.15));
#8951 = CIRCLE('',#8952,766.2887227384);
#8952 = AXIS2_PLACEMENT_3D('',#8953,#8954,#8955);
#8953 = CARTESIAN_POINT('',(-607.7413990065,-265.2131172316,
    122.20800751328));
#8954 = DIRECTION('',(0.51587174645,-0.483607631531,0.707106781144));
#8955 = DIRECTION('',(0.796643285747,0.57434329428,-0.18838592195));
#8956 = ORIENTED_EDGE('',*,*,#8957,.T.);
#8957 = EDGE_CURVE('',#8949,#8917,#8958,.T.);
#8958 = CIRCLE('',#8959,76.5);
#8959 = AXIS2_PLACEMENT_3D('',#8960,#8961,#8962);
#8960 = CARTESIAN_POINT('',(8.25,98.6,-22.15));
#8961 = DIRECTION('',(0.,0.,1.));
#8962 = DIRECTION('',(-1.,0.,0.));
#8963 = ORIENTED_EDGE('',*,*,#8916,.T.);
#8964 = CONICAL_SURFACE('',#8965,77.,0.785398163397);
#8965 = AXIS2_PLACEMENT_3D('',#8966,#8967,#8968);
#8966 = CARTESIAN_POINT('',(8.25,98.6,-21.65));
#8967 = DIRECTION('',(0.,0.,1.));
#8968 = DIRECTION('',(-1.,0.,0.));
#8969 = ADVANCED_FACE('',(#8970),#8988,.T.);
#8970 = FACE_BOUND('',#8971,.T.);
#8971 = EDGE_LOOP('',(#8972,#8973,#8981,#8987));
#8972 = ORIENTED_EDGE('',*,*,#8898,.T.);
#8973 = ORIENTED_EDGE('',*,*,#8974,.F.);
#8974 = EDGE_CURVE('',#8975,#2765,#8977,.T.);
#8975 = VERTEX_POINT('',#8976);
#8976 = CARTESIAN_POINT('',(5.25,177.6012710777,-22.15));
#8977 = LINE('',#8978,#8979);
#8978 = CARTESIAN_POINT('',(5.25,177.6012710777,-22.15));
#8979 = VECTOR('',#8980,1.);
#8980 = DIRECTION('',(-0.680986549072,0.269285424721,0.680986549072));
#8981 = ORIENTED_EDGE('',*,*,#8982,.T.);
#8982 = EDGE_CURVE('',#8975,#8949,#8983,.T.);
#8983 = LINE('',#8984,#8985);
#8984 = CARTESIAN_POINT('',(-70.73914563527,96.54247322198,-22.15));
#8985 = VECTOR('',#8986,1.);
#8986 = DIRECTION('',(-0.683924471563,-0.729552820019,0.));
#8987 = ORIENTED_EDGE('',*,*,#8948,.T.);
#8988 = PLANE('',#8989);
#8989 = AXIS2_PLACEMENT_3D('',#8990,#8991,#8992);
#8990 = CARTESIAN_POINT('',(-71.10392204528,96.884435457761,-21.65));
#8991 = DIRECTION('',(-0.515871746269,0.483607631662,-0.707106781187));
#8992 = DIRECTION('',(-0.807858995471,2.711052561116E-16,0.589375808323)
  );
#8993 = ADVANCED_FACE('',(#8994),#9012,.T.);
#8994 = FACE_BOUND('',#8995,.T.);
#8995 = EDGE_LOOP('',(#8996,#9004,#9005,#9006));
#8996 = ORIENTED_EDGE('',*,*,#8997,.T.);
#8997 = EDGE_CURVE('',#8998,#8975,#9000,.T.);
#8998 = VERTEX_POINT('',#8999);
#8999 = CARTESIAN_POINT('',(5.25,184.43957950673,-22.15));
#9000 = LINE('',#9001,#9002);
#9001 = CARTESIAN_POINT('',(5.25,87.99835267812,-22.15));
#9002 = VECTOR('',#9003,1.);
#9003 = DIRECTION('',(-5.E-17,-1.,0.));
#9004 = ORIENTED_EDGE('',*,*,#8974,.T.);
#9005 = ORIENTED_EDGE('',*,*,#2764,.T.);
#9006 = ORIENTED_EDGE('',*,*,#9007,.F.);
#9007 = EDGE_CURVE('',#8998,#2767,#9008,.T.);
#9008 = LINE('',#9009,#9010);
#9009 = CARTESIAN_POINT('',(5.25,184.43957950673,-22.15));
#9010 = VECTOR('',#9011,1.);
#9011 = DIRECTION('',(-0.676384858197,-0.291559680346,0.676384858197));
#9012 = PLANE('',#9013);
#9013 = AXIS2_PLACEMENT_3D('',#9014,#9015,#9016);
#9014 = CARTESIAN_POINT('',(4.75,5.595738194085,-21.65));
#9015 = DIRECTION('',(-0.707106781187,0.,-0.707106781187));
#9016 = DIRECTION('',(-0.707106781187,0.,0.707106781187));
#9017 = ADVANCED_FACE('',(#9018),#9037,.T.);
#9018 = FACE_BOUND('',#9019,.T.);
#9019 = EDGE_LOOP('',(#9020,#9028,#9029,#9030));
#9020 = ORIENTED_EDGE('',*,*,#9021,.T.);
#9021 = EDGE_CURVE('',#9022,#8998,#9024,.T.);
#9022 = VERTEX_POINT('',#9023);
#9023 = CARTESIAN_POINT('',(2.622628135843,186.920907411,-22.15));
#9024 = LINE('',#9025,#9026);
#9025 = CARTESIAN_POINT('',(15.545280866753,174.71656768435,-22.15));
#9026 = VECTOR('',#9027,1.);
#9027 = DIRECTION('',(0.727024044886,-0.686611999718,0.));
#9028 = ORIENTED_EDGE('',*,*,#9007,.T.);
#9029 = ORIENTED_EDGE('',*,*,#2804,.T.);
#9030 = ORIENTED_EDGE('',*,*,#9031,.F.);
#9031 = EDGE_CURVE('',#9022,#71,#9032,.T.);
#9032 = CIRCLE('',#9033,776.66179173653);
#9033 = AXIS2_PLACEMENT_3D('',#9034,#9035,#9036);
#9034 = CARTESIAN_POINT('',(653.16616507492,-205.430366866,
    -183.5721882622));
#9035 = DIRECTION('',(0.48550800097,0.51408363227,0.707106781205));
#9036 = DIRECTION('',(-0.8376149617,0.505176485378,0.207841031939));
#9037 = PLANE('',#9038);
#9038 = AXIS2_PLACEMENT_3D('',#9039,#9040,#9041);
#9039 = CARTESIAN_POINT('',(15.201974866894,174.35305566191,-21.65));
#9040 = DIRECTION('',(-0.485508001045,-0.514083632225,-0.707106781187));
#9041 = DIRECTION('',(-0.824383528359,7.769716979578E-17,0.566031622941)
  );
#9042 = ADVANCED_FACE('',(#9043),#9063,.F.);
#9043 = FACE_BOUND('',#9044,.F.);
#9044 = EDGE_LOOP('',(#9045,#9054,#9055,#9056));
#9045 = ORIENTED_EDGE('',*,*,#9046,.T.);
#9046 = EDGE_CURVE('',#9047,#52,#9049,.T.);
#9047 = VERTEX_POINT('',#9048);
#9048 = CARTESIAN_POINT('',(-39.1110873735,173.36080124503,-22.15));
#9049 = CIRCLE('',#9050,776.66177779533);
#9050 = AXIS2_PLACEMENT_3D('',#9051,#9052,#9053);
#9051 = CARTESIAN_POINT('',(-334.7935662198,-526.4379318526,
    -183.5721854216));
#9052 = DIRECTION('',(0.694955001229,-0.130527952089,-0.70710678118));
#9053 = DIRECTION('',(0.380709450754,0.901034083439,0.207841032012));
#9054 = ORIENTED_EDGE('',*,*,#78,.F.);
#9055 = ORIENTED_EDGE('',*,*,#9031,.F.);
#9056 = ORIENTED_EDGE('',*,*,#9057,.F.);
#9057 = EDGE_CURVE('',#9047,#9022,#9058,.T.);
#9058 = CIRCLE('',#9059,88.5);
#9059 = AXIS2_PLACEMENT_3D('',#9060,#9061,#9062);
#9060 = CARTESIAN_POINT('',(8.25,98.6,-22.15));
#9061 = DIRECTION('',(0.,0.,-1.));
#9062 = DIRECTION('',(-1.,0.,0.));
#9063 = CONICAL_SURFACE('',#9064,88.,0.785398163397);
#9064 = AXIS2_PLACEMENT_3D('',#9065,#9066,#9067);
#9065 = CARTESIAN_POINT('',(8.25,98.6,-21.65));
#9066 = DIRECTION('',(0.,0.,-1.));
#9067 = DIRECTION('',(-1.,0.,0.));
#9068 = ADVANCED_FACE('',(#9069),#9087,.T.);
#9069 = FACE_BOUND('',#9070,.T.);
#9070 = EDGE_LOOP('',(#9071,#9079,#9080,#9081));
#9071 = ORIENTED_EDGE('',*,*,#9072,.T.);
#9072 = EDGE_CURVE('',#9073,#9047,#9075,.T.);
#9073 = VERTEX_POINT('',#9074);
#9074 = CARTESIAN_POINT('',(-39.77818791391,169.80903436782,-22.15));
#9075 = LINE('',#9076,#9077);
#9076 = CARTESIAN_POINT('',(-56.50977870206,80.726944991148,-22.15));
#9077 = VECTOR('',#9078,1.);
#9078 = DIRECTION('',(0.184594400151,0.98281478796,0.));
#9079 = ORIENTED_EDGE('',*,*,#9046,.T.);
#9080 = ORIENTED_EDGE('',*,*,#4198,.T.);
#9081 = ORIENTED_EDGE('',*,*,#9082,.F.);
#9082 = EDGE_CURVE('',#9073,#4199,#9083,.T.);
#9083 = LINE('',#9084,#9085);
#9084 = CARTESIAN_POINT('',(-39.77818791391,169.80903436782,-22.15));
#9085 = VECTOR('',#9086,1.);
#9086 = DIRECTION('',(0.71858132529,0.161692308247,0.676384858197));
#9087 = PLANE('',#9088);
#9088 = AXIS2_PLACEMENT_3D('',#9089,#9090,#9091);
#9089 = CARTESIAN_POINT('',(-56.01837130808,80.634647791073,-21.65));
#9090 = DIRECTION('',(0.694955001217,-0.130527952116,-0.707106781187));
#9091 = DIRECTION('',(-0.713208544401,-1.105321326315E-16,
    -0.700951904337));
#9092 = ADVANCED_FACE('',(#9093),#9104,.T.);
#9093 = FACE_BOUND('',#9094,.T.);
#9094 = EDGE_LOOP('',(#9095,#9101,#9102,#9103));
#9095 = ORIENTED_EDGE('',*,*,#9096,.T.);
#9096 = EDGE_CURVE('',#8926,#9073,#9097,.T.);
#9097 = LINE('',#9098,#9099);
#9098 = CARTESIAN_POINT('',(-15.01836219544,135.73005789489,-22.15));
#9099 = VECTOR('',#9100,1.);
#9100 = DIRECTION('',(-0.587785252292,0.809016994375,0.));
#9101 = ORIENTED_EDGE('',*,*,#9082,.T.);
#9102 = ORIENTED_EDGE('',*,*,#8825,.T.);
#9103 = ORIENTED_EDGE('',*,*,#8933,.F.);
#9104 = PLANE('',#9105);
#9105 = AXIS2_PLACEMENT_3D('',#9106,#9107,#9108);
#9106 = CARTESIAN_POINT('',(33.821187845799,69.358835022534,-21.65));
#9107 = DIRECTION('',(0.572061402818,0.415626937777,-0.707106781187));
#9108 = DIRECTION('',(-0.777437524821,-2.29212171006E-16,-0.628960169645
    ));
#9109 = ADVANCED_FACE('',(#9110),#9129,.F.);
#9110 = FACE_BOUND('',#9111,.F.);
#9111 = EDGE_LOOP('',(#9112,#9120,#9121,#9122));
#9112 = ORIENTED_EDGE('',*,*,#9113,.T.);
#9113 = EDGE_CURVE('',#9114,#4488,#9116,.T.);
#9114 = VERTEX_POINT('',#9115);
#9115 = CARTESIAN_POINT('',(-72.91868955829,131.27864494419,-21.15));
#9116 = LINE('',#9117,#9118);
#9117 = CARTESIAN_POINT('',(-72.91868955829,131.27864494419,-18.));
#9118 = VECTOR('',#9119,1.);
#9119 = DIRECTION('',(0.,0.,1.));
#9120 = ORIENTED_EDGE('',*,*,#4543,.T.);
#9121 = ORIENTED_EDGE('',*,*,#4471,.T.);
#9122 = ORIENTED_EDGE('',*,*,#9123,.T.);
#9123 = EDGE_CURVE('',#4455,#9114,#9124,.T.);
#9124 = CIRCLE('',#9125,87.5);
#9125 = AXIS2_PLACEMENT_3D('',#9126,#9127,#9128);
#9126 = CARTESIAN_POINT('',(8.25,98.6,-21.15));
#9127 = DIRECTION('',(0.,0.,1.));
#9128 = DIRECTION('',(-1.,0.,0.));
#9129 = CYLINDRICAL_SURFACE('',#9130,87.5);
#9130 = AXIS2_PLACEMENT_3D('',#9131,#9132,#9133);
#9131 = CARTESIAN_POINT('',(8.25,98.6,-18.));
#9132 = DIRECTION('',(0.,0.,-1.));
#9133 = DIRECTION('',(-1.,0.,0.));
#9134 = ADVANCED_FACE('',(#9135),#9153,.T.);
#9135 = FACE_BOUND('',#9136,.T.);
#9136 = EDGE_LOOP('',(#9137,#9145,#9146,#9147));
#9137 = ORIENTED_EDGE('',*,*,#9138,.F.);
#9138 = EDGE_CURVE('',#9114,#9139,#9141,.T.);
#9139 = VERTEX_POINT('',#9140);
#9140 = CARTESIAN_POINT('',(-71.74226495068,128.79691132571,-21.15));
#9141 = LINE('',#9142,#9143);
#9142 = CARTESIAN_POINT('',(-52.22558338608,87.625378151042,-21.15));
#9143 = VECTOR('',#9144,1.);
#9144 = DIRECTION('',(0.428344031309,-0.903615731847,0.));
#9145 = ORIENTED_EDGE('',*,*,#9113,.T.);
#9146 = ORIENTED_EDGE('',*,*,#4485,.F.);
#9147 = ORIENTED_EDGE('',*,*,#9148,.T.);
#9148 = EDGE_CURVE('',#4486,#9139,#9149,.T.);
#9149 = LINE('',#9150,#9151);
#9150 = CARTESIAN_POINT('',(-71.74226495068,128.79691132571,-18.));
#9151 = VECTOR('',#9152,1.);
#9152 = DIRECTION('',(0.,0.,-1.));
#9153 = PLANE('',#9154);
#9154 = AXIS2_PLACEMENT_3D('',#9155,#9156,#9157);
#9155 = CARTESIAN_POINT('',(-72.33047725448,130.03777813495,-18.));
#9156 = DIRECTION('',(0.903615731847,0.428344031309,0.));
#9157 = DIRECTION('',(0.,0.,-1.));
#9158 = ADVANCED_FACE('',(#9159),#9177,.T.);
#9159 = FACE_BOUND('',#9160,.T.);
#9160 = EDGE_LOOP('',(#9161,#9169,#9170,#9171));
#9161 = ORIENTED_EDGE('',*,*,#9162,.F.);
#9162 = EDGE_CURVE('',#9139,#9163,#9165,.T.);
#9163 = VERTEX_POINT('',#9164);
#9164 = CARTESIAN_POINT('',(-66.02468602391,126.93915731763,-21.15));
#9165 = LINE('',#9166,#9167);
#9166 = CARTESIAN_POINT('',(-78.98376278047,131.14981660083,-21.15));
#9167 = VECTOR('',#9168,1.);
#9168 = DIRECTION('',(0.951056516295,-0.309016994375,0.));
#9169 = ORIENTED_EDGE('',*,*,#9148,.F.);
#9170 = ORIENTED_EDGE('',*,*,#4695,.F.);
#9171 = ORIENTED_EDGE('',*,*,#9172,.F.);
#9172 = EDGE_CURVE('',#9163,#4667,#9173,.T.);
#9173 = LINE('',#9174,#9175);
#9174 = CARTESIAN_POINT('',(-66.02468602391,126.93915731763,-18.));
#9175 = VECTOR('',#9176,1.);
#9176 = DIRECTION('',(0.,0.,1.));
#9177 = PLANE('',#9178);
#9178 = AXIS2_PLACEMENT_3D('',#9179,#9180,#9181);
#9179 = CARTESIAN_POINT('',(-73.64437798327,129.41494531446,-18.));
#9180 = DIRECTION('',(0.309016994375,0.951056516295,0.));
#9181 = DIRECTION('',(0.951056516295,-0.309016994375,0.));
#9182 = ADVANCED_FACE('',(#9183),#9194,.T.);
#9183 = FACE_BOUND('',#9184,.T.);
#9184 = EDGE_LOOP('',(#9185,#9191,#9192,#9193));
#9185 = ORIENTED_EDGE('',*,*,#9186,.F.);
#9186 = EDGE_CURVE('',#9163,#3147,#9187,.T.);
#9187 = LINE('',#9188,#9189);
#9188 = CARTESIAN_POINT('',(-114.9672950923,103.95953265088,-21.15));
#9189 = VECTOR('',#9190,1.);
#9190 = DIRECTION('',(0.905190248042,0.425006605654,0.));
#9191 = ORIENTED_EDGE('',*,*,#9172,.T.);
#9192 = ORIENTED_EDGE('',*,*,#4666,.F.);
#9193 = ORIENTED_EDGE('',*,*,#3157,.T.);
#9194 = PLANE('',#9195);
#9195 = AXIS2_PLACEMENT_3D('',#9196,#9197,#9198);
#9196 = CARTESIAN_POINT('',(-64.70391782768,127.559286853,-18.));
#9197 = DIRECTION('',(-0.425006605654,0.905190248042,0.));
#9198 = DIRECTION('',(0.,0.,1.));
#9199 = ADVANCED_FACE('',(#9200),#9226,.T.);
#9200 = FACE_BOUND('',#9201,.T.);
#9201 = EDGE_LOOP('',(#9202,#9203,#9211,#9219));
#9202 = ORIENTED_EDGE('',*,*,#9138,.T.);
#9203 = ORIENTED_EDGE('',*,*,#9204,.F.);
#9204 = EDGE_CURVE('',#9205,#9139,#9207,.T.);
#9205 = VERTEX_POINT('',#9206);
#9206 = CARTESIAN_POINT('',(-72.46124046278,127.97905840646,-22.15));
#9207 = LINE('',#9208,#9209);
#9208 = CARTESIAN_POINT('',(-72.46124046278,127.97905840646,-22.15));
#9209 = VECTOR('',#9210,1.);
#9210 = DIRECTION('',(0.486304149803,0.55318333081,0.676384858197));
#9211 = ORIENTED_EDGE('',*,*,#9212,.T.);
#9212 = EDGE_CURVE('',#9205,#9213,#9215,.T.);
#9213 = VERTEX_POINT('',#9214);
#9214 = CARTESIAN_POINT('',(-74.00922097864,131.24461002963,-22.15));
#9215 = LINE('',#9216,#9217);
#9216 = CARTESIAN_POINT('',(-53.12919911793,87.197034119733,-22.15));
#9217 = VECTOR('',#9218,1.);
#9218 = DIRECTION('',(-0.428344031309,0.903615731847,0.));
#9219 = ORIENTED_EDGE('',*,*,#9220,.T.);
#9220 = EDGE_CURVE('',#9213,#9114,#9221,.T.);
#9221 = CIRCLE('',#9222,776.66179775185);
#9222 = AXIS2_PLACEMENT_3D('',#9223,#9224,#9225);
#9223 = CARTESIAN_POINT('',(98.110007911661,-608.7022771675,
    -183.5721894925));
#9224 = DIRECTION('',(0.638952811605,0.302884969093,-0.707106781214));
#9225 = DIRECTION('',(-0.221614130357,0.952727286625,0.207841031914));
#9226 = PLANE('',#9227);
#9227 = AXIS2_PLACEMENT_3D('',#9228,#9229,#9230);
#9228 = CARTESIAN_POINT('',(-52.67739125201,87.411206135388,-21.65));
#9229 = DIRECTION('',(0.638952811576,0.30288496922,-0.707106781187));
#9230 = DIRECTION('',(-0.741958717442,1.47877855497E-16,-0.670445569462)
  );
#9231 = ADVANCED_FACE('',(#9232),#9250,.T.);
#9232 = FACE_BOUND('',#9233,.T.);
#9233 = EDGE_LOOP('',(#9234,#9235,#9243,#9249));
#9234 = ORIENTED_EDGE('',*,*,#9162,.T.);
#9235 = ORIENTED_EDGE('',*,*,#9236,.F.);
#9236 = EDGE_CURVE('',#9237,#9163,#9239,.T.);
#9237 = VERTEX_POINT('',#9238);
#9238 = CARTESIAN_POINT('',(-65.95762267092,125.86590488911,-22.15));
#9239 = LINE('',#9240,#9241);
#9240 = CARTESIAN_POINT('',(-65.95762267092,125.86590488911,-22.15));
#9241 = VECTOR('',#9242,1.);
#9242 = DIRECTION('',(-4.566924131995E-02,0.73087046758,0.680986549072)
  );
#9243 = ORIENTED_EDGE('',*,*,#9244,.T.);
#9244 = EDGE_CURVE('',#9237,#9205,#9245,.T.);
#9245 = LINE('',#9246,#9247);
#9246 = CARTESIAN_POINT('',(-79.29277977485,130.19876008454,-22.15));
#9247 = VECTOR('',#9248,1.);
#9248 = DIRECTION('',(-0.951056516295,0.309016994375,0.));
#9249 = ORIENTED_EDGE('',*,*,#9204,.T.);
#9250 = PLANE('',#9251);
#9251 = AXIS2_PLACEMENT_3D('',#9252,#9253,#9254);
#9252 = CARTESIAN_POINT('',(-79.13827127766,130.67428834269,-21.65));
#9253 = DIRECTION('',(0.218508012224,0.672498511964,-0.707106781187));
#9254 = DIRECTION('',(-0.95542256322,1.399063663973E-16,-0.295241808844)
  );
#9255 = ADVANCED_FACE('',(#9256),#9275,.T.);
#9256 = FACE_BOUND('',#9257,.T.);
#9257 = EDGE_LOOP('',(#9258,#9259,#9268,#9274));
#9258 = ORIENTED_EDGE('',*,*,#9186,.T.);
#9259 = ORIENTED_EDGE('',*,*,#9260,.F.);
#9260 = EDGE_CURVE('',#9261,#3147,#9263,.T.);
#9261 = VERTEX_POINT('',#9262);
#9262 = CARTESIAN_POINT('',(-62.60562274538,127.4397421168,-22.15));
#9263 = CIRCLE('',#9264,766.28869865121);
#9264 = AXIS2_PLACEMENT_3D('',#9265,#9266,#9267);
#9265 = CARTESIAN_POINT('',(544.60862745087,572.01818401872,
    122.20800301764));
#9266 = DIRECTION('',(-0.300525052688,0.640066162814,-0.707106781135));
#9267 = DIRECTION('',(-0.792409246365,-0.580170949519,-0.188385922005));
#9268 = ORIENTED_EDGE('',*,*,#9269,.T.);
#9269 = EDGE_CURVE('',#9261,#9237,#9270,.T.);
#9270 = LINE('',#9271,#9272);
#9271 = CARTESIAN_POINT('',(-114.5422884866,103.05434240284,-22.15));
#9272 = VECTOR('',#9273,1.);
#9273 = DIRECTION('',(-0.905190248042,-0.425006605654,0.));
#9274 = ORIENTED_EDGE('',*,*,#9236,.T.);
#9275 = PLANE('',#9276);
#9276 = AXIS2_PLACEMENT_3D('',#9277,#9278,#9279);
#9277 = CARTESIAN_POINT('',(-114.7547917895,103.50693752686,-21.65));
#9278 = DIRECTION('',(-0.300525052907,0.640066162655,-0.707106781187));
#9279 = DIRECTION('',(-0.920328729999,-2.316391461004E-16,0.391145789622
    ));
#9280 = ADVANCED_FACE('',(#9281),#9301,.T.);
#9281 = FACE_BOUND('',#9282,.T.);
#9282 = EDGE_LOOP('',(#9283,#9292,#9293,#9294));
#9283 = ORIENTED_EDGE('',*,*,#9284,.T.);
#9284 = EDGE_CURVE('',#9285,#9261,#9287,.T.);
#9285 = VERTEX_POINT('',#9286);
#9286 = CARTESIAN_POINT('',(-41.0738162438,157.07573130066,-22.15));
#9287 = CIRCLE('',#9288,76.5);
#9288 = AXIS2_PLACEMENT_3D('',#9289,#9290,#9291);
#9289 = CARTESIAN_POINT('',(8.25,98.6,-22.15));
#9290 = DIRECTION('',(0.,0.,1.));
#9291 = DIRECTION('',(-1.,0.,0.));
#9292 = ORIENTED_EDGE('',*,*,#9260,.T.);
#9293 = ORIENTED_EDGE('',*,*,#3146,.T.);
#9294 = ORIENTED_EDGE('',*,*,#9295,.F.);
#9295 = EDGE_CURVE('',#9285,#3149,#9296,.T.);
#9296 = CIRCLE('',#9297,766.28870052897);
#9297 = AXIS2_PLACEMENT_3D('',#9298,#9299,#9300);
#9298 = CARTESIAN_POINT('',(-276.2535186193,-557.8016337481,
    122.20800320637));
#9299 = DIRECTION('',(0.701606443428,-8.802498811727E-02,0.707106781192)
  );
#9300 = DIRECTION('',(0.306907438689,0.932908660346,-0.18838592179));
#9301 = CONICAL_SURFACE('',#9302,77.,0.785398163397);
#9302 = AXIS2_PLACEMENT_3D('',#9303,#9304,#9305);
#9303 = CARTESIAN_POINT('',(8.25,98.6,-21.65));
#9304 = DIRECTION('',(0.,0.,1.));
#9305 = DIRECTION('',(-1.,0.,0.));
#9306 = ADVANCED_FACE('',(#9307),#9325,.T.);
#9307 = FACE_BOUND('',#9308,.T.);
#9308 = EDGE_LOOP('',(#9309,#9317,#9318,#9319));
#9309 = ORIENTED_EDGE('',*,*,#9310,.T.);
#9310 = EDGE_CURVE('',#9311,#9285,#9313,.T.);
#9311 = VERTEX_POINT('',#9312);
#9312 = CARTESIAN_POINT('',(-40.61283303496,160.7500151222,-22.15));
#9313 = LINE('',#9314,#9315);
#9314 = CARTESIAN_POINT('',(-51.32924560288,75.334449938889,-22.15));
#9315 = VECTOR('',#9316,1.);
#9316 = DIRECTION('',(-0.124486131988,-0.992221347756,0.));
#9317 = ORIENTED_EDGE('',*,*,#9295,.T.);
#9318 = ORIENTED_EDGE('',*,*,#3188,.T.);
#9319 = ORIENTED_EDGE('',*,*,#9320,.F.);
#9320 = EDGE_CURVE('',#9311,#3189,#9321,.T.);
#9321 = LINE('',#9322,#9323);
#9322 = CARTESIAN_POINT('',(-40.61283303496,160.7500151222,-22.15));
#9323 = VECTOR('',#9324,1.);
#9324 = DIRECTION('',(-0.709211692448,-0.182417365617,0.680986549072));
#9325 = PLANE('',#9326);
#9326 = AXIS2_PLACEMENT_3D('',#9327,#9328,#9329);
#9327 = CARTESIAN_POINT('',(-51.82535627676,75.396693004883,-21.65));
#9328 = DIRECTION('',(-0.701606443436,8.80249880925E-02,-0.707106781187)
  );
#9329 = DIRECTION('',(-0.709862277149,-4.738735437502E-17,0.704340505353
    ));
#9330 = ADVANCED_FACE('',(#9331),#9349,.T.);
#9331 = FACE_BOUND('',#9332,.T.);
#9332 = EDGE_LOOP('',(#9333,#9341,#9342,#9343));
#9333 = ORIENTED_EDGE('',*,*,#9334,.T.);
#9334 = EDGE_CURVE('',#9335,#9311,#9337,.T.);
#9335 = VERTEX_POINT('',#9336);
#9336 = CARTESIAN_POINT('',(-44.63228988016,166.28232285406,-22.15));
#9337 = LINE('',#9338,#9339);
#9338 = CARTESIAN_POINT('',(-16.93006460206,128.15348082446,-22.15));
#9339 = VECTOR('',#9340,1.);
#9340 = DIRECTION('',(0.587785252292,-0.809016994375,0.));
#9341 = ORIENTED_EDGE('',*,*,#9320,.T.);
#9342 = ORIENTED_EDGE('',*,*,#3219,.T.);
#9343 = ORIENTED_EDGE('',*,*,#9344,.F.);
#9344 = EDGE_CURVE('',#9335,#3220,#9345,.T.);
#9345 = LINE('',#9346,#9347);
#9346 = CARTESIAN_POINT('',(-44.63228988016,166.28232285406,-22.15));
#9347 = VECTOR('',#9348,1.);
#9348 = DIRECTION('',(-0.375832364748,-0.633445780797,0.676384858197));
#9349 = PLANE('',#9350);
#9350 = AXIS2_PLACEMENT_3D('',#9351,#9352,#9353);
#9351 = CARTESIAN_POINT('',(-17.33457309924,127.85958819831,-21.65));
#9352 = DIRECTION('',(-0.572061402818,-0.415626937777,-0.707106781187));
#9353 = DIRECTION('',(-0.777437524821,2.882202966513E-16,0.628960169645)
  );
#9354 = ADVANCED_FACE('',(#9355),#9374,.T.);
#9355 = FACE_BOUND('',#9356,.T.);
#9356 = EDGE_LOOP('',(#9357,#9365,#9366,#9367));
#9357 = ORIENTED_EDGE('',*,*,#9358,.T.);
#9358 = EDGE_CURVE('',#9359,#9335,#9361,.T.);
#9359 = VERTEX_POINT('',#9360);
#9360 = CARTESIAN_POINT('',(-48.21636631704,166.74542886319,-22.15));
#9361 = LINE('',#9362,#9363);
#9362 = CARTESIAN_POINT('',(-75.71400834471,170.29845667503,-22.15));
#9363 = VECTOR('',#9364,1.);
#9364 = DIRECTION('',(0.991755215114,-0.128146764667,0.));
#9365 = ORIENTED_EDGE('',*,*,#9344,.T.);
#9366 = ORIENTED_EDGE('',*,*,#4454,.T.);
#9367 = ORIENTED_EDGE('',*,*,#9368,.F.);
#9368 = EDGE_CURVE('',#9359,#4455,#9369,.T.);
#9369 = CIRCLE('',#9370,776.66179744668);
#9370 = AXIS2_PLACEMENT_3D('',#9371,#9372,#9373);
#9371 = CARTESIAN_POINT('',(708.70270891767,231.70647743052,
    -183.5721897013));
#9372 = DIRECTION('',(9.061344663741E-02,0.701276837915,0.707106781111)
  );
#9373 = DIRECTION('',(-0.974580026626,-8.364135944486E-02,0.207841032264
    ));
#9374 = PLANE('',#9375);
#9375 = AXIS2_PLACEMENT_3D('',#9376,#9377,#9378);
#9376 = CARTESIAN_POINT('',(-75.77808172704,169.80257906747,-21.65));
#9377 = DIRECTION('',(-9.061344628345E-02,-0.701276837884,
    -0.707106781187));
#9378 = DIRECTION('',(-0.991888964848,2.262216843389E-16,0.127107361755)
  );
#9379 = ADVANCED_FACE('',(#9380),#9392,.F.);
#9380 = FACE_BOUND('',#9381,.F.);
#9381 = EDGE_LOOP('',(#9382,#9383,#9384,#9385));
#9382 = ORIENTED_EDGE('',*,*,#9220,.T.);
#9383 = ORIENTED_EDGE('',*,*,#9123,.F.);
#9384 = ORIENTED_EDGE('',*,*,#9368,.F.);
#9385 = ORIENTED_EDGE('',*,*,#9386,.F.);
#9386 = EDGE_CURVE('',#9213,#9359,#9387,.T.);
#9387 = CIRCLE('',#9388,88.5);
#9388 = AXIS2_PLACEMENT_3D('',#9389,#9390,#9391);
#9389 = CARTESIAN_POINT('',(8.25,98.6,-22.15));
#9390 = DIRECTION('',(0.,0.,-1.));
#9391 = DIRECTION('',(-1.,0.,0.));
#9392 = CONICAL_SURFACE('',#9393,88.,0.785398163397);
#9393 = AXIS2_PLACEMENT_3D('',#9394,#9395,#9396);
#9394 = CARTESIAN_POINT('',(8.25,98.6,-21.65));
#9395 = DIRECTION('',(0.,0.,-1.));
#9396 = DIRECTION('',(-1.,0.,0.));
#9397 = ADVANCED_FACE('',(#9398),#9416,.T.);
#9398 = FACE_BOUND('',#9399,.T.);
#9399 = EDGE_LOOP('',(#9400,#9408,#9409,#9410));
#9400 = ORIENTED_EDGE('',*,*,#9401,.F.);
#9401 = EDGE_CURVE('',#4713,#9402,#9404,.T.);
#9402 = VERTEX_POINT('',#9403);
#9403 = CARTESIAN_POINT('',(-68.49682197891,77.869294812724,-21.15));
#9404 = LINE('',#9405,#9406);
#9405 = CARTESIAN_POINT('',(-110.4337116734,64.243173352208,-21.15));
#9406 = VECTOR('',#9407,1.);
#9407 = DIRECTION('',(0.951056516295,0.309016994375,0.));
#9408 = ORIENTED_EDGE('',*,*,#4736,.F.);
#9409 = ORIENTED_EDGE('',*,*,#5015,.F.);
#9410 = ORIENTED_EDGE('',*,*,#9411,.F.);
#9411 = EDGE_CURVE('',#9402,#4987,#9412,.T.);
#9412 = LINE('',#9413,#9414);
#9413 = CARTESIAN_POINT('',(-68.49682197891,77.869294812724,-18.));
#9414 = VECTOR('',#9415,1.);
#9415 = DIRECTION('',(0.,0.,1.));
#9416 = PLANE('',#9417);
#9417 = AXIS2_PLACEMENT_3D('',#9418,#9419,#9420);
#9418 = CARTESIAN_POINT('',(-76.11651393827,75.393506815901,-18.));
#9419 = DIRECTION('',(-0.309016994375,0.951056516295,0.));
#9420 = DIRECTION('',(0.951056516295,0.309016994375,0.));
#9421 = ADVANCED_FACE('',(#9422),#9440,.T.);
#9422 = FACE_BOUND('',#9423,.T.);
#9423 = EDGE_LOOP('',(#9424,#9432,#9433,#9434));
#9424 = ORIENTED_EDGE('',*,*,#9425,.F.);
#9425 = EDGE_CURVE('',#9402,#9426,#9428,.T.);
#9426 = VERTEX_POINT('',#9427);
#9427 = CARTESIAN_POINT('',(-67.08878013695,80.425341613244,-21.15));
#9428 = LINE('',#9429,#9430);
#9429 = CARTESIAN_POINT('',(-91.46760661365,36.169965416762,-21.15));
#9430 = VECTOR('',#9431,1.);
#9431 = DIRECTION('',(0.482501678878,0.875895045014,0.));
#9432 = ORIENTED_EDGE('',*,*,#9411,.T.);
#9433 = ORIENTED_EDGE('',*,*,#4986,.F.);
#9434 = ORIENTED_EDGE('',*,*,#9435,.T.);
#9435 = EDGE_CURVE('',#4954,#9426,#9436,.T.);
#9436 = LINE('',#9437,#9438);
#9437 = CARTESIAN_POINT('',(-67.08878013695,80.425341613244,-18.));
#9438 = VECTOR('',#9439,1.);
#9439 = DIRECTION('',(0.,0.,-1.));
#9440 = PLANE('',#9441);
#9441 = AXIS2_PLACEMENT_3D('',#9442,#9443,#9444);
#9442 = CARTESIAN_POINT('',(-67.79280105793,79.147318212984,-18.));
#9443 = DIRECTION('',(-0.875895045014,0.482501678878,0.));
#9444 = DIRECTION('',(0.,0.,1.));
#9445 = ADVANCED_FACE('',(#9446),#9465,.T.);
#9446 = FACE_BOUND('',#9447,.T.);
#9447 = EDGE_LOOP('',(#9448,#9457,#9458,#9459));
#9448 = ORIENTED_EDGE('',*,*,#9449,.F.);
#9449 = EDGE_CURVE('',#9426,#9450,#9452,.T.);
#9450 = VERTEX_POINT('',#9451);
#9451 = CARTESIAN_POINT('',(-67.08878013695,116.77465838675,-21.15));
#9452 = CIRCLE('',#9453,77.5);
#9453 = AXIS2_PLACEMENT_3D('',#9454,#9455,#9456);
#9454 = CARTESIAN_POINT('',(8.25,98.6,-21.15));
#9455 = DIRECTION('',(0.,0.,-1.));
#9456 = DIRECTION('',(-1.,0.,0.));
#9457 = ORIENTED_EDGE('',*,*,#9435,.F.);
#9458 = ORIENTED_EDGE('',*,*,#4953,.F.);
#9459 = ORIENTED_EDGE('',*,*,#9460,.F.);
#9460 = EDGE_CURVE('',#9450,#4921,#9461,.T.);
#9461 = LINE('',#9462,#9463);
#9462 = CARTESIAN_POINT('',(-67.08878013695,116.77465838675,-18.));
#9463 = VECTOR('',#9464,1.);
#9464 = DIRECTION('',(0.,0.,1.));
#9465 = CYLINDRICAL_SURFACE('',#9466,77.5);
#9466 = AXIS2_PLACEMENT_3D('',#9467,#9468,#9469);
#9467 = CARTESIAN_POINT('',(8.25,98.6,-18.));
#9468 = DIRECTION('',(0.,0.,-1.));
#9469 = DIRECTION('',(-1.,0.,0.));
#9470 = ADVANCED_FACE('',(#9471),#9482,.T.);
#9471 = FACE_BOUND('',#9472,.T.);
#9472 = EDGE_LOOP('',(#9473,#9479,#9480,#9481));
#9473 = ORIENTED_EDGE('',*,*,#9474,.F.);
#9474 = EDGE_CURVE('',#9450,#3107,#9475,.T.);
#9475 = LINE('',#9476,#9477);
#9476 = CARTESIAN_POINT('',(-49.79719280126,85.384890577109,-21.15));
#9477 = VECTOR('',#9478,1.);
#9478 = DIRECTION('',(-0.482501678878,0.875895045014,0.));
#9479 = ORIENTED_EDGE('',*,*,#9460,.T.);
#9480 = ORIENTED_EDGE('',*,*,#4920,.F.);
#9481 = ORIENTED_EDGE('',*,*,#3116,.T.);
#9482 = PLANE('',#9483);
#9483 = AXIS2_PLACEMENT_3D('',#9484,#9485,#9486);
#9484 = CARTESIAN_POINT('',(-67.79280105793,118.05268178701,-18.));
#9485 = DIRECTION('',(-0.875895045014,-0.482501678878,0.));
#9486 = DIRECTION('',(0.,0.,1.));
#9487 = ADVANCED_FACE('',(#9488),#9514,.T.);
#9488 = FACE_BOUND('',#9489,.T.);
#9489 = EDGE_LOOP('',(#9490,#9491,#9500,#9508));
#9490 = ORIENTED_EDGE('',*,*,#9425,.T.);
#9491 = ORIENTED_EDGE('',*,*,#9492,.F.);
#9492 = EDGE_CURVE('',#9493,#9426,#9495,.T.);
#9493 = VERTEX_POINT('',#9494);
#9494 = CARTESIAN_POINT('',(-66.02497804421,80.283951394151,-22.15));
#9495 = CIRCLE('',#9496,766.28869874769);
#9496 = AXIS2_PLACEMENT_3D('',#9497,#9498,#9499);
#9497 = CARTESIAN_POINT('',(163.90501787508,796.86704762236,
    122.2080029128));
#9498 = DIRECTION('',(-0.619351325922,0.341180209114,-0.707106781177));
#9499 = DIRECTION('',(-0.300056618733,-0.935134626674,-0.188385921845));
#9500 = ORIENTED_EDGE('',*,*,#9501,.T.);
#9501 = EDGE_CURVE('',#9493,#9502,#9504,.T.);
#9502 = VERTEX_POINT('',#9503);
#9503 = CARTESIAN_POINT('',(-67.81172463717,77.040434208652,-22.15));
#9504 = LINE('',#9505,#9506);
#9505 = CARTESIAN_POINT('',(-90.59171156864,35.687463737883,-22.15));
#9506 = VECTOR('',#9507,1.);
#9507 = DIRECTION('',(-0.482501678878,-0.875895045014,0.));
#9508 = ORIENTED_EDGE('',*,*,#9509,.T.);
#9509 = EDGE_CURVE('',#9502,#9402,#9510,.T.);
#9510 = LINE('',#9511,#9512);
#9511 = CARTESIAN_POINT('',(-67.81172463717,77.040434208652,-22.15));
#9512 = VECTOR('',#9513,1.);
#9513 = DIRECTION('',(-0.466542074528,0.564442922428,0.680986549072));
#9514 = PLANE('',#9515);
#9515 = AXIS2_PLACEMENT_3D('',#9516,#9517,#9518);
#9516 = CARTESIAN_POINT('',(-91.02965909115,35.928714577322,-21.65));
#9517 = DIRECTION('',(-0.619351325937,0.341180209069,-0.707106781187));
#9518 = DIRECTION('',(-0.752242931618,1.832436148485E-16,0.658885856451)
  );
#9519 = ADVANCED_FACE('',(#9520),#9540,.T.);
#9520 = FACE_BOUND('',#9521,.T.);
#9521 = EDGE_LOOP('',(#9522,#9523,#9532,#9539));
#9522 = ORIENTED_EDGE('',*,*,#9449,.T.);
#9523 = ORIENTED_EDGE('',*,*,#9524,.F.);
#9524 = EDGE_CURVE('',#9525,#9450,#9527,.T.);
#9525 = VERTEX_POINT('',#9526);
#9526 = CARTESIAN_POINT('',(-66.02497804421,116.91604860585,-22.15));
#9527 = CIRCLE('',#9528,766.288705161);
#9528 = AXIS2_PLACEMENT_3D('',#9529,#9530,#9531);
#9529 = CARTESIAN_POINT('',(163.90501966521,-599.6670536955,
    122.20800395794));
#9530 = DIRECTION('',(0.61935132601,0.34118020884,0.707106781232));
#9531 = DIRECTION('',(-0.300056618558,0.935134626773,-0.188385921632));
#9532 = ORIENTED_EDGE('',*,*,#9533,.T.);
#9533 = EDGE_CURVE('',#9525,#9493,#9534,.T.);
#9534 = CIRCLE('',#9535,76.5);
#9535 = AXIS2_PLACEMENT_3D('',#9536,#9537,#9538);
#9536 = CARTESIAN_POINT('',(8.25,98.6,-22.15));
#9537 = DIRECTION('',(0.,0.,1.));
#9538 = DIRECTION('',(-1.,0.,0.));
#9539 = ORIENTED_EDGE('',*,*,#9492,.T.);
#9540 = CONICAL_SURFACE('',#9541,77.,0.785398163397);
#9541 = AXIS2_PLACEMENT_3D('',#9542,#9543,#9544);
#9542 = CARTESIAN_POINT('',(8.25,98.6,-21.65));
#9543 = DIRECTION('',(0.,0.,1.));
#9544 = DIRECTION('',(-1.,0.,0.));
#9545 = ADVANCED_FACE('',(#9546),#9564,.T.);
#9546 = FACE_BOUND('',#9547,.T.);
#9547 = EDGE_LOOP('',(#9548,#9549,#9557,#9563));
#9548 = ORIENTED_EDGE('',*,*,#9474,.T.);
#9549 = ORIENTED_EDGE('',*,*,#9550,.F.);
#9550 = EDGE_CURVE('',#9551,#3107,#9553,.T.);
#9551 = VERTEX_POINT('',#9552);
#9552 = CARTESIAN_POINT('',(-67.81172463717,120.15956579134,-22.15));
#9553 = LINE('',#9554,#9555);
#9554 = CARTESIAN_POINT('',(-67.81172463717,120.15956579134,-22.15));
#9555 = VECTOR('',#9556,1.);
#9556 = DIRECTION('',(-0.466542074528,-0.564442922428,0.680986549072));
#9557 = ORIENTED_EDGE('',*,*,#9558,.T.);
#9558 = EDGE_CURVE('',#9551,#9525,#9559,.T.);
#9559 = LINE('',#9560,#9561);
#9560 = CARTESIAN_POINT('',(-48.92129775625,85.867392255987,-22.15));
#9561 = VECTOR('',#9562,1.);
#9562 = DIRECTION('',(0.482501678878,-0.875895045014,0.));
#9563 = ORIENTED_EDGE('',*,*,#9524,.T.);
#9564 = PLANE('',#9565);
#9565 = AXIS2_PLACEMENT_3D('',#9566,#9567,#9568);
#9566 = CARTESIAN_POINT('',(-49.35924527875,85.626141416548,-21.65));
#9567 = DIRECTION('',(-0.619351325937,-0.341180209069,-0.707106781187));
#9568 = DIRECTION('',(-0.752242931618,1.155833590618E-16,0.658885856451)
  );
#9569 = ADVANCED_FACE('',(#9570),#9588,.T.);
#9570 = FACE_BOUND('',#9571,.T.);
#9571 = EDGE_LOOP('',(#9572,#9580,#9581,#9582));
#9572 = ORIENTED_EDGE('',*,*,#9573,.T.);
#9573 = EDGE_CURVE('',#9574,#9551,#9576,.T.);
#9574 = VERTEX_POINT('',#9575);
#9575 = CARTESIAN_POINT('',(-74.31534242903,122.27271930869,-22.15));
#9576 = LINE('',#9577,#9578);
#9577 = CARTESIAN_POINT('',(-76.38597924512,122.94550999398,-22.15));
#9578 = VECTOR('',#9579,1.);
#9579 = DIRECTION('',(0.951056516295,-0.309016994375,0.));
#9580 = ORIENTED_EDGE('',*,*,#9550,.T.);
#9581 = ORIENTED_EDGE('',*,*,#3106,.T.);
#9582 = ORIENTED_EDGE('',*,*,#9583,.F.);
#9583 = EDGE_CURVE('',#9574,#3109,#9584,.T.);
#9584 = LINE('',#9585,#9586);
#9585 = CARTESIAN_POINT('',(-74.31534242903,122.27271930869,-22.15));
#9586 = VECTOR('',#9587,1.);
#9587 = DIRECTION('',(6.827531796167E-02,-0.733377123013,0.676384858197)
  );
#9588 = PLANE('',#9589);
#9589 = AXIS2_PLACEMENT_3D('',#9590,#9591,#9592);
#9590 = CARTESIAN_POINT('',(-76.54048774231,122.46998173584,-21.65));
#9591 = DIRECTION('',(-0.218508012224,-0.672498511964,-0.707106781187));
#9592 = DIRECTION('',(-0.95542256322,1.529880840982E-16,0.295241808844)
  );
#9593 = ADVANCED_FACE('',(#9594),#9613,.T.);
#9594 = FACE_BOUND('',#9595,.T.);
#9595 = EDGE_LOOP('',(#9596,#9604,#9605,#9606));
#9596 = ORIENTED_EDGE('',*,*,#9597,.T.);
#9597 = EDGE_CURVE('',#9598,#9574,#9600,.T.);
#9598 = VERTEX_POINT('',#9599);
#9599 = CARTESIAN_POINT('',(-77.48712805802,120.54071266759,-22.15));
#9600 = LINE('',#9601,#9602);
#9601 = CARTESIAN_POINT('',(-121.3075353042,96.611845699838,-22.15));
#9602 = VECTOR('',#9603,1.);
#9603 = DIRECTION('',(0.877669601687,0.479266178938,0.));
#9604 = ORIENTED_EDGE('',*,*,#9583,.T.);
#9605 = ORIENTED_EDGE('',*,*,#4783,.T.);
#9606 = ORIENTED_EDGE('',*,*,#9607,.F.);
#9607 = EDGE_CURVE('',#9598,#4761,#9608,.T.);
#9608 = CIRCLE('',#9609,776.66179741206);
#9609 = AXIS2_PLACEMENT_3D('',#9610,#9611,#9612);
#9610 = CARTESIAN_POINT('',(496.69012061802,618.00117489248,
    -183.5721892589));
#9611 = DIRECTION('',(-0.338892365437,0.620606126719,0.707106781276));
#9612 = DIRECTION('',(-0.739288646087,-0.640511048545,0.207841031704));
#9613 = PLANE('',#9614);
#9614 = AXIS2_PLACEMENT_3D('',#9615,#9616,#9617);
#9615 = CARTESIAN_POINT('',(-121.0679022148,96.173010898994,-21.65));
#9616 = DIRECTION('',(0.33889236512,-0.620606126995,-0.707106781187));
#9617 = DIRECTION('',(-0.9017810554,3.462863008328E-17,-0.43219316066));
#9618 = ADVANCED_FACE('',(#9619),#9639,.F.);
#9619 = FACE_BOUND('',#9620,.F.);
#9620 = EDGE_LOOP('',(#9621,#9630,#9631,#9632));
#9621 = ORIENTED_EDGE('',*,*,#9622,.T.);
#9622 = EDGE_CURVE('',#9623,#4711,#9625,.T.);
#9623 = VERTEX_POINT('',#9624);
#9624 = CARTESIAN_POINT('',(-77.48712805802,76.659287332408,-22.15));
#9625 = CIRCLE('',#9626,776.66177764158);
#9626 = AXIS2_PLACEMENT_3D('',#9627,#9628,#9629);
#9627 = CARTESIAN_POINT('',(496.69010614774,-420.8011619737,
    -183.5721854187));
#9628 = DIRECTION('',(0.338892365059,0.620606127048,-0.707106781169));
#9629 = DIRECTION('',(-0.739288646274,0.640511048215,0.20784103205));
#9630 = ORIENTED_EDGE('',*,*,#4768,.F.);
#9631 = ORIENTED_EDGE('',*,*,#9607,.F.);
#9632 = ORIENTED_EDGE('',*,*,#9633,.F.);
#9633 = EDGE_CURVE('',#9623,#9598,#9634,.T.);
#9634 = CIRCLE('',#9635,88.5);
#9635 = AXIS2_PLACEMENT_3D('',#9636,#9637,#9638);
#9636 = CARTESIAN_POINT('',(8.25,98.6,-22.15));
#9637 = DIRECTION('',(0.,0.,-1.));
#9638 = DIRECTION('',(-1.,0.,0.));
#9639 = CONICAL_SURFACE('',#9640,88.,0.785398163397);
#9640 = AXIS2_PLACEMENT_3D('',#9641,#9642,#9643);
#9641 = CARTESIAN_POINT('',(8.25,98.6,-21.65));
#9642 = DIRECTION('',(0.,0.,-1.));
#9643 = DIRECTION('',(-1.,0.,0.));
#9644 = ADVANCED_FACE('',(#9645),#9663,.T.);
#9645 = FACE_BOUND('',#9646,.T.);
#9646 = EDGE_LOOP('',(#9647,#9655,#9656,#9657));
#9647 = ORIENTED_EDGE('',*,*,#9648,.T.);
#9648 = EDGE_CURVE('',#9649,#9623,#9651,.T.);
#9649 = VERTEX_POINT('',#9650);
#9650 = CARTESIAN_POINT('',(-74.31534242903,74.927280691307,-22.15));
#9651 = LINE('',#9652,#9653);
#9652 = CARTESIAN_POINT('',(-79.83269196614,77.940121771174,-22.15));
#9653 = VECTOR('',#9654,1.);
#9654 = DIRECTION('',(-0.877669601687,0.479266178938,0.));
#9655 = ORIENTED_EDGE('',*,*,#9622,.T.);
#9656 = ORIENTED_EDGE('',*,*,#4710,.T.);
#9657 = ORIENTED_EDGE('',*,*,#9658,.F.);
#9658 = EDGE_CURVE('',#9649,#4713,#9659,.T.);
#9659 = LINE('',#9660,#9661);
#9660 = CARTESIAN_POINT('',(-74.31534242903,74.927280691307,-22.15));
#9661 = VECTOR('',#9662,1.);
#9662 = DIRECTION('',(6.827531796169E-02,0.733377123013,0.676384858197)
  );
#9663 = PLANE('',#9664);
#9664 = AXIS2_PLACEMENT_3D('',#9665,#9666,#9667);
#9665 = CARTESIAN_POINT('',(-79.59305887667,78.378956572018,-21.65));
#9666 = DIRECTION('',(0.33889236512,0.620606126995,-0.707106781187));
#9667 = DIRECTION('',(-0.9017810554,-1.62332115774E-16,-0.43219316066));
#9668 = ADVANCED_FACE('',(#9669),#9680,.T.);
#9669 = FACE_BOUND('',#9670,.T.);
#9670 = EDGE_LOOP('',(#9671,#9677,#9678,#9679));
#9671 = ORIENTED_EDGE('',*,*,#9672,.T.);
#9672 = EDGE_CURVE('',#9502,#9649,#9673,.T.);
#9673 = LINE('',#9674,#9675);
#9674 = CARTESIAN_POINT('',(-110.1246946791,63.292116835913,-22.15));
#9675 = VECTOR('',#9676,1.);
#9676 = DIRECTION('',(-0.951056516295,-0.309016994375,0.));
#9677 = ORIENTED_EDGE('',*,*,#9658,.T.);
#9678 = ORIENTED_EDGE('',*,*,#9401,.T.);
#9679 = ORIENTED_EDGE('',*,*,#9509,.F.);
#9680 = PLANE('',#9681);
#9681 = AXIS2_PLACEMENT_3D('',#9682,#9683,#9684);
#9682 = CARTESIAN_POINT('',(-110.2792031763,63.76764509406,-21.65));
#9683 = DIRECTION('',(-0.218508012224,0.672498511964,-0.707106781187));
#9684 = DIRECTION('',(-0.95542256322,3.392507910899E-16,0.295241808844)
  );
#9685 = ADVANCED_FACE('',(#9686),#9704,.T.);
#9686 = FACE_BOUND('',#9687,.T.);
#9687 = EDGE_LOOP('',(#9688,#9696,#9697,#9698));
#9688 = ORIENTED_EDGE('',*,*,#9689,.F.);
#9689 = EDGE_CURVE('',#5033,#9690,#9692,.T.);
#9690 = VERTEX_POINT('',#9691);
#9691 = CARTESIAN_POINT('',(-41.6542804665,36.717857078595,-21.15));
#9692 = LINE('',#9693,#9694);
#9693 = CARTESIAN_POINT('',(-67.56856740942,1.049901048463,-21.15));
#9694 = VECTOR('',#9695,1.);
#9695 = DIRECTION('',(0.587785252292,0.809016994375,0.));
#9696 = ORIENTED_EDGE('',*,*,#5056,.F.);
#9697 = ORIENTED_EDGE('',*,*,#5335,.F.);
#9698 = ORIENTED_EDGE('',*,*,#9699,.F.);
#9699 = EDGE_CURVE('',#9690,#5307,#9700,.T.);
#9700 = LINE('',#9701,#9702);
#9701 = CARTESIAN_POINT('',(-41.6542804665,36.717857078595,-18.));
#9702 = VECTOR('',#9703,1.);
#9703 = DIRECTION('',(0.,0.,1.));
#9704 = PLANE('',#9705);
#9705 = AXIS2_PLACEMENT_3D('',#9706,#9707,#9708);
#9706 = CARTESIAN_POINT('',(-46.36350908119,30.236159953975,-18.));
#9707 = DIRECTION('',(-0.809016994375,0.587785252292,0.));
#9708 = DIRECTION('',(0.587785252292,0.809016994375,0.));
#9709 = ADVANCED_FACE('',(#9710),#9728,.T.);
#9710 = FACE_BOUND('',#9711,.T.);
#9711 = EDGE_LOOP('',(#9712,#9720,#9721,#9722));
#9712 = ORIENTED_EDGE('',*,*,#9713,.F.);
#9713 = EDGE_CURVE('',#9690,#9714,#9716,.T.);
#9714 = VERTEX_POINT('',#9715);
#9715 = CARTESIAN_POINT('',(-42.01755730108,39.613368607947,-21.15));
#9716 = LINE('',#9717,#9718);
#9717 = CARTESIAN_POINT('',(-40.14261210154,24.66904811898,-21.15));
#9718 = VECTOR('',#9719,1.);
#9719 = DIRECTION('',(-0.124486131988,0.992221347756,0.));
#9720 = ORIENTED_EDGE('',*,*,#9699,.T.);
#9721 = ORIENTED_EDGE('',*,*,#5306,.F.);
#9722 = ORIENTED_EDGE('',*,*,#9723,.T.);
#9723 = EDGE_CURVE('',#5274,#9714,#9724,.T.);
#9724 = LINE('',#9725,#9726);
#9725 = CARTESIAN_POINT('',(-42.01755730108,39.613368607947,-18.));
#9726 = VECTOR('',#9727,1.);
#9727 = DIRECTION('',(0.,0.,-1.));
#9728 = PLANE('',#9729);
#9729 = AXIS2_PLACEMENT_3D('',#9730,#9731,#9732);
#9730 = CARTESIAN_POINT('',(-41.83591888379,38.165612843271,-18.));
#9731 = DIRECTION('',(-0.992221347756,-0.124486131988,0.));
#9732 = DIRECTION('',(0.,0.,1.));
#9733 = ADVANCED_FACE('',(#9734),#9753,.T.);
#9734 = FACE_BOUND('',#9735,.T.);
#9735 = EDGE_LOOP('',(#9736,#9745,#9746,#9747));
#9736 = ORIENTED_EDGE('',*,*,#9737,.F.);
#9737 = EDGE_CURVE('',#9714,#9738,#9740,.T.);
#9738 = VERTEX_POINT('',#9739);
#9739 = CARTESIAN_POINT('',(-63.38314963146,69.020583611637,-21.15));
#9740 = CIRCLE('',#9741,77.5);
#9741 = AXIS2_PLACEMENT_3D('',#9742,#9743,#9744);
#9742 = CARTESIAN_POINT('',(8.25,98.6,-21.15));
#9743 = DIRECTION('',(0.,0.,-1.));
#9744 = DIRECTION('',(-1.,0.,0.));
#9745 = ORIENTED_EDGE('',*,*,#9723,.F.);
#9746 = ORIENTED_EDGE('',*,*,#5273,.F.);
#9747 = ORIENTED_EDGE('',*,*,#9748,.F.);
#9748 = EDGE_CURVE('',#9738,#5241,#9749,.T.);
#9749 = LINE('',#9750,#9751);
#9750 = CARTESIAN_POINT('',(-63.38314963146,69.020583611637,-18.));
#9751 = VECTOR('',#9752,1.);
#9752 = DIRECTION('',(0.,0.,1.));
#9753 = CYLINDRICAL_SURFACE('',#9754,77.5);
#9754 = AXIS2_PLACEMENT_3D('',#9755,#9756,#9757);
#9755 = CARTESIAN_POINT('',(8.25,98.6,-18.));
#9756 = DIRECTION('',(0.,0.,-1.));
#9757 = DIRECTION('',(-1.,0.,0.));
#9758 = ADVANCED_FACE('',(#9759),#9770,.T.);
#9759 = FACE_BOUND('',#9760,.T.);
#9760 = EDGE_LOOP('',(#9761,#9767,#9768,#9769));
#9761 = ORIENTED_EDGE('',*,*,#9762,.F.);
#9762 = EDGE_CURVE('',#9738,#3067,#9763,.T.);
#9763 = LINE('',#9764,#9765);
#9764 = CARTESIAN_POINT('',(-77.0347081819,75.430288724961,-21.15));
#9765 = VECTOR('',#9766,1.);
#9766 = DIRECTION('',(-0.905190248042,0.425006605654,0.));
#9767 = ORIENTED_EDGE('',*,*,#9748,.T.);
#9768 = ORIENTED_EDGE('',*,*,#5240,.F.);
#9769 = ORIENTED_EDGE('',*,*,#3076,.T.);
#9770 = PLANE('',#9771);
#9771 = AXIS2_PLACEMENT_3D('',#9772,#9773,#9774);
#9772 = CARTESIAN_POINT('',(-64.70391782769,69.640713147,-18.));
#9773 = DIRECTION('',(-0.425006605654,-0.905190248042,0.));
#9774 = DIRECTION('',(-0.,0.,-1.));
#9775 = ADVANCED_FACE('',(#9776),#9802,.T.);
#9776 = FACE_BOUND('',#9777,.T.);
#9777 = EDGE_LOOP('',(#9778,#9779,#9788,#9796));
#9778 = ORIENTED_EDGE('',*,*,#9713,.T.);
#9779 = ORIENTED_EDGE('',*,*,#9780,.F.);
#9780 = EDGE_CURVE('',#9781,#9714,#9783,.T.);
#9781 = VERTEX_POINT('',#9782);
#9782 = CARTESIAN_POINT('',(-41.0738162438,40.124268699335,-22.15));
#9783 = CIRCLE('',#9784,766.28872309204);
#9784 = AXIS2_PLACEMENT_3D('',#9785,#9786,#9787);
#9785 = CARTESIAN_POINT('',(-276.2535255244,755.00165480569,
    122.20800744832));
#9786 = DIRECTION('',(-0.701606443432,-8.802498810697E-02,
    -0.707106781189));
#9787 = DIRECTION('',(0.306907438663,-0.932908660357,-0.188385921779));
#9788 = ORIENTED_EDGE('',*,*,#9789,.T.);
#9789 = EDGE_CURVE('',#9781,#9790,#9792,.T.);
#9790 = VERTEX_POINT('',#9791);
#9791 = CARTESIAN_POINT('',(-40.61283303496,36.449984877791,-22.15));
#9792 = LINE('',#9793,#9794);
#9793 = CARTESIAN_POINT('',(-39.15039075378,24.793534250968,-22.15));
#9794 = VECTOR('',#9795,1.);
#9795 = DIRECTION('',(0.124486131988,-0.992221347756,0.));
#9796 = ORIENTED_EDGE('',*,*,#9797,.T.);
#9797 = EDGE_CURVE('',#9790,#9690,#9798,.T.);
#9798 = LINE('',#9799,#9800);
#9799 = CARTESIAN_POINT('',(-40.61283303496,36.449984877791,-22.15));
#9800 = VECTOR('',#9801,1.);
#9801 = DIRECTION('',(-0.709211692448,0.182417365617,0.680986549072));
#9802 = PLANE('',#9803);
#9803 = AXIS2_PLACEMENT_3D('',#9804,#9805,#9806);
#9804 = CARTESIAN_POINT('',(-39.64650142766,24.731291184974,-21.65));
#9805 = DIRECTION('',(-0.701606443436,-8.802498809249E-02,
    -0.707106781187));
#9806 = DIRECTION('',(-0.709862277149,-8.651416389156E-18,0.704340505353
    ));
#9807 = ADVANCED_FACE('',(#9808),#9828,.T.);
#9808 = FACE_BOUND('',#9809,.T.);
#9809 = EDGE_LOOP('',(#9810,#9811,#9820,#9827));
#9810 = ORIENTED_EDGE('',*,*,#9737,.T.);
#9811 = ORIENTED_EDGE('',*,*,#9812,.F.);
#9812 = EDGE_CURVE('',#9813,#9738,#9815,.T.);
#9813 = VERTEX_POINT('',#9814);
#9814 = CARTESIAN_POINT('',(-62.60562274538,69.760257883195,-22.15));
#9815 = CIRCLE('',#9816,766.28872345089);
#9816 = AXIS2_PLACEMENT_3D('',#9817,#9818,#9819);
#9817 = CARTESIAN_POINT('',(544.60864705523,-374.8181985218,
    122.20800753329));
#9818 = DIRECTION('',(0.300525052894,0.640066162664,0.707106781183));
#9819 = DIRECTION('',(-0.792409246304,0.580170949669,-0.188385921801));
#9820 = ORIENTED_EDGE('',*,*,#9821,.T.);
#9821 = EDGE_CURVE('',#9813,#9781,#9822,.T.);
#9822 = CIRCLE('',#9823,76.5);
#9823 = AXIS2_PLACEMENT_3D('',#9824,#9825,#9826);
#9824 = CARTESIAN_POINT('',(8.25,98.6,-22.15));
#9825 = DIRECTION('',(0.,0.,1.));
#9826 = DIRECTION('',(-1.,0.,0.));
#9827 = ORIENTED_EDGE('',*,*,#9780,.T.);
#9828 = CONICAL_SURFACE('',#9829,77.,0.785398163397);
#9829 = AXIS2_PLACEMENT_3D('',#9830,#9831,#9832);
#9830 = CARTESIAN_POINT('',(8.25,98.6,-21.65));
#9831 = DIRECTION('',(0.,0.,1.));
#9832 = DIRECTION('',(-1.,0.,0.));
#9833 = ADVANCED_FACE('',(#9834),#9852,.T.);
#9834 = FACE_BOUND('',#9835,.T.);
#9835 = EDGE_LOOP('',(#9836,#9837,#9845,#9851));
#9836 = ORIENTED_EDGE('',*,*,#9762,.T.);
#9837 = ORIENTED_EDGE('',*,*,#9838,.F.);
#9838 = EDGE_CURVE('',#9839,#3067,#9841,.T.);
#9839 = VERTEX_POINT('',#9840);
#9840 = CARTESIAN_POINT('',(-65.95762267092,71.334095110881,-22.15));
#9841 = LINE('',#9842,#9843);
#9842 = CARTESIAN_POINT('',(-65.95762267092,71.334095110881,-22.15));
#9843 = VECTOR('',#9844,1.);
#9844 = DIRECTION('',(-4.566924131994E-02,-0.73087046758,0.680986549072)
  );
#9845 = ORIENTED_EDGE('',*,*,#9846,.T.);
#9846 = EDGE_CURVE('',#9839,#9813,#9847,.T.);
#9847 = LINE('',#9848,#9849);
#9848 = CARTESIAN_POINT('',(-76.60970157624,76.335478973004,-22.15));
#9849 = VECTOR('',#9850,1.);
#9850 = DIRECTION('',(0.905190248042,-0.425006605654,0.));
#9851 = ORIENTED_EDGE('',*,*,#9812,.T.);
#9852 = PLANE('',#9853);
#9853 = AXIS2_PLACEMENT_3D('',#9854,#9855,#9856);
#9854 = CARTESIAN_POINT('',(-76.82220487907,75.882883848983,-21.65));
#9855 = DIRECTION('',(-0.300525052907,-0.640066162655,-0.707106781187));
#9856 = DIRECTION('',(-0.920328729998,2.682665707307E-16,0.391145789622)
  );
#9857 = ADVANCED_FACE('',(#9858),#9876,.T.);
#9858 = FACE_BOUND('',#9859,.T.);
#9859 = EDGE_LOOP('',(#9860,#9868,#9869,#9870));
#9860 = ORIENTED_EDGE('',*,*,#9861,.T.);
#9861 = EDGE_CURVE('',#9862,#9839,#9864,.T.);
#9862 = VERTEX_POINT('',#9863);
#9863 = CARTESIAN_POINT('',(-72.46124046278,69.220941593536,-22.15));
#9864 = LINE('',#9865,#9866);
#9865 = CARTESIAN_POINT('',(-103.5096902168,59.132688730927,-22.15));
#9866 = VECTOR('',#9867,1.);
#9867 = DIRECTION('',(0.951056516295,0.309016994375,0.));
#9868 = ORIENTED_EDGE('',*,*,#9838,.T.);
#9869 = ORIENTED_EDGE('',*,*,#3066,.T.);
#9870 = ORIENTED_EDGE('',*,*,#9871,.F.);
#9871 = EDGE_CURVE('',#9862,#3069,#9872,.T.);
#9872 = LINE('',#9873,#9874);
#9873 = CARTESIAN_POINT('',(-72.46124046278,69.220941593536,-22.15));
#9874 = VECTOR('',#9875,1.);
#9875 = DIRECTION('',(0.486304149803,-0.55318333081,0.676384858197));
#9876 = PLANE('',#9877);
#9877 = AXIS2_PLACEMENT_3D('',#9878,#9879,#9880);
#9878 = CARTESIAN_POINT('',(-103.3551817197,58.65716047278,-21.65));
#9879 = DIRECTION('',(0.218508012224,-0.672498511964,-0.707106781187));
#9880 = DIRECTION('',(-0.95542256322,3.392507910899E-16,-0.295241808844)
  );
#9881 = ADVANCED_FACE('',(#9882),#9901,.T.);
#9882 = FACE_BOUND('',#9883,.T.);
#9883 = EDGE_LOOP('',(#9884,#9892,#9893,#9894));
#9884 = ORIENTED_EDGE('',*,*,#9885,.T.);
#9885 = EDGE_CURVE('',#9886,#9862,#9888,.T.);
#9886 = VERTEX_POINT('',#9887);
#9887 = CARTESIAN_POINT('',(-74.00922097864,65.955389970362,-22.15));
#9888 = LINE('',#9889,#9890);
#9889 = CARTESIAN_POINT('',(-91.29315788385,29.493956743268,-22.15));
#9890 = VECTOR('',#9891,1.);
#9891 = DIRECTION('',(0.428344031309,0.903615731847,0.));
#9892 = ORIENTED_EDGE('',*,*,#9871,.T.);
#9893 = ORIENTED_EDGE('',*,*,#5103,.T.);
#9894 = ORIENTED_EDGE('',*,*,#9895,.F.);
#9895 = EDGE_CURVE('',#9886,#5081,#9896,.T.);
#9896 = CIRCLE('',#9897,776.6617779319);
#9897 = AXIS2_PLACEMENT_3D('',#9898,#9899,#9900);
#9898 = CARTESIAN_POINT('',(98.110003636459,805.90225823506,
    -183.5721854749));
#9899 = DIRECTION('',(-0.638952811559,0.302884969292,0.707106781171));
#9900 = DIRECTION('',(-0.221614130508,-0.952727286561,0.207841032045));
#9901 = PLANE('',#9902);
#9902 = AXIS2_PLACEMENT_3D('',#9903,#9904,#9905);
#9903 = CARTESIAN_POINT('',(-90.84135001793,29.279784727613,-21.65));
#9904 = DIRECTION('',(0.638952811576,-0.30288496922,-0.707106781187));
#9905 = DIRECTION('',(-0.741958717442,6.993049567151E-17,-0.670445569462
    ));
#9906 = ADVANCED_FACE('',(#9907),#9927,.F.);
#9907 = FACE_BOUND('',#9908,.F.);
#9908 = EDGE_LOOP('',(#9909,#9918,#9919,#9920));
#9909 = ORIENTED_EDGE('',*,*,#9910,.T.);
#9910 = EDGE_CURVE('',#9911,#5031,#9913,.T.);
#9911 = VERTEX_POINT('',#9912);
#9912 = CARTESIAN_POINT('',(-48.21636631704,30.454571136802,-22.15));
#9913 = CIRCLE('',#9914,776.66179761467);
#9914 = AXIS2_PLACEMENT_3D('',#9915,#9916,#9917);
#9915 = CARTESIAN_POINT('',(708.70270910881,-34.50647765722,
    -183.572189522));
#9916 = DIRECTION('',(-9.061344625726E-02,0.701276837882,-0.707106781192
    ));
#9917 = DIRECTION('',(-0.974580026661,8.364135971865E-02,0.207841031988)
  );
#9918 = ORIENTED_EDGE('',*,*,#5088,.F.);
#9919 = ORIENTED_EDGE('',*,*,#9895,.F.);
#9920 = ORIENTED_EDGE('',*,*,#9921,.F.);
#9921 = EDGE_CURVE('',#9911,#9886,#9922,.T.);
#9922 = CIRCLE('',#9923,88.5);
#9923 = AXIS2_PLACEMENT_3D('',#9924,#9925,#9926);
#9924 = CARTESIAN_POINT('',(8.25,98.6,-22.15));
#9925 = DIRECTION('',(0.,0.,-1.));
#9926 = DIRECTION('',(-1.,0.,0.));
#9927 = CONICAL_SURFACE('',#9928,88.,0.785398163397);
#9928 = AXIS2_PLACEMENT_3D('',#9929,#9930,#9931);
#9929 = CARTESIAN_POINT('',(8.25,98.6,-21.65));
#9930 = DIRECTION('',(0.,0.,-1.));
#9931 = DIRECTION('',(-1.,0.,0.));
#9932 = ADVANCED_FACE('',(#9933),#9951,.T.);
#9933 = FACE_BOUND('',#9934,.T.);
#9934 = EDGE_LOOP('',(#9935,#9943,#9944,#9945));
#9935 = ORIENTED_EDGE('',*,*,#9936,.T.);
#9936 = EDGE_CURVE('',#9937,#9911,#9939,.T.);
#9937 = VERTEX_POINT('',#9938);
#9938 = CARTESIAN_POINT('',(-44.63228988016,30.917677145933,-22.15));
#9939 = LINE('',#9940,#9941);
#9940 = CARTESIAN_POINT('',(-88.24510424958,25.28237422611,-22.15));
#9941 = VECTOR('',#9942,1.);
#9942 = DIRECTION('',(-0.991755215114,-0.128146764667,0.));
#9943 = ORIENTED_EDGE('',*,*,#9910,.T.);
#9944 = ORIENTED_EDGE('',*,*,#5030,.T.);
#9945 = ORIENTED_EDGE('',*,*,#9946,.F.);
#9946 = EDGE_CURVE('',#9937,#5033,#9947,.T.);
#9947 = LINE('',#9948,#9949);
#9948 = CARTESIAN_POINT('',(-44.63228988016,30.917677145933,-22.15));
#9949 = VECTOR('',#9950,1.);
#9950 = DIRECTION('',(-0.375832364748,0.633445780797,0.676384858197));
#9951 = PLANE('',#9952);
#9952 = AXIS2_PLACEMENT_3D('',#9953,#9954,#9955);
#9953 = CARTESIAN_POINT('',(-88.30917763191,25.778251833667,-21.65));
#9954 = DIRECTION('',(-9.061344628344E-02,0.701276837884,-0.707106781187
    ));
#9955 = DIRECTION('',(-0.991888964848,2.13858383171E-16,0.127107361755)
  );
#9956 = ADVANCED_FACE('',(#9957),#9968,.T.);
#9957 = FACE_BOUND('',#9958,.T.);
#9958 = EDGE_LOOP('',(#9959,#9965,#9966,#9967));
#9959 = ORIENTED_EDGE('',*,*,#9960,.T.);
#9960 = EDGE_CURVE('',#9790,#9937,#9961,.T.);
#9961 = LINE('',#9962,#9963);
#9962 = CARTESIAN_POINT('',(-66.75955041504,0.462115796171,-22.15));
#9963 = VECTOR('',#9964,1.);
#9964 = DIRECTION('',(-0.587785252292,-0.809016994375,0.));
#9965 = ORIENTED_EDGE('',*,*,#9946,.T.);
#9966 = ORIENTED_EDGE('',*,*,#9689,.T.);
#9967 = ORIENTED_EDGE('',*,*,#9797,.F.);
#9968 = PLANE('',#9969);
#9969 = AXIS2_PLACEMENT_3D('',#9970,#9971,#9972);
#9970 = CARTESIAN_POINT('',(-67.16405891223,0.756008422317,-21.65));
#9971 = DIRECTION('',(-0.572061402818,0.415626937777,-0.707106781187));
#9972 = DIRECTION('',(-0.777437524821,-7.711124870168E-17,0.628960169645
    ));
#9973 = ADVANCED_FACE('',(#9974),#9992,.T.);
#9974 = FACE_BOUND('',#9975,.T.);
#9975 = EDGE_LOOP('',(#9976,#9984,#9985,#9986));
#9976 = ORIENTED_EDGE('',*,*,#9977,.F.);
#9977 = EDGE_CURVE('',#5353,#9978,#9980,.T.);
#9978 = VERTEX_POINT('',#9979);
#9979 = CARTESIAN_POINT('',(4.25,19.203294643764,-21.15));
#9980 = LINE('',#9981,#9982);
#9981 = CARTESIAN_POINT('',(4.25,5.595738194085,-21.15));
#9982 = VECTOR('',#9983,1.);
#9983 = DIRECTION('',(-1.2E-16,1.,0.));
#9984 = ORIENTED_EDGE('',*,*,#5376,.F.);
#9985 = ORIENTED_EDGE('',*,*,#5655,.F.);
#9986 = ORIENTED_EDGE('',*,*,#9987,.F.);
#9987 = EDGE_CURVE('',#9978,#5627,#9988,.T.);
#9988 = LINE('',#9989,#9990);
#9989 = CARTESIAN_POINT('',(4.25,19.203294643764,-18.));
#9990 = VECTOR('',#9991,1.);
#9991 = DIRECTION('',(0.,0.,1.));
#9992 = PLANE('',#9993);
#9993 = AXIS2_PLACEMENT_3D('',#9994,#9995,#9996);
#9994 = CARTESIAN_POINT('',(4.25,11.191476388169,-18.));
#9995 = DIRECTION('',(-1.,0.,0.));
#9996 = DIRECTION('',(0.,1.,0.));
#9997 = ADVANCED_FACE('',(#9998),#10016,.T.);
#9998 = FACE_BOUND('',#9999,.T.);
#9999 = EDGE_LOOP('',(#10000,#10008,#10009,#10010));
#10000 = ORIENTED_EDGE('',*,*,#10001,.F.);
#10001 = EDGE_CURVE('',#9978,#10002,#10004,.T.);
#10002 = VERTEX_POINT('',#10003);
#10003 = CARTESIAN_POINT('',(2.254163892365,21.332283912553,-21.15));
#10004 = LINE('',#10005,#10006);
#10005 = CARTESIAN_POINT('',(-22.2713384021,47.494016830821,-21.15));
#10006 = VECTOR('',#10007,1.);
#10007 = DIRECTION('',(-0.683924471563,0.729552820019,0.));
#10008 = ORIENTED_EDGE('',*,*,#9987,.T.);
#10009 = ORIENTED_EDGE('',*,*,#5626,.F.);
#10010 = ORIENTED_EDGE('',*,*,#10011,.T.);
#10011 = EDGE_CURVE('',#5594,#10002,#10012,.T.);
#10012 = LINE('',#10013,#10014);
#10013 = CARTESIAN_POINT('',(2.254163892365,21.332283912553,-18.));
#10014 = VECTOR('',#10015,1.);
#10015 = DIRECTION('',(0.,0.,-1.));
#10016 = PLANE('',#10017);
#10017 = AXIS2_PLACEMENT_3D('',#10018,#10019,#10020);
#10018 = CARTESIAN_POINT('',(3.252081946183,20.267789278158,-18.));
#10019 = DIRECTION('',(-0.729552820019,-0.683924471563,0.));
#10020 = DIRECTION('',(0.,0.,1.));
#10021 = ADVANCED_FACE('',(#10022),#10041,.T.);
#10022 = FACE_BOUND('',#10023,.T.);
#10023 = EDGE_LOOP('',(#10024,#10033,#10034,#10035));
#10024 = ORIENTED_EDGE('',*,*,#10025,.F.);
#10025 = EDGE_CURVE('',#10002,#10026,#10028,.T.);
#10026 = VERTEX_POINT('',#10027);
#10027 = CARTESIAN_POINT('',(-32.31609068796,32.564840529486,-21.15));
#10028 = CIRCLE('',#10029,77.5);
#10029 = AXIS2_PLACEMENT_3D('',#10030,#10031,#10032);
#10030 = CARTESIAN_POINT('',(8.25,98.6,-21.15));
#10031 = DIRECTION('',(0.,0.,-1.));
#10032 = DIRECTION('',(-1.,0.,0.));
#10033 = ORIENTED_EDGE('',*,*,#10011,.F.);
#10034 = ORIENTED_EDGE('',*,*,#5593,.F.);
#10035 = ORIENTED_EDGE('',*,*,#10036,.F.);
#10036 = EDGE_CURVE('',#10026,#5561,#10037,.T.);
#10037 = LINE('',#10038,#10039);
#10038 = CARTESIAN_POINT('',(-32.31609068796,32.564840529486,-18.));
#10039 = VECTOR('',#10040,1.);
#10040 = DIRECTION('',(0.,0.,1.));
#10041 = CYLINDRICAL_SURFACE('',#10042,77.5);
#10042 = AXIS2_PLACEMENT_3D('',#10043,#10044,#10045);
#10043 = CARTESIAN_POINT('',(8.25,98.6,-18.));
#10044 = DIRECTION('',(0.,0.,-1.));
#10045 = DIRECTION('',(-1.,0.,0.));
#10046 = ADVANCED_FACE('',(#10047),#10058,.T.);
#10047 = FACE_BOUND('',#10048,.T.);
#10048 = EDGE_LOOP('',(#10049,#10055,#10056,#10057));
#10049 = ORIENTED_EDGE('',*,*,#10050,.F.);
#10050 = EDGE_CURVE('',#10026,#3027,#10051,.T.);
#10051 = LINE('',#10052,#10053);
#10052 = CARTESIAN_POINT('',(-81.94843170259,23.053040418654,-21.15));
#10053 = VECTOR('',#10054,1.);
#10054 = DIRECTION('',(-0.982126908739,-0.188219911623,0.));
#10055 = ORIENTED_EDGE('',*,*,#10036,.T.);
#10056 = ORIENTED_EDGE('',*,*,#5560,.F.);
#10057 = ORIENTED_EDGE('',*,*,#3036,.T.);
#10058 = PLANE('',#10059);
#10059 = AXIS2_PLACEMENT_3D('',#10060,#10061,#10062);
#10060 = CARTESIAN_POINT('',(-33.74911759973,32.290207794871,-18.));
#10061 = DIRECTION('',(0.188219911623,-0.982126908739,0.));
#10062 = DIRECTION('',(0.,0.,-1.));
#10063 = ADVANCED_FACE('',(#10064),#10090,.T.);
#10064 = FACE_BOUND('',#10065,.T.);
#10065 = EDGE_LOOP('',(#10066,#10067,#10076,#10084));
#10066 = ORIENTED_EDGE('',*,*,#10001,.T.);
#10067 = ORIENTED_EDGE('',*,*,#10068,.F.);
#10068 = EDGE_CURVE('',#10069,#10002,#10071,.T.);
#10069 = VERTEX_POINT('',#10070);
#10070 = CARTESIAN_POINT('',(2.717366906884,22.300327844368,-22.15));
#10071 = CIRCLE('',#10072,766.28869835336);
#10072 = AXIS2_PLACEMENT_3D('',#10073,#10074,#10075);
#10073 = CARTESIAN_POINT('',(-607.7413796872,462.41310311753,
    122.20800279896));
#10074 = DIRECTION('',(-0.515871746249,-0.483607631676,-0.707106781191)
  );
#10075 = DIRECTION('',(0.796643285887,-0.574343294138,-0.188385921793));
#10076 = ORIENTED_EDGE('',*,*,#10077,.T.);
#10077 = EDGE_CURVE('',#10069,#10078,#10080,.T.);
#10078 = VERTEX_POINT('',#10079);
#10079 = CARTESIAN_POINT('',(5.25,19.598728922294,-22.15));
#10080 = LINE('',#10081,#10082);
#10081 = CARTESIAN_POINT('',(-21.54178558208,48.177941302385,-22.15));
#10082 = VECTOR('',#10083,1.);
#10083 = DIRECTION('',(0.683924471563,-0.729552820019,0.));
#10084 = ORIENTED_EDGE('',*,*,#10085,.T.);
#10085 = EDGE_CURVE('',#10078,#9978,#10086,.T.);
#10086 = LINE('',#10087,#10088);
#10087 = CARTESIAN_POINT('',(5.25,19.598728922294,-22.15));
#10088 = VECTOR('',#10089,1.);
#10089 = DIRECTION('',(-0.680986549072,-0.269285424721,0.680986549072));
#10090 = PLANE('',#10091);
#10091 = AXIS2_PLACEMENT_3D('',#10092,#10093,#10094);
#10092 = CARTESIAN_POINT('',(-21.90656199209,47.835979066603,-21.65));
#10093 = DIRECTION('',(-0.515871746269,-0.483607631662,-0.707106781187)
  );
#10094 = DIRECTION('',(-0.807858995471,-1.746578483343E-16,
    0.589375808323));
#10095 = ADVANCED_FACE('',(#10096),#10116,.T.);
#10096 = FACE_BOUND('',#10097,.T.);
#10097 = EDGE_LOOP('',(#10098,#10099,#10108,#10115));
#10098 = ORIENTED_EDGE('',*,*,#10025,.T.);
#10099 = ORIENTED_EDGE('',*,*,#10100,.F.);
#10100 = EDGE_CURVE('',#10101,#10026,#10103,.T.);
#10101 = VERTEX_POINT('',#10102);
#10102 = CARTESIAN_POINT('',(-32.12182785186,33.620268422378,-22.15));
#10103 = CIRCLE('',#10104,766.28872332169);
#10104 = AXIS2_PLACEMENT_3D('',#10105,#10106,#10107);
#10105 = CARTESIAN_POINT('',(720.4414956731,30.860334657969,
    122.20800753912));
#10106 = DIRECTION('',(-0.133091575934,0.694468597155,0.707106781173));
#10107 = DIRECTION('',(-0.982088474776,3.60168912893E-03,-0.188385921841
    ));
#10108 = ORIENTED_EDGE('',*,*,#10109,.T.);
#10109 = EDGE_CURVE('',#10101,#10069,#10110,.T.);
#10110 = CIRCLE('',#10111,76.5);
#10111 = AXIS2_PLACEMENT_3D('',#10112,#10113,#10114);
#10112 = CARTESIAN_POINT('',(8.25,98.6,-22.15));
#10113 = DIRECTION('',(0.,0.,1.));
#10114 = DIRECTION('',(-1.,0.,0.));
#10115 = ORIENTED_EDGE('',*,*,#10068,.T.);
#10116 = CONICAL_SURFACE('',#10117,77.,0.785398163397);
#10117 = AXIS2_PLACEMENT_3D('',#10118,#10119,#10120);
#10118 = CARTESIAN_POINT('',(8.25,98.6,-21.65));
#10119 = DIRECTION('',(0.,0.,1.));
#10120 = DIRECTION('',(-1.,0.,0.));
#10121 = ADVANCED_FACE('',(#10122),#10140,.T.);
#10122 = FACE_BOUND('',#10123,.T.);
#10123 = EDGE_LOOP('',(#10124,#10125,#10133,#10139));
#10124 = ORIENTED_EDGE('',*,*,#10050,.T.);
#10125 = ORIENTED_EDGE('',*,*,#10126,.F.);
#10126 = EDGE_CURVE('',#10127,#3027,#10129,.T.);
#10127 = VERTEX_POINT('',#10128);
#10128 = CARTESIAN_POINT('',(-35.75873106871,32.923273364036,-22.15));
#10129 = LINE('',#10130,#10131);
#10130 = CARTESIAN_POINT('',(-35.75873106871,32.923273364036,-22.15));
#10131 = VECTOR('',#10132,1.);
#10132 = DIRECTION('',(0.392647689832,-0.61813033549,0.680986549072));
#10133 = ORIENTED_EDGE('',*,*,#10134,.T.);
#10134 = EDGE_CURVE('',#10127,#10101,#10135,.T.);
#10135 = LINE('',#10136,#10137);
#10136 = CARTESIAN_POINT('',(-82.13665161421,24.035167327393,-22.15));
#10137 = VECTOR('',#10138,1.);
#10138 = DIRECTION('',(0.982126908739,0.188219911623,0.));
#10139 = ORIENTED_EDGE('',*,*,#10100,.T.);
#10140 = PLANE('',#10141);
#10141 = AXIS2_PLACEMENT_3D('',#10142,#10143,#10144);
#10142 = CARTESIAN_POINT('',(-82.0425416584,23.544103873024,-21.65));
#10143 = DIRECTION('',(0.133091575863,-0.694468597155,-0.707106781187));
#10144 = DIRECTION('',(-0.982743800411,3.381243474787E-19,
    -0.184971951261));
#10145 = ADVANCED_FACE('',(#10146),#10164,.T.);
#10146 = FACE_BOUND('',#10147,.T.);
#10147 = EDGE_LOOP('',(#10148,#10156,#10157,#10158));
#10148 = ORIENTED_EDGE('',*,*,#10149,.T.);
#10149 = EDGE_CURVE('',#10150,#10127,#10152,.T.);
#10150 = VERTEX_POINT('',#10151);
#10151 = CARTESIAN_POINT('',(-39.77818791391,27.390965632179,-22.15));
#10152 = LINE('',#10153,#10154);
#10153 = CARTESIAN_POINT('',(-58.96304888916,0.985269839099,-22.15));
#10154 = VECTOR('',#10155,1.);
#10155 = DIRECTION('',(0.587785252292,0.809016994375,0.));
#10156 = ORIENTED_EDGE('',*,*,#10126,.T.);
#10157 = ORIENTED_EDGE('',*,*,#3026,.T.);
#10158 = ORIENTED_EDGE('',*,*,#10159,.F.);
#10159 = EDGE_CURVE('',#10150,#3029,#10160,.T.);
#10160 = LINE('',#10161,#10162);
#10161 = CARTESIAN_POINT('',(-39.77818791391,27.390965632178,-22.15));
#10162 = VECTOR('',#10163,1.);
#10163 = DIRECTION('',(0.71858132529,-0.161692308247,0.676384858197));
#10164 = PLANE('',#10165);
#10165 = AXIS2_PLACEMENT_3D('',#10166,#10167,#10168);
#10166 = CARTESIAN_POINT('',(-10.12349884791,67.356492711464,-21.65));
#10167 = DIRECTION('',(0.572061402818,-0.415626937777,-0.707106781187));
#10168 = DIRECTION('',(-0.777437524821,2.29212171006E-16,-0.628960169645
    ));
#10169 = ADVANCED_FACE('',(#10170),#10189,.T.);
#10170 = FACE_BOUND('',#10171,.T.);
#10171 = EDGE_LOOP('',(#10172,#10180,#10181,#10182));
#10172 = ORIENTED_EDGE('',*,*,#10173,.T.);
#10173 = EDGE_CURVE('',#10174,#10150,#10176,.T.);
#10174 = VERTEX_POINT('',#10175);
#10175 = CARTESIAN_POINT('',(-39.1110873735,23.839198754967,-22.15));
#10176 = LINE('',#10177,#10178);
#10177 = CARTESIAN_POINT('',(-38.6215590265,21.232859135969,-22.15));
#10178 = VECTOR('',#10179,1.);
#10179 = DIRECTION('',(-0.184594400151,0.98281478796,0.));
#10180 = ORIENTED_EDGE('',*,*,#10159,.T.);
#10181 = ORIENTED_EDGE('',*,*,#5423,.T.);
#10182 = ORIENTED_EDGE('',*,*,#10183,.F.);
#10183 = EDGE_CURVE('',#10174,#5401,#10184,.T.);
#10184 = CIRCLE('',#10185,776.66179742494);
#10185 = AXIS2_PLACEMENT_3D('',#10186,#10187,#10188);
#10186 = CARTESIAN_POINT('',(-334.7935737036,723.63794953211,
    -183.5721895146));
#10187 = DIRECTION('',(-0.694955001229,-0.130527952087,0.70710678118));
#10188 = DIRECTION('',(0.380709450768,-0.901034083429,0.207841032029));
#10189 = PLANE('',#10190);
#10190 = AXIS2_PLACEMENT_3D('',#10191,#10192,#10193);
#10191 = CARTESIAN_POINT('',(-38.13015163252,21.325156336045,-21.65));
#10192 = DIRECTION('',(0.694955001217,0.130527952116,-0.707106781187));
#10193 = DIRECTION('',(-0.713208544401,-1.124123557174E-16,
    -0.700951904337));
#10194 = ADVANCED_FACE('',(#10195),#10215,.F.);
#10195 = FACE_BOUND('',#10196,.F.);
#10196 = EDGE_LOOP('',(#10197,#10206,#10207,#10208));
#10197 = ORIENTED_EDGE('',*,*,#10198,.T.);
#10198 = EDGE_CURVE('',#10199,#5351,#10201,.T.);
#10199 = VERTEX_POINT('',#10200);
#10200 = CARTESIAN_POINT('',(2.622628135843,10.279092589,-22.15));
#10201 = CIRCLE('',#10202,776.6617835366);
#10202 = AXIS2_PLACEMENT_3D('',#10203,#10204,#10205);
#10203 = CARTESIAN_POINT('',(653.16615819618,402.63036273785,
    -183.5721865651));
#10204 = DIRECTION('',(-0.485508000989,0.514083632259,-0.7071067812));
#10205 = DIRECTION('',(-0.837614961686,-0.505176485397,0.207841031948));
#10206 = ORIENTED_EDGE('',*,*,#5408,.F.);
#10207 = ORIENTED_EDGE('',*,*,#10183,.F.);
#10208 = ORIENTED_EDGE('',*,*,#10209,.F.);
#10209 = EDGE_CURVE('',#10199,#10174,#10210,.T.);
#10210 = CIRCLE('',#10211,88.5);
#10211 = AXIS2_PLACEMENT_3D('',#10212,#10213,#10214);
#10212 = CARTESIAN_POINT('',(8.25,98.6,-22.15));
#10213 = DIRECTION('',(0.,0.,-1.));
#10214 = DIRECTION('',(-1.,0.,0.));
#10215 = CONICAL_SURFACE('',#10216,88.,0.785398163397);
#10216 = AXIS2_PLACEMENT_3D('',#10217,#10218,#10219);
#10217 = CARTESIAN_POINT('',(8.25,98.6,-21.65));
#10218 = DIRECTION('',(0.,0.,-1.));
#10219 = DIRECTION('',(-1.,0.,0.));
#10220 = ADVANCED_FACE('',(#10221),#10239,.T.);
#10221 = FACE_BOUND('',#10222,.T.);
#10222 = EDGE_LOOP('',(#10223,#10231,#10232,#10233));
#10223 = ORIENTED_EDGE('',*,*,#10224,.T.);
#10224 = EDGE_CURVE('',#10225,#10199,#10227,.T.);
#10225 = VERTEX_POINT('',#10226);
#10226 = CARTESIAN_POINT('',(5.25,12.76042049327,-22.15));
#10227 = LINE('',#10228,#10229);
#10228 = CARTESIAN_POINT('',(-33.67420565688,-24.00016104662,-22.15));
#10229 = VECTOR('',#10230,1.);
#10230 = DIRECTION('',(-0.727024044886,-0.686611999718,0.));
#10231 = ORIENTED_EDGE('',*,*,#10198,.T.);
#10232 = ORIENTED_EDGE('',*,*,#5350,.T.);
#10233 = ORIENTED_EDGE('',*,*,#10234,.F.);
#10234 = EDGE_CURVE('',#10225,#5353,#10235,.T.);
#10235 = LINE('',#10236,#10237);
#10236 = CARTESIAN_POINT('',(5.25,12.76042049327,-22.15));
#10237 = VECTOR('',#10238,1.);
#10238 = DIRECTION('',(-0.676384858197,0.291559680346,0.676384858197));
#10239 = PLANE('',#10240);
#10240 = AXIS2_PLACEMENT_3D('',#10241,#10242,#10243);
#10241 = CARTESIAN_POINT('',(-34.01751165674,-23.63664902418,-21.65));
#10242 = DIRECTION('',(-0.485508001045,0.514083632225,-0.707106781187));
#10243 = DIRECTION('',(-0.824383528359,4.734108461744E-16,0.566031622941
    ));
#10244 = ADVANCED_FACE('',(#10245),#10256,.T.);
#10245 = FACE_BOUND('',#10246,.T.);
#10246 = EDGE_LOOP('',(#10247,#10253,#10254,#10255));
#10247 = ORIENTED_EDGE('',*,*,#10248,.T.);
#10248 = EDGE_CURVE('',#10078,#10225,#10249,.T.);
#10249 = LINE('',#10250,#10251);
#10250 = CARTESIAN_POINT('',(5.25,5.595738194085,-22.15));
#10251 = VECTOR('',#10252,1.);
#10252 = DIRECTION('',(1.2E-16,-1.,0.));
#10253 = ORIENTED_EDGE('',*,*,#10234,.T.);
#10254 = ORIENTED_EDGE('',*,*,#9977,.T.);
#10255 = ORIENTED_EDGE('',*,*,#10085,.F.);
#10256 = PLANE('',#10257);
#10257 = AXIS2_PLACEMENT_3D('',#10258,#10259,#10260);
#10258 = CARTESIAN_POINT('',(4.75,5.595738194085,-21.65));
#10259 = DIRECTION('',(-0.707106781187,0.,-0.707106781187));
#10260 = DIRECTION('',(-0.707106781187,0.,0.707106781187));
#10261 = ADVANCED_FACE('',(#10262,#10330,#10340,#10350,#10360,#10370,
    #10380,#10390,#10400,#10410,#10420),#10432,.T.);
#10262 = FACE_BOUND('',#10263,.T.);
#10263 = EDGE_LOOP('',(#10264,#10274,#10282,#10291,#10299,#10307,#10315,
    #10324));
#10264 = ORIENTED_EDGE('',*,*,#10265,.F.);
#10265 = EDGE_CURVE('',#10266,#10268,#10270,.T.);
#10266 = VERTEX_POINT('',#10267);
#10267 = CARTESIAN_POINT('',(52.258731068711,32.923273364036,-22.15));
#10268 = VERTEX_POINT('',#10269);
#10269 = CARTESIAN_POINT('',(56.278187913918,27.390965632178,-22.15));
#10270 = LINE('',#10271,#10272);
#10271 = CARTESIAN_POINT('',(31.504976941997,61.488365325949,-22.15));
#10272 = VECTOR('',#10273,1.);
#10273 = DIRECTION('',(0.587785252292,-0.809016994375,0.));
#10274 = ORIENTED_EDGE('',*,*,#10275,.F.);
#10275 = EDGE_CURVE('',#10276,#10266,#10278,.T.);
#10276 = VERTEX_POINT('',#10277);
#10277 = CARTESIAN_POINT('',(48.62182785186,33.620268422378,-22.15));
#10278 = LINE('',#10279,#10280);
#10279 = CARTESIAN_POINT('',(-32.30416909172,49.129347602629,-22.15));
#10280 = VECTOR('',#10281,1.);
#10281 = DIRECTION('',(0.982126908739,-0.188219911623,0.));
#10282 = ORIENTED_EDGE('',*,*,#10283,.F.);
#10283 = EDGE_CURVE('',#10284,#10276,#10286,.T.);
#10284 = VERTEX_POINT('',#10285);
#10285 = CARTESIAN_POINT('',(13.782633093115,22.300327844368,-22.15));
#10286 = CIRCLE('',#10287,76.5);
#10287 = AXIS2_PLACEMENT_3D('',#10288,#10289,#10290);
#10288 = CARTESIAN_POINT('',(8.25,98.6,-22.15));
#10289 = DIRECTION('',(0.,0.,1.));
#10290 = DIRECTION('',(1.,0.,-0.));
#10291 = ORIENTED_EDGE('',*,*,#10292,.F.);
#10292 = EDGE_CURVE('',#10293,#10284,#10295,.T.);
#10293 = VERTEX_POINT('',#10294);
#10294 = CARTESIAN_POINT('',(11.25,19.598728922294,-22.15));
#10295 = LINE('',#10296,#10297);
#10296 = CARTESIAN_POINT('',(-25.4556411084,-19.55574660045,-22.15));
#10297 = VECTOR('',#10298,1.);
#10298 = DIRECTION('',(0.683924471563,0.729552820019,0.));
#10299 = ORIENTED_EDGE('',*,*,#10300,.F.);
#10300 = EDGE_CURVE('',#10301,#10293,#10303,.T.);
#10301 = VERTEX_POINT('',#10302);
#10302 = CARTESIAN_POINT('',(11.25,12.76042049327,-22.15));
#10303 = LINE('',#10304,#10305);
#10304 = CARTESIAN_POINT('',(11.25,10.60164732188,-22.15));
#10305 = VECTOR('',#10306,1.);
#10306 = DIRECTION('',(-7.E-17,1.,0.));
#10307 = ORIENTED_EDGE('',*,*,#10308,.F.);
#10308 = EDGE_CURVE('',#10309,#10301,#10311,.T.);
#10309 = VERTEX_POINT('',#10310);
#10310 = CARTESIAN_POINT('',(13.877371864157,10.279092589,-22.15));
#10311 = LINE('',#10312,#10313);
#10312 = CARTESIAN_POINT('',(-21.57835216331,43.763990024209,-22.15));
#10313 = VECTOR('',#10314,1.);
#10314 = DIRECTION('',(-0.727024044886,0.686611999718,0.));
#10315 = ORIENTED_EDGE('',*,*,#10316,.F.);
#10316 = EDGE_CURVE('',#10317,#10309,#10319,.T.);
#10317 = VERTEX_POINT('',#10318);
#10318 = CARTESIAN_POINT('',(55.611087373504,23.839198754967,-22.15));
#10319 = CIRCLE('',#10320,88.5);
#10320 = AXIS2_PLACEMENT_3D('',#10321,#10322,#10323);
#10321 = CARTESIAN_POINT('',(8.25,98.6,-22.15));
#10322 = DIRECTION('',(0.,0.,-1.));
#10323 = DIRECTION('',(1.,0.,0.));
#10324 = ORIENTED_EDGE('',*,*,#10325,.F.);
#10325 = EDGE_CURVE('',#10268,#10317,#10326,.T.);
#10326 = LINE('',#10327,#10328);
#10327 = CARTESIAN_POINT('',(50.495865210516,-3.395191786524,-22.15));
#10328 = VECTOR('',#10329,1.);
#10329 = DIRECTION('',(-0.184594400151,-0.98281478796,0.));
#10330 = FACE_BOUND('',#10331,.T.);
#10331 = EDGE_LOOP('',(#10332,#10333,#10334,#10335,#10336,#10337,#10338,
    #10339));
#10332 = ORIENTED_EDGE('',*,*,#9960,.F.);
#10333 = ORIENTED_EDGE('',*,*,#9789,.F.);
#10334 = ORIENTED_EDGE('',*,*,#9821,.F.);
#10335 = ORIENTED_EDGE('',*,*,#9846,.F.);
#10336 = ORIENTED_EDGE('',*,*,#9861,.F.);
#10337 = ORIENTED_EDGE('',*,*,#9885,.F.);
#10338 = ORIENTED_EDGE('',*,*,#9921,.F.);
#10339 = ORIENTED_EDGE('',*,*,#9936,.F.);
#10340 = FACE_BOUND('',#10341,.T.);
#10341 = EDGE_LOOP('',(#10342,#10343,#10344,#10345,#10346,#10347,#10348,
    #10349));
#10342 = ORIENTED_EDGE('',*,*,#9386,.F.);
#10343 = ORIENTED_EDGE('',*,*,#9212,.F.);
#10344 = ORIENTED_EDGE('',*,*,#9244,.F.);
#10345 = ORIENTED_EDGE('',*,*,#9269,.F.);
#10346 = ORIENTED_EDGE('',*,*,#9284,.F.);
#10347 = ORIENTED_EDGE('',*,*,#9310,.F.);
#10348 = ORIENTED_EDGE('',*,*,#9334,.F.);
#10349 = ORIENTED_EDGE('',*,*,#9358,.F.);
#10350 = FACE_BOUND('',#10351,.T.);
#10351 = EDGE_LOOP('',(#10352,#10353,#10354,#10355,#10356,#10357,#10358,
    #10359));
#10352 = ORIENTED_EDGE('',*,*,#8808,.F.);
#10353 = ORIENTED_EDGE('',*,*,#8637,.F.);
#10354 = ORIENTED_EDGE('',*,*,#8669,.F.);
#10355 = ORIENTED_EDGE('',*,*,#8694,.F.);
#10356 = ORIENTED_EDGE('',*,*,#8709,.F.);
#10357 = ORIENTED_EDGE('',*,*,#8733,.F.);
#10358 = ORIENTED_EDGE('',*,*,#8769,.F.);
#10359 = ORIENTED_EDGE('',*,*,#8784,.F.);
#10360 = FACE_BOUND('',#10361,.T.);
#10361 = EDGE_LOOP('',(#10362,#10363,#10364,#10365,#10366,#10367,#10368,
    #10369));
#10362 = ORIENTED_EDGE('',*,*,#8232,.F.);
#10363 = ORIENTED_EDGE('',*,*,#8061,.F.);
#10364 = ORIENTED_EDGE('',*,*,#8093,.F.);
#10365 = ORIENTED_EDGE('',*,*,#8118,.F.);
#10366 = ORIENTED_EDGE('',*,*,#8142,.F.);
#10367 = ORIENTED_EDGE('',*,*,#8167,.F.);
#10368 = ORIENTED_EDGE('',*,*,#8193,.F.);
#10369 = ORIENTED_EDGE('',*,*,#8208,.F.);
#10370 = FACE_BOUND('',#10371,.T.);
#10371 = EDGE_LOOP('',(#10372,#10373,#10374,#10375,#10376,#10377,#10378,
    #10379));
#10372 = ORIENTED_EDGE('',*,*,#7943,.F.);
#10373 = ORIENTED_EDGE('',*,*,#7772,.F.);
#10374 = ORIENTED_EDGE('',*,*,#7804,.F.);
#10375 = ORIENTED_EDGE('',*,*,#7829,.F.);
#10376 = ORIENTED_EDGE('',*,*,#7855,.F.);
#10377 = ORIENTED_EDGE('',*,*,#7870,.F.);
#10378 = ORIENTED_EDGE('',*,*,#7894,.F.);
#10379 = ORIENTED_EDGE('',*,*,#7918,.F.);
#10380 = FACE_BOUND('',#10381,.T.);
#10381 = EDGE_LOOP('',(#10382,#10383,#10384,#10385,#10386,#10387,#10388,
    #10389));
#10382 = ORIENTED_EDGE('',*,*,#8520,.F.);
#10383 = ORIENTED_EDGE('',*,*,#8349,.F.);
#10384 = ORIENTED_EDGE('',*,*,#8381,.F.);
#10385 = ORIENTED_EDGE('',*,*,#8406,.F.);
#10386 = ORIENTED_EDGE('',*,*,#8421,.F.);
#10387 = ORIENTED_EDGE('',*,*,#8445,.F.);
#10388 = ORIENTED_EDGE('',*,*,#8481,.F.);
#10389 = ORIENTED_EDGE('',*,*,#8496,.F.);
#10390 = FACE_BOUND('',#10391,.T.);
#10391 = EDGE_LOOP('',(#10392,#10393,#10394,#10395,#10396,#10397,#10398,
    #10399));
#10392 = ORIENTED_EDGE('',*,*,#9096,.F.);
#10393 = ORIENTED_EDGE('',*,*,#8925,.F.);
#10394 = ORIENTED_EDGE('',*,*,#8957,.F.);
#10395 = ORIENTED_EDGE('',*,*,#8982,.F.);
#10396 = ORIENTED_EDGE('',*,*,#8997,.F.);
#10397 = ORIENTED_EDGE('',*,*,#9021,.F.);
#10398 = ORIENTED_EDGE('',*,*,#9057,.F.);
#10399 = ORIENTED_EDGE('',*,*,#9072,.F.);
#10400 = FACE_BOUND('',#10401,.T.);
#10401 = EDGE_LOOP('',(#10402,#10403,#10404,#10405,#10406,#10407,#10408,
    #10409));
#10402 = ORIENTED_EDGE('',*,*,#9672,.F.);
#10403 = ORIENTED_EDGE('',*,*,#9501,.F.);
#10404 = ORIENTED_EDGE('',*,*,#9533,.F.);
#10405 = ORIENTED_EDGE('',*,*,#9558,.F.);
#10406 = ORIENTED_EDGE('',*,*,#9573,.F.);
#10407 = ORIENTED_EDGE('',*,*,#9597,.F.);
#10408 = ORIENTED_EDGE('',*,*,#9633,.F.);
#10409 = ORIENTED_EDGE('',*,*,#9648,.F.);
#10410 = FACE_BOUND('',#10411,.T.);
#10411 = EDGE_LOOP('',(#10412,#10413,#10414,#10415,#10416,#10417,#10418,
    #10419));
#10412 = ORIENTED_EDGE('',*,*,#10248,.F.);
#10413 = ORIENTED_EDGE('',*,*,#10077,.F.);
#10414 = ORIENTED_EDGE('',*,*,#10109,.F.);
#10415 = ORIENTED_EDGE('',*,*,#10134,.F.);
#10416 = ORIENTED_EDGE('',*,*,#10149,.F.);
#10417 = ORIENTED_EDGE('',*,*,#10173,.F.);
#10418 = ORIENTED_EDGE('',*,*,#10209,.F.);
#10419 = ORIENTED_EDGE('',*,*,#10224,.F.);
#10420 = FACE_BOUND('',#10421,.T.);
#10421 = EDGE_LOOP('',(#10422,#10423,#10424,#10425,#10426,#10427,#10428,
    #10429,#10430,#10431));
#10422 = ORIENTED_EDGE('',*,*,#4135,.F.);
#10423 = ORIENTED_EDGE('',*,*,#757,.F.);
#10424 = ORIENTED_EDGE('',*,*,#819,.F.);
#10425 = ORIENTED_EDGE('',*,*,#3588,.F.);
#10426 = ORIENTED_EDGE('',*,*,#4077,.F.);
#10427 = ORIENTED_EDGE('',*,*,#4108,.F.);
#10428 = ORIENTED_EDGE('',*,*,#4040,.F.);
#10429 = ORIENTED_EDGE('',*,*,#4016,.F.);
#10430 = ORIENTED_EDGE('',*,*,#3991,.F.);
#10431 = ORIENTED_EDGE('',*,*,#3950,.F.);
#10432 = PLANE('',#10433);
#10433 = AXIS2_PLACEMENT_3D('',#10434,#10435,#10436);
#10434 = CARTESIAN_POINT('',(-127.5,0.,-22.15));
#10435 = DIRECTION('',(0.,0.,-1.));
#10436 = DIRECTION('',(1.,0.,0.));
#10437 = ADVANCED_FACE('',(#10438),#10456,.T.);
#10438 = FACE_BOUND('',#10439,.T.);
#10439 = EDGE_LOOP('',(#10440,#10448,#10449,#10450));
#10440 = ORIENTED_EDGE('',*,*,#10441,.F.);
#10441 = EDGE_CURVE('',#5673,#10442,#10444,.T.);
#10442 = VERTEX_POINT('',#10443);
#10443 = CARTESIAN_POINT('',(51.682144511507,32.015575060255,-21.15));
#10444 = LINE('',#10445,#10446);
#10445 = CARTESIAN_POINT('',(30.695959947622,60.900580073657,-21.15));
#10446 = VECTOR('',#10447,1.);
#10447 = DIRECTION('',(-0.587785252292,0.809016994375,0.));
#10448 = ORIENTED_EDGE('',*,*,#5696,.F.);
#10449 = ORIENTED_EDGE('',*,*,#5975,.F.);
#10450 = ORIENTED_EDGE('',*,*,#10451,.F.);
#10451 = EDGE_CURVE('',#10442,#5947,#10452,.T.);
#10452 = LINE('',#10453,#10454);
#10453 = CARTESIAN_POINT('',(51.682144511507,32.015575060255,-18.));
#10454 = VECTOR('',#10455,1.);
#10455 = DIRECTION('',(0.,0.,1.));
#10456 = PLANE('',#10457);
#10457 = AXIS2_PLACEMENT_3D('',#10458,#10459,#10460);
#10458 = CARTESIAN_POINT('',(56.391373126193,25.533877935635,-18.));
#10459 = DIRECTION('',(-0.809016994375,-0.587785252292,0.));
#10460 = DIRECTION('',(-0.587785252292,0.809016994375,0.));
#10461 = ADVANCED_FACE('',(#10462),#10480,.T.);
#10462 = FACE_BOUND('',#10463,.T.);
#10463 = EDGE_LOOP('',(#10464,#10472,#10473,#10474));
#10464 = ORIENTED_EDGE('',*,*,#10465,.F.);
#10465 = EDGE_CURVE('',#10442,#10466,#10468,.T.);
#10466 = VERTEX_POINT('',#10467);
#10467 = CARTESIAN_POINT('',(48.81609068796,32.564840529486,-21.15));
#10468 = LINE('',#10469,#10470);
#10469 = CARTESIAN_POINT('',(-32.49238900334,48.14722069389,-21.15));
#10470 = VECTOR('',#10471,1.);
#10471 = DIRECTION('',(-0.982126908739,0.188219911623,0.));
#10472 = ORIENTED_EDGE('',*,*,#10451,.T.);
#10473 = ORIENTED_EDGE('',*,*,#5946,.F.);
#10474 = ORIENTED_EDGE('',*,*,#10475,.T.);
#10475 = EDGE_CURVE('',#5914,#10466,#10476,.T.);
#10476 = LINE('',#10477,#10478);
#10477 = CARTESIAN_POINT('',(48.81609068796,32.564840529486,-18.));
#10478 = VECTOR('',#10479,1.);
#10479 = DIRECTION('',(0.,0.,-1.));
#10480 = PLANE('',#10481);
#10481 = AXIS2_PLACEMENT_3D('',#10482,#10483,#10484);
#10482 = CARTESIAN_POINT('',(50.249117599733,32.29020779487,-18.));
#10483 = DIRECTION('',(-0.188219911623,-0.982126908739,0.));
#10484 = DIRECTION('',(-0.,0.,-1.));
#10485 = ADVANCED_FACE('',(#10486),#10505,.T.);
#10486 = FACE_BOUND('',#10487,.T.);
#10487 = EDGE_LOOP('',(#10488,#10497,#10498,#10499));
#10488 = ORIENTED_EDGE('',*,*,#10489,.F.);
#10489 = EDGE_CURVE('',#10466,#10490,#10492,.T.);
#10490 = VERTEX_POINT('',#10491);
#10491 = CARTESIAN_POINT('',(14.245836107634,21.332283912552,-21.15));
#10492 = CIRCLE('',#10493,77.5);
#10493 = AXIS2_PLACEMENT_3D('',#10494,#10495,#10496);
#10494 = CARTESIAN_POINT('',(8.25,98.6,-21.15));
#10495 = DIRECTION('',(0.,0.,-1.));
#10496 = DIRECTION('',(1.,0.,0.));
#10497 = ORIENTED_EDGE('',*,*,#10475,.F.);
#10498 = ORIENTED_EDGE('',*,*,#5913,.F.);
#10499 = ORIENTED_EDGE('',*,*,#10500,.F.);
#10500 = EDGE_CURVE('',#10490,#5881,#10501,.T.);
#10501 = LINE('',#10502,#10503);
#10502 = CARTESIAN_POINT('',(14.245836107634,21.332283912552,-18.));
#10503 = VECTOR('',#10504,1.);
#10504 = DIRECTION('',(0.,0.,1.));
#10505 = CYLINDRICAL_SURFACE('',#10506,77.5);
#10506 = AXIS2_PLACEMENT_3D('',#10507,#10508,#10509);
#10507 = CARTESIAN_POINT('',(8.25,98.6,-18.));
#10508 = DIRECTION('',(0.,0.,-1.));
#10509 = DIRECTION('',(-1.,0.,0.));
#10510 = ADVANCED_FACE('',(#10511),#10522,.T.);
#10511 = FACE_BOUND('',#10512,.T.);
#10512 = EDGE_LOOP('',(#10513,#10519,#10520,#10521));
#10513 = ORIENTED_EDGE('',*,*,#10514,.F.);
#10514 = EDGE_CURVE('',#10490,#2987,#10515,.T.);
#10515 = LINE('',#10516,#10517);
#10516 = CARTESIAN_POINT('',(-24.72608828838,-20.23967107202,-21.15));
#10517 = VECTOR('',#10518,1.);
#10518 = DIRECTION('',(-0.683924471563,-0.729552820019,0.));
#10519 = ORIENTED_EDGE('',*,*,#10500,.T.);
#10520 = ORIENTED_EDGE('',*,*,#5880,.F.);
#10521 = ORIENTED_EDGE('',*,*,#2996,.T.);
#10522 = PLANE('',#10523);
#10523 = AXIS2_PLACEMENT_3D('',#10524,#10525,#10526);
#10524 = CARTESIAN_POINT('',(13.247918053817,20.267789278158,-18.));
#10525 = DIRECTION('',(0.729552820019,-0.683924471563,0.));
#10526 = DIRECTION('',(0.,0.,-1.));
#10527 = ADVANCED_FACE('',(#10528),#10545,.T.);
#10528 = FACE_BOUND('',#10529,.T.);
#10529 = EDGE_LOOP('',(#10530,#10531,#10538,#10539));
#10530 = ORIENTED_EDGE('',*,*,#10465,.T.);
#10531 = ORIENTED_EDGE('',*,*,#10532,.F.);
#10532 = EDGE_CURVE('',#10276,#10466,#10533,.T.);
#10533 = CIRCLE('',#10534,766.28869826417);
#10534 = AXIS2_PLACEMENT_3D('',#10535,#10536,#10537);
#10535 = CARTESIAN_POINT('',(-703.9414710709,30.860334680267,
    122.20800278337));
#10536 = DIRECTION('',(-0.13309157584,-0.694468597155,-0.707106781191));
#10537 = DIRECTION('',(0.982088474784,3.601689217605E-03,-0.188385921795
    ));
#10538 = ORIENTED_EDGE('',*,*,#10275,.T.);
#10539 = ORIENTED_EDGE('',*,*,#10540,.T.);
#10540 = EDGE_CURVE('',#10266,#10442,#10541,.T.);
#10541 = LINE('',#10542,#10543);
#10542 = CARTESIAN_POINT('',(52.258731068711,32.923273364036,-22.15));
#10543 = VECTOR('',#10544,1.);
#10544 = DIRECTION('',(-0.392647689832,-0.61813033549,0.680986549072));
#10545 = PLANE('',#10546);
#10546 = AXIS2_PLACEMENT_3D('',#10547,#10548,#10549);
#10547 = CARTESIAN_POINT('',(-32.39827904753,48.63828414826,-21.65));
#10548 = DIRECTION('',(-0.133091575863,-0.694468597155,-0.707106781187)
  );
#10549 = DIRECTION('',(-0.982743800411,-3.257582248298E-16,
    0.184971951261));
#10550 = ADVANCED_FACE('',(#10551),#10563,.T.);
#10551 = FACE_BOUND('',#10552,.T.);
#10552 = EDGE_LOOP('',(#10553,#10554,#10561,#10562));
#10553 = ORIENTED_EDGE('',*,*,#10489,.T.);
#10554 = ORIENTED_EDGE('',*,*,#10555,.F.);
#10555 = EDGE_CURVE('',#10284,#10490,#10556,.T.);
#10556 = CIRCLE('',#10557,766.28872328919);
#10557 = AXIS2_PLACEMENT_3D('',#10558,#10559,#10560);
#10558 = CARTESIAN_POINT('',(624.24139948938,462.4131175069,
    122.20800755617));
#10559 = DIRECTION('',(-0.515871746361,0.483607631595,0.707106781165));
#10560 = DIRECTION('',(-0.796643285805,-0.574343294227,-0.188385921871)
  );
#10561 = ORIENTED_EDGE('',*,*,#10283,.T.);
#10562 = ORIENTED_EDGE('',*,*,#10532,.T.);
#10563 = CONICAL_SURFACE('',#10564,77.,0.785398163397);
#10564 = AXIS2_PLACEMENT_3D('',#10565,#10566,#10567);
#10565 = CARTESIAN_POINT('',(8.25,98.6,-21.65));
#10566 = DIRECTION('',(0.,0.,1.));
#10567 = DIRECTION('',(-1.,0.,0.));
#10568 = ADVANCED_FACE('',(#10569),#10580,.T.);
#10569 = FACE_BOUND('',#10570,.T.);
#10570 = EDGE_LOOP('',(#10571,#10572,#10578,#10579));
#10571 = ORIENTED_EDGE('',*,*,#10514,.T.);
#10572 = ORIENTED_EDGE('',*,*,#10573,.F.);
#10573 = EDGE_CURVE('',#10293,#2987,#10574,.T.);
#10574 = LINE('',#10575,#10576);
#10575 = CARTESIAN_POINT('',(11.25,19.598728922294,-22.15));
#10576 = VECTOR('',#10577,1.);
#10577 = DIRECTION('',(0.680986549072,-0.269285424721,0.680986549072));
#10578 = ORIENTED_EDGE('',*,*,#10292,.T.);
#10579 = ORIENTED_EDGE('',*,*,#10555,.T.);
#10580 = PLANE('',#10581);
#10581 = AXIS2_PLACEMENT_3D('',#10582,#10583,#10584);
#10582 = CARTESIAN_POINT('',(-25.09086469839,-19.89770883624,-21.65));
#10583 = DIRECTION('',(0.515871746269,-0.483607631662,-0.707106781187));
#10584 = DIRECTION('',(-0.807858995471,-7.24599726988E-17,
    -0.589375808323));
#10585 = ADVANCED_FACE('',(#10586),#10597,.T.);
#10586 = FACE_BOUND('',#10587,.T.);
#10587 = EDGE_LOOP('',(#10588,#10589,#10590,#10591));
#10588 = ORIENTED_EDGE('',*,*,#10300,.T.);
#10589 = ORIENTED_EDGE('',*,*,#10573,.T.);
#10590 = ORIENTED_EDGE('',*,*,#2986,.T.);
#10591 = ORIENTED_EDGE('',*,*,#10592,.F.);
#10592 = EDGE_CURVE('',#10301,#2989,#10593,.T.);
#10593 = LINE('',#10594,#10595);
#10594 = CARTESIAN_POINT('',(11.25,12.76042049327,-22.15));
#10595 = VECTOR('',#10596,1.);
#10596 = DIRECTION('',(0.676384858197,0.291559680346,0.676384858197));
#10597 = PLANE('',#10598);
#10598 = AXIS2_PLACEMENT_3D('',#10599,#10600,#10601);
#10599 = CARTESIAN_POINT('',(11.75,10.60164732188,-21.65));
#10600 = DIRECTION('',(0.707106781187,0.,-0.707106781187));
#10601 = DIRECTION('',(-0.707106781187,0.,-0.707106781187));
#10602 = ADVANCED_FACE('',(#10603),#10615,.T.);
#10603 = FACE_BOUND('',#10604,.T.);
#10604 = EDGE_LOOP('',(#10605,#10606,#10607,#10608));
#10605 = ORIENTED_EDGE('',*,*,#10308,.T.);
#10606 = ORIENTED_EDGE('',*,*,#10592,.T.);
#10607 = ORIENTED_EDGE('',*,*,#5743,.T.);
#10608 = ORIENTED_EDGE('',*,*,#10609,.F.);
#10609 = EDGE_CURVE('',#10309,#5721,#10610,.T.);
#10610 = CIRCLE('',#10611,776.6617776327);
#10611 = AXIS2_PLACEMENT_3D('',#10612,#10613,#10614);
#10612 = CARTESIAN_POINT('',(-636.6661532149,402.6303597959,
    -183.5721853847));
#10613 = DIRECTION('',(-0.485508001066,-0.514083632212,0.707106781181));
#10614 = DIRECTION('',(0.83761496164,-0.505176485449,0.207841032008));
#10615 = PLANE('',#10616);
#10616 = AXIS2_PLACEMENT_3D('',#10617,#10618,#10619);
#10617 = CARTESIAN_POINT('',(-21.23504616345,44.127502046653,-21.65));
#10618 = DIRECTION('',(0.485508001045,0.514083632225,-0.707106781187));
#10619 = DIRECTION('',(-0.824383528359,1.8803446546E-16,-0.566031622941)
  );
#10620 = ADVANCED_FACE('',(#10621),#10633,.F.);
#10621 = FACE_BOUND('',#10622,.F.);
#10622 = EDGE_LOOP('',(#10623,#10630,#10631,#10632));
#10623 = ORIENTED_EDGE('',*,*,#10624,.T.);
#10624 = EDGE_CURVE('',#10317,#5671,#10625,.T.);
#10625 = CIRCLE('',#10626,776.66177747853);
#10626 = AXIS2_PLACEMENT_3D('',#10627,#10628,#10629);
#10627 = CARTESIAN_POINT('',(351.29356610063,723.63793156711,
    -183.5721853538));
#10628 = DIRECTION('',(-0.694955001227,0.130527952091,-0.707106781181));
#10629 = DIRECTION('',(-0.380709450756,-0.901034083439,0.20784103201));
#10630 = ORIENTED_EDGE('',*,*,#5728,.F.);
#10631 = ORIENTED_EDGE('',*,*,#10609,.F.);
#10632 = ORIENTED_EDGE('',*,*,#10316,.F.);
#10633 = CONICAL_SURFACE('',#10634,88.,0.785398163397);
#10634 = AXIS2_PLACEMENT_3D('',#10635,#10636,#10637);
#10635 = CARTESIAN_POINT('',(8.25,98.6,-21.65));
#10636 = DIRECTION('',(0.,0.,-1.));
#10637 = DIRECTION('',(-1.,0.,0.));
#10638 = ADVANCED_FACE('',(#10639),#10650,.T.);
#10639 = FACE_BOUND('',#10640,.T.);
#10640 = EDGE_LOOP('',(#10641,#10642,#10643,#10644));
#10641 = ORIENTED_EDGE('',*,*,#10325,.T.);
#10642 = ORIENTED_EDGE('',*,*,#10624,.T.);
#10643 = ORIENTED_EDGE('',*,*,#5670,.T.);
#10644 = ORIENTED_EDGE('',*,*,#10645,.F.);
#10645 = EDGE_CURVE('',#10268,#5673,#10646,.T.);
#10646 = LINE('',#10647,#10648);
#10647 = CARTESIAN_POINT('',(56.278187913918,27.390965632178,-22.15));
#10648 = VECTOR('',#10649,1.);
#10649 = DIRECTION('',(-0.71858132529,-0.161692308247,0.676384858197));
#10650 = PLANE('',#10651);
#10651 = AXIS2_PLACEMENT_3D('',#10652,#10653,#10654);
#10652 = CARTESIAN_POINT('',(50.004457816536,-3.302894586449,-21.65));
#10653 = DIRECTION('',(-0.694955001217,0.130527952116,-0.707106781187));
#10654 = DIRECTION('',(-0.713208544401,-2.072608414995E-17,
    0.700951904337));
#10655 = ADVANCED_FACE('',(#10656),#10662,.T.);
#10656 = FACE_BOUND('',#10657,.T.);
#10657 = EDGE_LOOP('',(#10658,#10659,#10660,#10661));
#10658 = ORIENTED_EDGE('',*,*,#10265,.T.);
#10659 = ORIENTED_EDGE('',*,*,#10645,.T.);
#10660 = ORIENTED_EDGE('',*,*,#10441,.T.);
#10661 = ORIENTED_EDGE('',*,*,#10540,.F.);
#10662 = PLANE('',#10663);
#10663 = AXIS2_PLACEMENT_3D('',#10664,#10665,#10666);
#10664 = CARTESIAN_POINT('',(-17.33457309924,127.85958819831,-21.65));
#10665 = DIRECTION('',(-0.572061402818,-0.415626937777,-0.707106781187)
  );
#10666 = DIRECTION('',(-0.777437524821,2.882202966513E-16,0.628960169645
    ));
#10667 = ADVANCED_FACE('',(#10668),#10734,.T.);
#10668 = FACE_BOUND('',#10669,.T.);
#10669 = EDGE_LOOP('',(#10670,#10680,#10688,#10696,#10704,#10712,#10720,
    #10728));
#10670 = ORIENTED_EDGE('',*,*,#10671,.F.);
#10671 = EDGE_CURVE('',#10672,#10674,#10676,.T.);
#10672 = VERTEX_POINT('',#10673);
#10673 = CARTESIAN_POINT('',(-95.,41.435533905933,-8.));
#10674 = VERTEX_POINT('',#10675);
#10675 = CARTESIAN_POINT('',(-95.,38.607106781187,-8.));
#10676 = LINE('',#10677,#10678);
#10677 = CARTESIAN_POINT('',(-95.,24.7,-8.));
#10678 = VECTOR('',#10679,1.);
#10679 = DIRECTION('',(0.,-1.,0.));
#10680 = ORIENTED_EDGE('',*,*,#10681,.F.);
#10681 = EDGE_CURVE('',#10682,#10672,#10684,.T.);
#10682 = VERTEX_POINT('',#10683);
#10683 = CARTESIAN_POINT('',(-97.,43.435533905933,-8.));
#10684 = LINE('',#10685,#10686);
#10685 = CARTESIAN_POINT('',(-98.41789321881,44.853427124746,-8.));
#10686 = VECTOR('',#10687,1.);
#10687 = DIRECTION('',(0.707106781187,-0.707106781187,0.));
#10688 = ORIENTED_EDGE('',*,*,#10689,.F.);
#10689 = EDGE_CURVE('',#10690,#10682,#10692,.T.);
#10690 = VERTEX_POINT('',#10691);
#10691 = CARTESIAN_POINT('',(-97.,55.364466094067,-8.));
#10692 = LINE('',#10693,#10694);
#10693 = CARTESIAN_POINT('',(-97.,52.27867965644,-8.));
#10694 = VECTOR('',#10695,1.);
#10695 = DIRECTION('',(0.,-1.,0.));
#10696 = ORIENTED_EDGE('',*,*,#10697,.F.);
#10697 = EDGE_CURVE('',#10698,#10690,#10700,.T.);
#10698 = VERTEX_POINT('',#10699);
#10699 = CARTESIAN_POINT('',(-95.,57.364466094067,-8.));
#10700 = LINE('',#10701,#10702);
#10701 = CARTESIAN_POINT('',(-97.41789321881,54.946572875254,-8.));
#10702 = VECTOR('',#10703,1.);
#10703 = DIRECTION('',(-0.707106781187,-0.707106781187,0.));
#10704 = ORIENTED_EDGE('',*,*,#10705,.F.);
#10705 = EDGE_CURVE('',#10706,#10698,#10708,.T.);
#10706 = VERTEX_POINT('',#10707);
#10707 = CARTESIAN_POINT('',(-95.,60.192893218814,-8.));
#10708 = LINE('',#10709,#10710);
#10709 = CARTESIAN_POINT('',(-95.,24.7,-8.));
#10710 = VECTOR('',#10711,1.);
#10711 = DIRECTION('',(0.,-1.,0.));
#10712 = ORIENTED_EDGE('',*,*,#10713,.F.);
#10713 = EDGE_CURVE('',#10714,#10706,#10716,.T.);
#10714 = VERTEX_POINT('',#10715);
#10715 = CARTESIAN_POINT('',(-99.,56.192893218814,-8.));
#10716 = LINE('',#10717,#10718);
#10717 = CARTESIAN_POINT('',(-100.2714466094,54.921446609407,-8.));
#10718 = VECTOR('',#10719,1.);
#10719 = DIRECTION('',(0.707106781187,0.707106781187,0.));
#10720 = ORIENTED_EDGE('',*,*,#10721,.F.);
#10721 = EDGE_CURVE('',#10722,#10714,#10724,.T.);
#10722 = VERTEX_POINT('',#10723);
#10723 = CARTESIAN_POINT('',(-99.,42.607106781187,-8.));
#10724 = LINE('',#10725,#10726);
#10725 = CARTESIAN_POINT('',(-99.,45.9,-8.));
#10726 = VECTOR('',#10727,1.);
#10727 = DIRECTION('',(0.,1.,0.));
#10728 = ORIENTED_EDGE('',*,*,#10729,.F.);
#10729 = EDGE_CURVE('',#10674,#10722,#10730,.T.);
#10730 = LINE('',#10731,#10732);
#10731 = CARTESIAN_POINT('',(-97.7714466094,41.378553390593,-8.));
#10732 = VECTOR('',#10733,1.);
#10733 = DIRECTION('',(-0.707106781187,0.707106781187,0.));
#10734 = PLANE('',#10735);
#10735 = AXIS2_PLACEMENT_3D('',#10736,#10737,#10738);
#10736 = CARTESIAN_POINT('',(-97.,49.4,-8.));
#10737 = DIRECTION('',(0.,0.,1.));
#10738 = DIRECTION('',(1.,0.,-0.));
#10739 = ADVANCED_FACE('',(#10740),#10774,.T.);
#10740 = FACE_BOUND('',#10741,.T.);
#10741 = EDGE_LOOP('',(#10742,#10752,#10760,#10768));
#10742 = ORIENTED_EDGE('',*,*,#10743,.F.);
#10743 = EDGE_CURVE('',#10744,#10746,#10748,.T.);
#10744 = VERTEX_POINT('',#10745);
#10745 = CARTESIAN_POINT('',(-94.85355339059,37.753553390593,-8.5));
#10746 = VERTEX_POINT('',#10747);
#10747 = CARTESIAN_POINT('',(-94.85355339059,37.753553390593,
    -15.03407417371));
#10748 = LINE('',#10749,#10750);
#10749 = CARTESIAN_POINT('',(-94.85355339059,37.753553390593,-15.075));
#10750 = VECTOR('',#10751,1.);
#10751 = DIRECTION('',(-8.E-16,8.E-16,-1.));
#10752 = ORIENTED_EDGE('',*,*,#10753,.F.);
#10753 = EDGE_CURVE('',#10754,#10744,#10756,.T.);
#10754 = VERTEX_POINT('',#10755);
#10755 = CARTESIAN_POINT('',(-99.1464466094,42.046446609407,-8.5));
#10756 = LINE('',#10757,#10758);
#10757 = CARTESIAN_POINT('',(-98.125,41.025,-8.5));
#10758 = VECTOR('',#10759,1.);
#10759 = DIRECTION('',(0.707106781187,-0.707106781187,0.));
#10760 = ORIENTED_EDGE('',*,*,#10761,.F.);
#10761 = EDGE_CURVE('',#10762,#10754,#10764,.T.);
#10762 = VERTEX_POINT('',#10763);
#10763 = CARTESIAN_POINT('',(-99.1464466094,42.046446609407,
    -10.74118095489));
#10764 = LINE('',#10765,#10766);
#10765 = CARTESIAN_POINT('',(-99.1464466094,42.046446609407,-8.));
#10766 = VECTOR('',#10767,1.);
#10767 = DIRECTION('',(0.,0.,1.));
#10768 = ORIENTED_EDGE('',*,*,#10769,.F.);
#10769 = EDGE_CURVE('',#10746,#10762,#10770,.T.);
#10770 = LINE('',#10771,#10772);
#10771 = CARTESIAN_POINT('',(-98.21846483909,41.11846483909,
    -11.66916272521));
#10772 = VECTOR('',#10773,1.);
#10773 = DIRECTION('',(-0.57735026919,0.57735026919,0.57735026919));
#10774 = PLANE('',#10775);
#10775 = AXIS2_PLACEMENT_3D('',#10776,#10777,#10778);
#10776 = CARTESIAN_POINT('',(-99.5,42.4,8.));
#10777 = DIRECTION('',(-0.707106781187,-0.707106781187,0.));
#10778 = DIRECTION('',(0.707106781187,-0.707106781187,0.));
#10779 = ADVANCED_FACE('',(#10780),#10814,.T.);
#10780 = FACE_BOUND('',#10781,.T.);
#10781 = EDGE_LOOP('',(#10782,#10792,#10800,#10808));
#10782 = ORIENTED_EDGE('',*,*,#10783,.F.);
#10783 = EDGE_CURVE('',#10784,#10786,#10788,.T.);
#10784 = VERTEX_POINT('',#10785);
#10785 = CARTESIAN_POINT('',(-94.85355339059,41.996194077713,
    -15.03407417371));
#10786 = VERTEX_POINT('',#10787);
#10787 = CARTESIAN_POINT('',(-94.85355339059,41.996194077713,-8.5));
#10788 = LINE('',#10789,#10790);
#10789 = CARTESIAN_POINT('',(-94.85355339059,41.996194077713,-15.075));
#10790 = VECTOR('',#10791,1.);
#10791 = DIRECTION('',(8.E-16,-8.E-16,1.));
#10792 = ORIENTED_EDGE('',*,*,#10793,.F.);
#10793 = EDGE_CURVE('',#10794,#10784,#10796,.T.);
#10794 = VERTEX_POINT('',#10795);
#10795 = CARTESIAN_POINT('',(-96.1464466094,43.289087296526,
    -13.74118095489));
#10796 = LINE('',#10797,#10798);
#10797 = CARTESIAN_POINT('',(-98.17802472457,45.32066541169,
    -11.70960283973));
#10798 = VECTOR('',#10799,1.);
#10799 = DIRECTION('',(0.57735026919,-0.57735026919,-0.57735026919));
#10800 = ORIENTED_EDGE('',*,*,#10801,.F.);
#10801 = EDGE_CURVE('',#10802,#10794,#10804,.T.);
#10802 = VERTEX_POINT('',#10803);
#10803 = CARTESIAN_POINT('',(-96.1464466094,43.289087296526,-8.5));
#10804 = LINE('',#10805,#10806);
#10805 = CARTESIAN_POINT('',(-96.1464466094,43.289087296526,-8.));
#10806 = VECTOR('',#10807,1.);
#10807 = DIRECTION('',(0.,0.,-1.));
#10808 = ORIENTED_EDGE('',*,*,#10809,.F.);
#10809 = EDGE_CURVE('',#10786,#10802,#10810,.T.);
#10810 = LINE('',#10811,#10812);
#10811 = CARTESIAN_POINT('',(-98.06433982822,45.20698051534,-8.5));
#10812 = VECTOR('',#10813,1.);
#10813 = DIRECTION('',(-0.707106781187,0.707106781187,0.));
#10814 = PLANE('',#10815);
#10815 = AXIS2_PLACEMENT_3D('',#10816,#10817,#10818);
#10816 = CARTESIAN_POINT('',(-94.5,41.642640687119,8.));
#10817 = DIRECTION('',(0.707106781187,0.707106781187,0.));
#10818 = DIRECTION('',(-0.707106781187,0.707106781187,0.));
#10819 = ADVANCED_FACE('',(#10820),#10854,.T.);
#10820 = FACE_BOUND('',#10821,.T.);
#10821 = EDGE_LOOP('',(#10822,#10832,#10840,#10848));
#10822 = ORIENTED_EDGE('',*,*,#10823,.F.);
#10823 = EDGE_CURVE('',#10824,#10826,#10828,.T.);
#10824 = VERTEX_POINT('',#10825);
#10825 = CARTESIAN_POINT('',(-96.5,44.142640687119,-13.5));
#10826 = VERTEX_POINT('',#10827);
#10827 = CARTESIAN_POINT('',(-96.5,44.142640687119,-8.5));
#10828 = LINE('',#10829,#10830);
#10829 = CARTESIAN_POINT('',(-96.5,44.142640687119,-8.));
#10830 = VECTOR('',#10831,1.);
#10831 = DIRECTION('',(0.,0.,1.));
#10832 = ORIENTED_EDGE('',*,*,#10833,.F.);
#10833 = EDGE_CURVE('',#10834,#10824,#10836,.T.);
#10834 = VERTEX_POINT('',#10835);
#10835 = CARTESIAN_POINT('',(-96.5,54.657359312881,-13.5));
#10836 = LINE('',#10837,#10838);
#10837 = CARTESIAN_POINT('',(-96.5,52.27867965644,-13.5));
#10838 = VECTOR('',#10839,1.);
#10839 = DIRECTION('',(0.,-1.,0.));
#10840 = ORIENTED_EDGE('',*,*,#10841,.F.);
#10841 = EDGE_CURVE('',#10842,#10834,#10844,.T.);
#10842 = VERTEX_POINT('',#10843);
#10843 = CARTESIAN_POINT('',(-96.5,54.657359312881,-8.5));
#10844 = LINE('',#10845,#10846);
#10845 = CARTESIAN_POINT('',(-96.5,54.657359312881,-8.));
#10846 = VECTOR('',#10847,1.);
#10847 = DIRECTION('',(0.,0.,-1.));
#10848 = ORIENTED_EDGE('',*,*,#10849,.F.);
#10849 = EDGE_CURVE('',#10826,#10842,#10850,.T.);
#10850 = LINE('',#10851,#10852);
#10851 = CARTESIAN_POINT('',(-96.5,52.27867965644,-8.5));
#10852 = VECTOR('',#10853,1.);
#10853 = DIRECTION('',(0.,1.,0.));
#10854 = PLANE('',#10855);
#10855 = AXIS2_PLACEMENT_3D('',#10856,#10857,#10858);
#10856 = CARTESIAN_POINT('',(-96.5,43.642640687119,8.));
#10857 = DIRECTION('',(1.,0.,0.));
#10858 = DIRECTION('',(-0.,1.,0.));
#10859 = ADVANCED_FACE('',(#10860),#10894,.T.);
#10860 = FACE_BOUND('',#10861,.T.);
#10861 = EDGE_LOOP('',(#10862,#10872,#10880,#10888));
#10862 = ORIENTED_EDGE('',*,*,#10863,.F.);
#10863 = EDGE_CURVE('',#10864,#10866,#10868,.T.);
#10864 = VERTEX_POINT('',#10865);
#10865 = CARTESIAN_POINT('',(-99.5,55.9,-8.5));
#10866 = VERTEX_POINT('',#10867);
#10867 = CARTESIAN_POINT('',(-99.5,42.9,-8.5));
#10868 = LINE('',#10869,#10870);
#10869 = CARTESIAN_POINT('',(-99.5,45.9,-8.5));
#10870 = VECTOR('',#10871,1.);
#10871 = DIRECTION('',(0.,-1.,0.));
#10872 = ORIENTED_EDGE('',*,*,#10873,.F.);
#10873 = EDGE_CURVE('',#10874,#10864,#10876,.T.);
#10874 = VERTEX_POINT('',#10875);
#10875 = CARTESIAN_POINT('',(-99.5,55.9,-10.5));
#10876 = LINE('',#10877,#10878);
#10877 = CARTESIAN_POINT('',(-99.5,55.9,-8.));
#10878 = VECTOR('',#10879,1.);
#10879 = DIRECTION('',(0.,0.,1.));
#10880 = ORIENTED_EDGE('',*,*,#10881,.F.);
#10881 = EDGE_CURVE('',#10882,#10874,#10884,.T.);
#10882 = VERTEX_POINT('',#10883);
#10883 = CARTESIAN_POINT('',(-99.5,42.9,-10.5));
#10884 = LINE('',#10885,#10886);
#10885 = CARTESIAN_POINT('',(-99.5,45.9,-10.5));
#10886 = VECTOR('',#10887,1.);
#10887 = DIRECTION('',(0.,1.,0.));
#10888 = ORIENTED_EDGE('',*,*,#10889,.F.);
#10889 = EDGE_CURVE('',#10866,#10882,#10890,.T.);
#10890 = LINE('',#10891,#10892);
#10891 = CARTESIAN_POINT('',(-99.5,42.9,-8.));
#10892 = VECTOR('',#10893,1.);
#10893 = DIRECTION('',(0.,0.,-1.));
#10894 = PLANE('',#10895);
#10895 = AXIS2_PLACEMENT_3D('',#10896,#10897,#10898);
#10896 = CARTESIAN_POINT('',(-99.5,56.4,8.));
#10897 = DIRECTION('',(-1.,0.,0.));
#10898 = DIRECTION('',(0.,-1.,0.));
#10899 = ADVANCED_FACE('',(#10900),#10934,.T.);
#10900 = FACE_BOUND('',#10901,.T.);
#10901 = EDGE_LOOP('',(#10902,#10912,#10920,#10928));
#10902 = ORIENTED_EDGE('',*,*,#10903,.F.);
#10903 = EDGE_CURVE('',#10904,#10906,#10908,.T.);
#10904 = VERTEX_POINT('',#10905);
#10905 = CARTESIAN_POINT('',(-96.1464466094,55.510912703474,
    -13.74118095489));
#10906 = VERTEX_POINT('',#10907);
#10907 = CARTESIAN_POINT('',(-96.1464466094,55.510912703474,-8.5));
#10908 = LINE('',#10909,#10910);
#10909 = CARTESIAN_POINT('',(-96.1464466094,55.510912703474,-8.));
#10910 = VECTOR('',#10911,1.);
#10911 = DIRECTION('',(0.,0.,1.));
#10912 = ORIENTED_EDGE('',*,*,#10913,.F.);
#10913 = EDGE_CURVE('',#10914,#10904,#10916,.T.);
#10914 = VERTEX_POINT('',#10915);
#10915 = CARTESIAN_POINT('',(-94.85355339059,56.803805922287,
    -15.03407417371));
#10916 = LINE('',#10917,#10918);
#10917 = CARTESIAN_POINT('',(-97.5113580579,54.146001254977,
    -12.3762695064));
#10918 = VECTOR('',#10919,1.);
#10919 = DIRECTION('',(-0.57735026919,-0.57735026919,0.57735026919));
#10920 = ORIENTED_EDGE('',*,*,#10921,.F.);
#10921 = EDGE_CURVE('',#10922,#10914,#10924,.T.);
#10922 = VERTEX_POINT('',#10923);
#10923 = CARTESIAN_POINT('',(-94.85355339059,56.803805922287,-8.5));
#10924 = LINE('',#10925,#10926);
#10925 = CARTESIAN_POINT('',(-94.85355339059,56.803805922288,-15.075));
#10926 = VECTOR('',#10927,1.);
#10927 = DIRECTION('',(-8.E-16,-8.E-16,-1.));
#10928 = ORIENTED_EDGE('',*,*,#10929,.F.);
#10929 = EDGE_CURVE('',#10906,#10922,#10930,.T.);
#10930 = LINE('',#10931,#10932);
#10931 = CARTESIAN_POINT('',(-97.06433982822,54.593019484661,-8.5));
#10932 = VECTOR('',#10933,1.);
#10933 = DIRECTION('',(0.707106781187,0.707106781187,0.));
#10934 = PLANE('',#10935);
#10935 = AXIS2_PLACEMENT_3D('',#10936,#10937,#10938);
#10936 = CARTESIAN_POINT('',(-96.5,55.157359312881,8.));
#10937 = DIRECTION('',(0.707106781187,-0.707106781187,0.));
#10938 = DIRECTION('',(0.707106781187,0.707106781187,0.));
#10939 = ADVANCED_FACE('',(#10940),#11006,.T.);
#10940 = FACE_BOUND('',#10941,.T.);
#10941 = EDGE_LOOP('',(#10942,#10952,#10960,#10968,#10976,#10984,#10992,
    #11000));
#10942 = ORIENTED_EDGE('',*,*,#10943,.F.);
#10943 = EDGE_CURVE('',#10944,#10946,#10948,.T.);
#10944 = VERTEX_POINT('',#10945);
#10945 = CARTESIAN_POINT('',(-94.85355339059,57.416178357983,
    -15.6464466094));
#10946 = VERTEX_POINT('',#10947);
#10947 = CARTESIAN_POINT('',(-94.85355339059,60.434074173711,
    -15.6464466094));
#10948 = LINE('',#10949,#10950);
#10949 = CARTESIAN_POINT('',(-94.85355339059,24.7,-15.6464466094));
#10950 = VECTOR('',#10951,1.);
#10951 = DIRECTION('',(0.,1.,0.));
#10952 = ORIENTED_EDGE('',*,*,#10953,.F.);
#10953 = EDGE_CURVE('',#10954,#10944,#10956,.T.);
#10954 = VERTEX_POINT('',#10955);
#10955 = CARTESIAN_POINT('',(-96.85355339059,55.416178357983,
    -13.6464466094));
#10956 = LINE('',#10957,#10958);
#10957 = CARTESIAN_POINT('',(-97.91960634836,54.350125400209,
    -12.58039365163));
#10958 = VECTOR('',#10959,1.);
#10959 = DIRECTION('',(0.57735026919,0.57735026919,-0.57735026919));
#10960 = ORIENTED_EDGE('',*,*,#10961,.F.);
#10961 = EDGE_CURVE('',#10962,#10954,#10964,.T.);
#10962 = VERTEX_POINT('',#10963);
#10963 = CARTESIAN_POINT('',(-96.85355339059,43.383821642017,
    -13.6464466094));
#10964 = LINE('',#10965,#10966);
#10965 = CARTESIAN_POINT('',(-96.85355339059,52.27867965644,
    -13.6464466094));
#10966 = VECTOR('',#10967,1.);
#10967 = DIRECTION('',(0.,1.,0.));
#10968 = ORIENTED_EDGE('',*,*,#10969,.F.);
#10969 = EDGE_CURVE('',#10970,#10962,#10972,.T.);
#10970 = VERTEX_POINT('',#10971);
#10971 = CARTESIAN_POINT('',(-94.85355339059,41.383821642017,
    -15.6464466094));
#10972 = LINE('',#10973,#10974);
#10973 = CARTESIAN_POINT('',(-98.58627301503,45.116541266458,
    -11.91372698496));
#10974 = VECTOR('',#10975,1.);
#10975 = DIRECTION('',(-0.57735026919,0.57735026919,0.57735026919));
#10976 = ORIENTED_EDGE('',*,*,#10977,.F.);
#10977 = EDGE_CURVE('',#10978,#10970,#10980,.T.);
#10978 = VERTEX_POINT('',#10979);
#10979 = CARTESIAN_POINT('',(-94.85355339059,38.365925826289,
    -15.6464466094));
#10980 = LINE('',#10981,#10982);
#10981 = CARTESIAN_POINT('',(-94.85355339059,24.7,-15.6464466094));
#10982 = VECTOR('',#10983,1.);
#10983 = DIRECTION('',(0.,1.,0.));
#10984 = ORIENTED_EDGE('',*,*,#10985,.F.);
#10985 = EDGE_CURVE('',#10986,#10978,#10988,.T.);
#10986 = VERTEX_POINT('',#10987);
#10987 = CARTESIAN_POINT('',(-99.1464466094,42.658819045102,
    -11.35355339059));
#10988 = LINE('',#10989,#10990);
#10989 = CARTESIAN_POINT('',(-98.21846483909,41.730837274786,
    -12.28153516091));
#10990 = VECTOR('',#10991,1.);
#10991 = DIRECTION('',(0.57735026919,-0.57735026919,-0.57735026919));
#10992 = ORIENTED_EDGE('',*,*,#10993,.F.);
#10993 = EDGE_CURVE('',#10994,#10986,#10996,.T.);
#10994 = VERTEX_POINT('',#10995);
#10995 = CARTESIAN_POINT('',(-99.1464466094,56.141180954897,
    -11.35355339059));
#10996 = LINE('',#10997,#10998);
#10997 = CARTESIAN_POINT('',(-99.1464466094,45.9,-11.35355339059));
#10998 = VECTOR('',#10999,1.);
#10999 = DIRECTION('',(0.,-1.,0.));
#11000 = ORIENTED_EDGE('',*,*,#11001,.F.);
#11001 = EDGE_CURVE('',#10946,#10994,#11002,.T.);
#11002 = LINE('',#11003,#11004);
#11003 = CARTESIAN_POINT('',(-99.88513150575,55.402496058547,
    -10.61486849424));
#11004 = VECTOR('',#11005,1.);
#11005 = DIRECTION('',(-0.57735026919,-0.57735026919,0.57735026919));
#11006 = PLANE('',#11007);
#11007 = AXIS2_PLACEMENT_3D('',#11008,#11009,#11010);
#11008 = CARTESIAN_POINT('',(-96.26776695296,49.4,-14.23223304703));
#11009 = DIRECTION('',(-0.707106781187,0.,-0.707106781187));
#11010 = DIRECTION('',(-0.707106781187,0.,0.707106781187));
#11011 = ADVANCED_FACE('',(#11012),#11046,.T.);
#11012 = FACE_BOUND('',#11013,.T.);
#11013 = EDGE_LOOP('',(#11014,#11024,#11032,#11040));
#11014 = ORIENTED_EDGE('',*,*,#11015,.F.);
#11015 = EDGE_CURVE('',#11016,#11018,#11020,.T.);
#11016 = VERTEX_POINT('',#11017);
#11017 = CARTESIAN_POINT('',(-94.85355339059,61.046446609407,-8.5));
#11018 = VERTEX_POINT('',#11019);
#11019 = CARTESIAN_POINT('',(-99.1464466094,56.753553390593,-8.5));
#11020 = LINE('',#11021,#11022);
#11021 = CARTESIAN_POINT('',(-100.625,55.275,-8.5));
#11022 = VECTOR('',#11023,1.);
#11023 = DIRECTION('',(-0.707106781187,-0.707106781187,0.));
#11024 = ORIENTED_EDGE('',*,*,#11025,.F.);
#11025 = EDGE_CURVE('',#11026,#11016,#11028,.T.);
#11026 = VERTEX_POINT('',#11027);
#11027 = CARTESIAN_POINT('',(-94.85355339059,61.046446609407,
    -15.03407417371));
#11028 = LINE('',#11029,#11030);
#11029 = CARTESIAN_POINT('',(-94.85355339059,61.046446609407,-15.075));
#11030 = VECTOR('',#11031,1.);
#11031 = DIRECTION('',(8.E-16,8.E-16,1.));
#11032 = ORIENTED_EDGE('',*,*,#11033,.F.);
#11033 = EDGE_CURVE('',#11034,#11026,#11036,.T.);
#11034 = VERTEX_POINT('',#11035);
#11035 = CARTESIAN_POINT('',(-99.1464466094,56.753553390593,
    -10.74118095489));
#11036 = LINE('',#11037,#11038);
#11037 = CARTESIAN_POINT('',(-99.88513150575,56.014868494243,
    -10.00249605854));
#11038 = VECTOR('',#11039,1.);
#11039 = DIRECTION('',(0.57735026919,0.57735026919,-0.57735026919));
#11040 = ORIENTED_EDGE('',*,*,#11041,.F.);
#11041 = EDGE_CURVE('',#11018,#11034,#11042,.T.);
#11042 = LINE('',#11043,#11044);
#11043 = CARTESIAN_POINT('',(-99.1464466094,56.753553390593,-8.));
#11044 = VECTOR('',#11045,1.);
#11045 = DIRECTION('',(0.,0.,-1.));
#11046 = PLANE('',#11047);
#11047 = AXIS2_PLACEMENT_3D('',#11048,#11049,#11050);
#11048 = CARTESIAN_POINT('',(-94.5,61.4,8.));
#11049 = DIRECTION('',(-0.707106781187,0.707106781187,0.));
#11050 = DIRECTION('',(-0.707106781187,-0.707106781187,0.));
#11051 = ADVANCED_FACE('',(#11052),#11077,.T.);
#11052 = FACE_BOUND('',#11053,.T.);
#11053 = EDGE_LOOP('',(#11054,#11062,#11070,#11076));
#11054 = ORIENTED_EDGE('',*,*,#11055,.T.);
#11055 = EDGE_CURVE('',#10698,#11056,#11058,.T.);
#11056 = VERTEX_POINT('',#11057);
#11057 = CARTESIAN_POINT('',(-94.5,56.657359312881,-7.5));
#11058 = LINE('',#11059,#11060);
#11059 = CARTESIAN_POINT('',(-95.,57.364466094067,-8.));
#11060 = VECTOR('',#11061,1.);
#11061 = DIRECTION('',(0.5,-0.707106781187,0.5));
#11062 = ORIENTED_EDGE('',*,*,#11063,.T.);
#11063 = EDGE_CURVE('',#11056,#11064,#11066,.T.);
#11064 = VERTEX_POINT('',#11065);
#11065 = CARTESIAN_POINT('',(-94.5,61.9,-7.5));
#11066 = LINE('',#11067,#11068);
#11067 = CARTESIAN_POINT('',(-94.5,24.7,-7.5));
#11068 = VECTOR('',#11069,1.);
#11069 = DIRECTION('',(0.,1.,0.));
#11070 = ORIENTED_EDGE('',*,*,#11071,.T.);
#11071 = EDGE_CURVE('',#11064,#10706,#11072,.T.);
#11072 = LINE('',#11073,#11074);
#11073 = CARTESIAN_POINT('',(-94.5,61.9,-7.5));
#11074 = VECTOR('',#11075,1.);
#11075 = DIRECTION('',(-0.270598050073,-0.923879532511,-0.270598050073)
  );
#11076 = ORIENTED_EDGE('',*,*,#10705,.T.);
#11077 = PLANE('',#11078);
#11078 = AXIS2_PLACEMENT_3D('',#11079,#11080,#11081);
#11079 = CARTESIAN_POINT('',(-94.75,24.7,-7.75));
#11080 = DIRECTION('',(-0.707106781187,0.,0.707106781187));
#11081 = DIRECTION('',(0.707106781187,0.,0.707106781187));
#11082 = ADVANCED_FACE('',(#11083),#11099,.T.);
#11083 = FACE_BOUND('',#11084,.T.);
#11084 = EDGE_LOOP('',(#11085,#11091,#11092,#11098));
#11085 = ORIENTED_EDGE('',*,*,#11086,.T.);
#11086 = EDGE_CURVE('',#10922,#10698,#11087,.T.);
#11087 = LINE('',#11088,#11089);
#11088 = CARTESIAN_POINT('',(-94.85355339059,56.803805922288,-8.5));
#11089 = VECTOR('',#11090,1.);
#11090 = DIRECTION('',(-0.191341716183,0.732537816329,0.653281482438));
#11091 = ORIENTED_EDGE('',*,*,#10697,.T.);
#11092 = ORIENTED_EDGE('',*,*,#11093,.T.);
#11093 = EDGE_CURVE('',#10690,#10906,#11094,.T.);
#11094 = LINE('',#11095,#11096);
#11095 = CARTESIAN_POINT('',(-97.,55.364466094067,-8.));
#11096 = VECTOR('',#11097,1.);
#11097 = DIRECTION('',(0.853553390593,0.146446609407,-0.5));
#11098 = ORIENTED_EDGE('',*,*,#10929,.T.);
#11099 = PLANE('',#11100);
#11100 = AXIS2_PLACEMENT_3D('',#11101,#11102,#11103);
#11101 = CARTESIAN_POINT('',(-97.24111652351,54.769796179957,-8.25));
#11102 = DIRECTION('',(0.5,-0.5,0.707106781187));
#11103 = DIRECTION('',(0.816496580928,1.039771790837E-16,-0.57735026919)
  );
#11104 = ADVANCED_FACE('',(#11105),#11121,.T.);
#11105 = FACE_BOUND('',#11106,.T.);
#11106 = EDGE_LOOP('',(#11107,#11113,#11114,#11120));
#11107 = ORIENTED_EDGE('',*,*,#11108,.T.);
#11108 = EDGE_CURVE('',#10842,#10690,#11109,.T.);
#11109 = LINE('',#11110,#11111);
#11110 = CARTESIAN_POINT('',(-96.5,54.657359312881,-8.5));
#11111 = VECTOR('',#11112,1.);
#11112 = DIRECTION('',(-0.5,0.707106781187,0.5));
#11113 = ORIENTED_EDGE('',*,*,#10689,.T.);
#11114 = ORIENTED_EDGE('',*,*,#11115,.T.);
#11115 = EDGE_CURVE('',#10682,#10826,#11116,.T.);
#11116 = LINE('',#11117,#11118);
#11117 = CARTESIAN_POINT('',(-97.,43.435533905933,-8.));
#11118 = VECTOR('',#11119,1.);
#11119 = DIRECTION('',(0.5,0.707106781187,-0.5));
#11120 = ORIENTED_EDGE('',*,*,#10849,.T.);
#11121 = PLANE('',#11122);
#11122 = AXIS2_PLACEMENT_3D('',#11123,#11124,#11125);
#11123 = CARTESIAN_POINT('',(-96.75,52.27867965644,-8.25));
#11124 = DIRECTION('',(0.707106781187,0.,0.707106781187));
#11125 = DIRECTION('',(0.707106781187,0.,-0.707106781187));
#11126 = ADVANCED_FACE('',(#11127),#11143,.T.);
#11127 = FACE_BOUND('',#11128,.T.);
#11128 = EDGE_LOOP('',(#11129,#11135,#11136,#11142));
#11129 = ORIENTED_EDGE('',*,*,#11130,.T.);
#11130 = EDGE_CURVE('',#10904,#10954,#11131,.T.);
#11131 = LINE('',#11132,#11133);
#11132 = CARTESIAN_POINT('',(-96.1464466094,55.510912703474,
    -13.74118095489));
#11133 = VECTOR('',#11134,1.);
#11134 = DIRECTION('',(-0.982520050849,-0.131632727086,0.131632727086));
#11135 = ORIENTED_EDGE('',*,*,#10953,.T.);
#11136 = ORIENTED_EDGE('',*,*,#11137,.T.);
#11137 = EDGE_CURVE('',#10944,#10914,#11138,.T.);
#11138 = LINE('',#11139,#11140);
#11139 = CARTESIAN_POINT('',(-94.85355339059,57.416178357983,
    -15.6464466094));
#11140 = VECTOR('',#11141,1.);
#11141 = DIRECTION('',(0.,-0.707106781187,0.707106781187));
#11142 = ORIENTED_EDGE('',*,*,#10913,.T.);
#11143 = PLANE('',#11144);
#11144 = AXIS2_PLACEMENT_3D('',#11145,#11146,#11147);
#11145 = CARTESIAN_POINT('',(-97.71548220313,54.248063327593,
    -12.47833157901));
#11146 = DIRECTION('',(0.,-0.707106781187,-0.707106781187));
#11147 = DIRECTION('',(-1.,1.13E-15,-1.13E-15));
#11148 = ADVANCED_FACE('',(#11149),#11165,.T.);
#11149 = FACE_BOUND('',#11150,.T.);
#11150 = EDGE_LOOP('',(#11151,#11157,#11158,#11164));
#11151 = ORIENTED_EDGE('',*,*,#11152,.T.);
#11152 = EDGE_CURVE('',#10802,#10682,#11153,.T.);
#11153 = LINE('',#11154,#11155);
#11154 = CARTESIAN_POINT('',(-96.1464466094,43.289087296526,-8.5));
#11155 = VECTOR('',#11156,1.);
#11156 = DIRECTION('',(-0.853553390593,0.146446609407,0.5));
#11157 = ORIENTED_EDGE('',*,*,#10681,.T.);
#11158 = ORIENTED_EDGE('',*,*,#11159,.T.);
#11159 = EDGE_CURVE('',#10672,#10786,#11160,.T.);
#11160 = LINE('',#11161,#11162);
#11161 = CARTESIAN_POINT('',(-95.,41.435533905933,-8.));
#11162 = VECTOR('',#11163,1.);
#11163 = DIRECTION('',(0.191341716183,0.732537816329,-0.653281482438));
#11164 = ORIENTED_EDGE('',*,*,#10809,.T.);
#11165 = PLANE('',#11166);
#11166 = AXIS2_PLACEMENT_3D('',#11167,#11168,#11169);
#11167 = CARTESIAN_POINT('',(-98.24111652351,45.030203820043,-8.25));
#11168 = DIRECTION('',(0.5,0.5,0.707106781187));
#11169 = DIRECTION('',(0.816496580928,1.483191167225E-15,-0.57735026919)
  );
#11170 = ADVANCED_FACE('',(#11171),#11187,.T.);
#11171 = FACE_BOUND('',#11172,.T.);
#11172 = EDGE_LOOP('',(#11173,#11179,#11180,#11186));
#11173 = ORIENTED_EDGE('',*,*,#11174,.T.);
#11174 = EDGE_CURVE('',#10824,#10962,#11175,.T.);
#11175 = LINE('',#11176,#11177);
#11176 = CARTESIAN_POINT('',(-96.5,44.142640687119,-13.5));
#11177 = VECTOR('',#11178,1.);
#11178 = DIRECTION('',(-0.416016296563,-0.892880954628,-0.172319592204)
  );
#11179 = ORIENTED_EDGE('',*,*,#10961,.T.);
#11180 = ORIENTED_EDGE('',*,*,#11181,.T.);
#11181 = EDGE_CURVE('',#10954,#10834,#11182,.T.);
#11182 = LINE('',#11183,#11184);
#11183 = CARTESIAN_POINT('',(-96.85355339059,55.416178357983,
    -13.6464466094));
#11184 = VECTOR('',#11185,1.);
#11185 = DIRECTION('',(0.416016296563,-0.892880954628,0.172319592204));
#11186 = ORIENTED_EDGE('',*,*,#10833,.T.);
#11187 = PLANE('',#11188);
#11188 = AXIS2_PLACEMENT_3D('',#11189,#11190,#11191);
#11189 = CARTESIAN_POINT('',(-96.67677669529,52.27867965644,
    -13.5732233047));
#11190 = DIRECTION('',(0.382683432365,0.,-0.923879532511));
#11191 = DIRECTION('',(-0.923879532511,0.,-0.382683432365));
#11192 = ADVANCED_FACE('',(#11193),#11209,.T.);
#11193 = FACE_BOUND('',#11194,.T.);
#11194 = EDGE_LOOP('',(#11195,#11201,#11202,#11208));
#11195 = ORIENTED_EDGE('',*,*,#11196,.T.);
#11196 = EDGE_CURVE('',#10722,#10754,#11197,.T.);
#11197 = LINE('',#11198,#11199);
#11198 = CARTESIAN_POINT('',(-99.,42.607106781187,-8.));
#11199 = VECTOR('',#11200,1.);
#11200 = DIRECTION('',(-0.191341716183,-0.732537816329,-0.653281482438)
  );
#11201 = ORIENTED_EDGE('',*,*,#10753,.T.);
#11202 = ORIENTED_EDGE('',*,*,#11203,.T.);
#11203 = EDGE_CURVE('',#10744,#10674,#11204,.T.);
#11204 = LINE('',#11205,#11206);
#11205 = CARTESIAN_POINT('',(-94.85355339059,37.753553390593,-8.5));
#11206 = VECTOR('',#11207,1.);
#11207 = DIRECTION('',(-0.146446609407,0.853553390593,0.5));
#11208 = ORIENTED_EDGE('',*,*,#10729,.T.);
#11209 = PLANE('',#11210);
#11210 = AXIS2_PLACEMENT_3D('',#11211,#11212,#11213);
#11211 = CARTESIAN_POINT('',(-97.9482233047,41.201776695297,-8.25));
#11212 = DIRECTION('',(-0.5,-0.5,0.707106781187));
#11213 = DIRECTION('',(0.816496580928,-1.096363783992E-15,0.57735026919)
  );
#11214 = ADVANCED_FACE('',(#11215),#11240,.T.);
#11215 = FACE_BOUND('',#11216,.T.);
#11216 = EDGE_LOOP('',(#11217,#11225,#11233,#11239));
#11217 = ORIENTED_EDGE('',*,*,#11218,.T.);
#11218 = EDGE_CURVE('',#10674,#11219,#11221,.T.);
#11219 = VERTEX_POINT('',#11220);
#11220 = CARTESIAN_POINT('',(-94.5,36.9,-7.5));
#11221 = LINE('',#11222,#11223);
#11222 = CARTESIAN_POINT('',(-95.,38.607106781187,-8.));
#11223 = VECTOR('',#11224,1.);
#11224 = DIRECTION('',(0.270598050073,-0.923879532511,0.270598050073));
#11225 = ORIENTED_EDGE('',*,*,#11226,.T.);
#11226 = EDGE_CURVE('',#11219,#11227,#11229,.T.);
#11227 = VERTEX_POINT('',#11228);
#11228 = CARTESIAN_POINT('',(-94.5,42.142640687119,-7.5));
#11229 = LINE('',#11230,#11231);
#11230 = CARTESIAN_POINT('',(-94.5,24.7,-7.5));
#11231 = VECTOR('',#11232,1.);
#11232 = DIRECTION('',(0.,1.,0.));
#11233 = ORIENTED_EDGE('',*,*,#11234,.T.);
#11234 = EDGE_CURVE('',#11227,#10672,#11235,.T.);
#11235 = LINE('',#11236,#11237);
#11236 = CARTESIAN_POINT('',(-94.5,42.142640687119,-7.5));
#11237 = VECTOR('',#11238,1.);
#11238 = DIRECTION('',(-0.5,-0.707106781187,-0.5));
#11239 = ORIENTED_EDGE('',*,*,#10671,.T.);
#11240 = PLANE('',#11241);
#11241 = AXIS2_PLACEMENT_3D('',#11242,#11243,#11244);
#11242 = CARTESIAN_POINT('',(-94.75,24.7,-7.75));
#11243 = DIRECTION('',(-0.707106781187,0.,0.707106781187));
#11244 = DIRECTION('',(0.707106781187,0.,0.707106781187));
#11245 = ADVANCED_FACE('',(#11246),#11262,.T.);
#11246 = FACE_BOUND('',#11247,.T.);
#11247 = EDGE_LOOP('',(#11248,#11254,#11255,#11261));
#11248 = ORIENTED_EDGE('',*,*,#11249,.T.);
#11249 = EDGE_CURVE('',#10784,#10970,#11250,.T.);
#11250 = LINE('',#11251,#11252);
#11251 = CARTESIAN_POINT('',(-94.85355339059,41.996194077713,
    -15.03407417371));
#11252 = VECTOR('',#11253,1.);
#11253 = DIRECTION('',(-2.051E-14,-0.707106781187,-0.707106781187));
#11254 = ORIENTED_EDGE('',*,*,#10969,.T.);
#11255 = ORIENTED_EDGE('',*,*,#11256,.T.);
#11256 = EDGE_CURVE('',#10962,#10794,#11257,.T.);
#11257 = LINE('',#11258,#11259);
#11258 = CARTESIAN_POINT('',(-96.85355339059,43.383821642017,
    -13.6464466094));
#11259 = VECTOR('',#11260,1.);
#11260 = DIRECTION('',(0.982520050849,-0.131632727086,-0.131632727086));
#11261 = ORIENTED_EDGE('',*,*,#10793,.T.);
#11262 = PLANE('',#11263);
#11263 = AXIS2_PLACEMENT_3D('',#11264,#11265,#11266);
#11264 = CARTESIAN_POINT('',(-98.3821488698,45.218603339074,
    -11.81166491235));
#11265 = DIRECTION('',(0.,0.707106781187,-0.707106781187));
#11266 = DIRECTION('',(-1.,-7.04E-15,-7.04E-15));
#11267 = ADVANCED_FACE('',(#11268),#11293,.T.);
#11268 = FACE_BOUND('',#11269,.T.);
#11269 = EDGE_LOOP('',(#11270,#11278,#11286,#11292));
#11270 = ORIENTED_EDGE('',*,*,#11271,.T.);
#11271 = EDGE_CURVE('',#10970,#11272,#11274,.T.);
#11272 = VERTEX_POINT('',#11273);
#11273 = CARTESIAN_POINT('',(-94.5,42.142640687119,-16.5));
#11274 = LINE('',#11275,#11276);
#11275 = CARTESIAN_POINT('',(-94.85355339059,41.383821642017,
    -15.6464466094));
#11276 = VECTOR('',#11277,1.);
#11277 = DIRECTION('',(0.295722408575,0.634698468918,-0.71393704948));
#11278 = ORIENTED_EDGE('',*,*,#11279,.T.);
#11279 = EDGE_CURVE('',#11272,#11280,#11282,.T.);
#11280 = VERTEX_POINT('',#11281);
#11281 = CARTESIAN_POINT('',(-94.5,36.9,-16.5));
#11282 = LINE('',#11283,#11284);
#11283 = CARTESIAN_POINT('',(-94.5,24.7,-16.5));
#11284 = VECTOR('',#11285,1.);
#11285 = DIRECTION('',(0.,-1.,0.));
#11286 = ORIENTED_EDGE('',*,*,#11287,.T.);
#11287 = EDGE_CURVE('',#11280,#10978,#11288,.T.);
#11288 = LINE('',#11289,#11290);
#11289 = CARTESIAN_POINT('',(-94.5,36.9,-16.5));
#11290 = VECTOR('',#11291,1.);
#11291 = DIRECTION('',(-0.204039421211,0.846001382232,0.492594737947));
#11292 = ORIENTED_EDGE('',*,*,#10977,.T.);
#11293 = PLANE('',#11294);
#11294 = AXIS2_PLACEMENT_3D('',#11295,#11296,#11297);
#11295 = CARTESIAN_POINT('',(-94.67677669529,24.7,-16.0732233047));
#11296 = DIRECTION('',(-0.923879532511,0.,-0.382683432365));
#11297 = DIRECTION('',(-0.382683432365,0.,0.923879532511));
#11298 = ADVANCED_FACE('',(#11299),#11315,.T.);
#11299 = FACE_BOUND('',#11300,.T.);
#11300 = EDGE_LOOP('',(#11301,#11307,#11308,#11314));
#11301 = ORIENTED_EDGE('',*,*,#11302,.T.);
#11302 = EDGE_CURVE('',#10762,#10986,#11303,.T.);
#11303 = LINE('',#11304,#11305);
#11304 = CARTESIAN_POINT('',(-99.1464466094,42.046446609407,
    -10.74118095489));
#11305 = VECTOR('',#11306,1.);
#11306 = DIRECTION('',(-2.051E-14,0.707106781187,-0.707106781187));
#11307 = ORIENTED_EDGE('',*,*,#10985,.T.);
#11308 = ORIENTED_EDGE('',*,*,#11309,.T.);
#11309 = EDGE_CURVE('',#10978,#10746,#11310,.T.);
#11310 = LINE('',#11311,#11312);
#11311 = CARTESIAN_POINT('',(-94.85355339059,38.365925826289,
    -15.6464466094));
#11312 = VECTOR('',#11313,1.);
#11313 = DIRECTION('',(2.051E-14,-0.707106781187,0.707106781187));
#11314 = ORIENTED_EDGE('',*,*,#10769,.T.);
#11315 = PLANE('',#11316);
#11316 = AXIS2_PLACEMENT_3D('',#11317,#11318,#11319);
#11317 = CARTESIAN_POINT('',(-98.21846483909,41.424651056938,
    -11.97534894306));
#11318 = DIRECTION('',(-0.816496580928,-0.408248290464,-0.408248290464)
  );
#11319 = DIRECTION('',(-0.4472135955,5.618003557371E-18,0.894427191));
#11320 = ADVANCED_FACE('',(#11321),#11342,.T.);
#11321 = FACE_BOUND('',#11322,.T.);
#11322 = EDGE_LOOP('',(#11323,#11329,#11335,#11341));
#11323 = ORIENTED_EDGE('',*,*,#11324,.T.);
#11324 = EDGE_CURVE('',#10746,#11280,#11325,.T.);
#11325 = LINE('',#11326,#11327);
#11326 = CARTESIAN_POINT('',(-94.85355339059,37.753553390593,
    -15.03407417371));
#11327 = VECTOR('',#11328,1.);
#11328 = DIRECTION('',(0.204039421211,-0.492594737947,-0.846001382232));
#11329 = ORIENTED_EDGE('',*,*,#11330,.T.);
#11330 = EDGE_CURVE('',#11280,#11219,#11331,.T.);
#11331 = LINE('',#11332,#11333);
#11332 = CARTESIAN_POINT('',(-94.5,36.9,-15.075));
#11333 = VECTOR('',#11334,1.);
#11334 = DIRECTION('',(8.E-16,-8.E-16,1.));
#11335 = ORIENTED_EDGE('',*,*,#11336,.T.);
#11336 = EDGE_CURVE('',#11219,#10744,#11337,.T.);
#11337 = LINE('',#11338,#11339);
#11338 = CARTESIAN_POINT('',(-94.5,36.9,-7.5));
#11339 = VECTOR('',#11340,1.);
#11340 = DIRECTION('',(-0.259688343688,0.626943121322,-0.734509555268));
#11341 = ORIENTED_EDGE('',*,*,#10743,.T.);
#11342 = PLANE('',#11343);
#11343 = AXIS2_PLACEMENT_3D('',#11344,#11345,#11346);
#11344 = CARTESIAN_POINT('',(-94.67677669529,37.326776695297,-7.075));
#11345 = DIRECTION('',(-0.923879532511,-0.382683432365,4.3E-16));
#11346 = DIRECTION('',(4.66098105401E-16,-1.616217661849E-18,1.));
#11347 = ADVANCED_FACE('',(#11348),#11353,.T.);
#11348 = FACE_BOUND('',#11349,.T.);
#11349 = EDGE_LOOP('',(#11350,#11351,#11352));
#11350 = ORIENTED_EDGE('',*,*,#11287,.F.);
#11351 = ORIENTED_EDGE('',*,*,#11324,.F.);
#11352 = ORIENTED_EDGE('',*,*,#11309,.F.);
#11353 = PLANE('',#11354);
#11354 = AXIS2_PLACEMENT_3D('',#11355,#11356,#11357);
#11355 = CARTESIAN_POINT('',(-94.85355339059,37.753553390593,
    -15.03407417371));
#11356 = DIRECTION('',(-0.97754534379,-0.149005202651,-0.149005202651));
#11357 = DIRECTION('',(-0.150687414876,1.01363995667E-17,0.988581459971)
  );
#11358 = ADVANCED_FACE('',(#11359),#11380,.T.);
#11359 = FACE_BOUND('',#11360,.T.);
#11360 = EDGE_LOOP('',(#11361,#11367,#11373,#11379));
#11361 = ORIENTED_EDGE('',*,*,#11362,.T.);
#11362 = EDGE_CURVE('',#10786,#11227,#11363,.T.);
#11363 = LINE('',#11364,#11365);
#11364 = CARTESIAN_POINT('',(-94.85355339059,41.996194077712,-8.5));
#11365 = VECTOR('',#11366,1.);
#11366 = DIRECTION('',(0.330200775874,0.136773639673,0.933948831094));
#11367 = ORIENTED_EDGE('',*,*,#11368,.T.);
#11368 = EDGE_CURVE('',#11227,#11272,#11369,.T.);
#11369 = LINE('',#11370,#11371);
#11370 = CARTESIAN_POINT('',(-94.5,42.142640687119,-15.075));
#11371 = VECTOR('',#11372,1.);
#11372 = DIRECTION('',(-8.E-16,8.E-16,-1.));
#11373 = ORIENTED_EDGE('',*,*,#11374,.T.);
#11374 = EDGE_CURVE('',#11272,#10784,#11375,.T.);
#11375 = LINE('',#11376,#11377);
#11376 = CARTESIAN_POINT('',(-94.5,42.142640687119,-16.5));
#11377 = VECTOR('',#11378,1.);
#11378 = DIRECTION('',(-0.233360434025,-9.666105669463E-02,
    0.967574052954));
#11379 = ORIENTED_EDGE('',*,*,#10783,.T.);
#11380 = PLANE('',#11381);
#11381 = AXIS2_PLACEMENT_3D('',#11382,#11383,#11384);
#11382 = CARTESIAN_POINT('',(-94.67677669529,42.069417382416,-7.075));
#11383 = DIRECTION('',(-0.382683432365,0.923879532511,1.05E-15));
#11384 = DIRECTION('',(-1.233261292988E-18,-1.137022643861E-15,1.));
#11385 = ADVANCED_FACE('',(#11386),#11391,.T.);
#11386 = FACE_BOUND('',#11387,.T.);
#11387 = EDGE_LOOP('',(#11388,#11389,#11390));
#11388 = ORIENTED_EDGE('',*,*,#11249,.F.);
#11389 = ORIENTED_EDGE('',*,*,#11374,.F.);
#11390 = ORIENTED_EDGE('',*,*,#11271,.F.);
#11391 = PLANE('',#11392);
#11392 = AXIS2_PLACEMENT_3D('',#11393,#11394,#11395);
#11393 = CARTESIAN_POINT('',(-94.5,42.142640687119,-16.5));
#11394 = DIRECTION('',(-0.95512975481,0.209436328601,-0.209436328601));
#11395 = DIRECTION('',(-0.214186495298,-1.028723361665E-16,
    0.976792785207));
#11396 = ADVANCED_FACE('',(#11397),#11413,.T.);
#11397 = FACE_BOUND('',#11398,.T.);
#11398 = EDGE_LOOP('',(#11399,#11405,#11406,#11412));
#11399 = ORIENTED_EDGE('',*,*,#11400,.T.);
#11400 = EDGE_CURVE('',#10874,#10994,#11401,.T.);
#11401 = LINE('',#11402,#11403);
#11402 = CARTESIAN_POINT('',(-99.5,55.9,-10.5));
#11403 = VECTOR('',#11404,1.);
#11404 = DIRECTION('',(0.370274559652,0.252587513646,-0.893921863713));
#11405 = ORIENTED_EDGE('',*,*,#10993,.T.);
#11406 = ORIENTED_EDGE('',*,*,#11407,.T.);
#11407 = EDGE_CURVE('',#10986,#10882,#11408,.T.);
#11408 = LINE('',#11409,#11410);
#11409 = CARTESIAN_POINT('',(-99.1464466094,42.658819045102,
    -11.35355339059));
#11410 = VECTOR('',#11411,1.);
#11411 = DIRECTION('',(-0.370274559652,0.252587513646,0.893921863713));
#11412 = ORIENTED_EDGE('',*,*,#10881,.T.);
#11413 = PLANE('',#11414);
#11414 = AXIS2_PLACEMENT_3D('',#11415,#11416,#11417);
#11415 = CARTESIAN_POINT('',(-99.3232233047,45.9,-10.92677669529));
#11416 = DIRECTION('',(-0.923879532511,0.,-0.382683432365));
#11417 = DIRECTION('',(-0.382683432365,0.,0.923879532511));
#11418 = ADVANCED_FACE('',(#11419),#11435,.T.);
#11419 = FACE_BOUND('',#11420,.T.);
#11420 = EDGE_LOOP('',(#11421,#11427,#11428,#11434));
#11421 = ORIENTED_EDGE('',*,*,#11422,.T.);
#11422 = EDGE_CURVE('',#10882,#10762,#11423,.T.);
#11423 = LINE('',#11424,#11425);
#11424 = CARTESIAN_POINT('',(-99.5,42.9,-10.5));
#11425 = VECTOR('',#11426,1.);
#11426 = DIRECTION('',(0.370274559652,-0.893921863713,-0.252587513646));
#11427 = ORIENTED_EDGE('',*,*,#10761,.T.);
#11428 = ORIENTED_EDGE('',*,*,#11429,.T.);
#11429 = EDGE_CURVE('',#10754,#10866,#11430,.T.);
#11430 = LINE('',#11431,#11432);
#11431 = CARTESIAN_POINT('',(-99.1464466094,42.046446609407,-8.5));
#11432 = VECTOR('',#11433,1.);
#11433 = DIRECTION('',(-0.382683432365,0.923879532511,0.));
#11434 = ORIENTED_EDGE('',*,*,#10889,.T.);
#11435 = PLANE('',#11436);
#11436 = AXIS2_PLACEMENT_3D('',#11437,#11438,#11439);
#11437 = CARTESIAN_POINT('',(-99.3232233047,42.473223304703,8.));
#11438 = DIRECTION('',(-0.923879532511,-0.382683432365,0.));
#11439 = DIRECTION('',(0.,0.,1.));
#11440 = ADVANCED_FACE('',(#11441),#11446,.T.);
#11441 = FACE_BOUND('',#11442,.T.);
#11442 = EDGE_LOOP('',(#11443,#11444,#11445));
#11443 = ORIENTED_EDGE('',*,*,#11302,.F.);
#11444 = ORIENTED_EDGE('',*,*,#11422,.F.);
#11445 = ORIENTED_EDGE('',*,*,#11407,.F.);
#11446 = PLANE('',#11447);
#11447 = AXIS2_PLACEMENT_3D('',#11448,#11449,#11450);
#11448 = CARTESIAN_POINT('',(-99.5,42.9,-10.5));
#11449 = DIRECTION('',(-0.909615800965,-0.293767845956,-0.293767845956)
  );
#11450 = DIRECTION('',(-0.307328147952,2.597942850612E-16,0.95160359892)
  );
#11451 = ADVANCED_FACE('',(#11452),#11457,.T.);
#11452 = FACE_BOUND('',#11453,.T.);
#11453 = EDGE_LOOP('',(#11454,#11455,#11456));
#11454 = ORIENTED_EDGE('',*,*,#11203,.F.);
#11455 = ORIENTED_EDGE('',*,*,#11336,.F.);
#11456 = ORIENTED_EDGE('',*,*,#11218,.F.);
#11457 = PLANE('',#11458);
#11458 = AXIS2_PLACEMENT_3D('',#11459,#11460,#11461);
#11459 = CARTESIAN_POINT('',(-94.5,36.9,-7.5));
#11460 = DIRECTION('',(-0.961007183383,-0.242609246693,0.132687402965));
#11461 = DIRECTION('',(0.136773639673,3.713693469453E-17,0.990602327622)
  );
#11462 = ADVANCED_FACE('',(#11463),#11479,.T.);
#11463 = FACE_BOUND('',#11464,.T.);
#11464 = EDGE_LOOP('',(#11465,#11471,#11472,#11478));
#11465 = ORIENTED_EDGE('',*,*,#11466,.T.);
#11466 = EDGE_CURVE('',#10794,#10824,#11467,.T.);
#11467 = LINE('',#11468,#11469);
#11468 = CARTESIAN_POINT('',(-96.1464466094,43.289087296526,
    -13.74118095489));
#11469 = VECTOR('',#11470,1.);
#11470 = DIRECTION('',(-0.370274559652,0.893921863713,0.252587513646));
#11471 = ORIENTED_EDGE('',*,*,#10823,.T.);
#11472 = ORIENTED_EDGE('',*,*,#11473,.T.);
#11473 = EDGE_CURVE('',#10826,#10802,#11474,.T.);
#11474 = LINE('',#11475,#11476);
#11475 = CARTESIAN_POINT('',(-96.5,44.142640687119,-8.5));
#11476 = VECTOR('',#11477,1.);
#11477 = DIRECTION('',(0.382683432365,-0.923879532511,0.));
#11478 = ORIENTED_EDGE('',*,*,#10801,.T.);
#11479 = PLANE('',#11480);
#11480 = AXIS2_PLACEMENT_3D('',#11481,#11482,#11483);
#11481 = CARTESIAN_POINT('',(-96.3232233047,43.715863991823,8.));
#11482 = DIRECTION('',(0.923879532511,0.382683432365,0.));
#11483 = DIRECTION('',(0.,0.,-1.));
#11484 = ADVANCED_FACE('',(#11485),#11490,.T.);
#11485 = FACE_BOUND('',#11486,.T.);
#11486 = EDGE_LOOP('',(#11487,#11488,#11489));
#11487 = ORIENTED_EDGE('',*,*,#11174,.F.);
#11488 = ORIENTED_EDGE('',*,*,#11466,.F.);
#11489 = ORIENTED_EDGE('',*,*,#11256,.F.);
#11490 = PLANE('',#11491);
#11491 = AXIS2_PLACEMENT_3D('',#11492,#11493,#11494);
#11492 = CARTESIAN_POINT('',(-96.1464466094,43.289087296526,
    -13.74118095489));
#11493 = DIRECTION('',(-9.846595692483E-02,0.232612298039,
    -0.967572206157));
#11494 = DIRECTION('',(-0.994861716238,-5.87285937236E-17,0.101243101315
    ));
#11495 = ADVANCED_FACE('',(#11496),#11501,.T.);
#11496 = FACE_BOUND('',#11497,.T.);
#11497 = EDGE_LOOP('',(#11498,#11499,#11500));
#11498 = ORIENTED_EDGE('',*,*,#11234,.F.);
#11499 = ORIENTED_EDGE('',*,*,#11362,.F.);
#11500 = ORIENTED_EDGE('',*,*,#11159,.F.);
#11501 = PLANE('',#11502);
#11502 = AXIS2_PLACEMENT_3D('',#11503,#11504,#11505);
#11503 = CARTESIAN_POINT('',(-94.85355339059,41.996194077712,-8.5));
#11504 = DIRECTION('',(-0.864584498274,0.440859983096,0.241114331072));
#11505 = DIRECTION('',(0.268628351327,2.13317196894E-16,0.96324389895));
#11506 = ADVANCED_FACE('',(#11507),#11523,.T.);
#11507 = FACE_BOUND('',#11508,.T.);
#11508 = EDGE_LOOP('',(#11509,#11515,#11516,#11522));
#11509 = ORIENTED_EDGE('',*,*,#11510,.T.);
#11510 = EDGE_CURVE('',#11026,#10946,#11511,.T.);
#11511 = LINE('',#11512,#11513);
#11512 = CARTESIAN_POINT('',(-94.85355339059,61.046446609407,
    -15.03407417371));
#11513 = VECTOR('',#11514,1.);
#11514 = DIRECTION('',(-2.051E-14,-0.707106781187,-0.707106781187));
#11515 = ORIENTED_EDGE('',*,*,#11001,.T.);
#11516 = ORIENTED_EDGE('',*,*,#11517,.T.);
#11517 = EDGE_CURVE('',#10994,#11034,#11518,.T.);
#11518 = LINE('',#11519,#11520);
#11519 = CARTESIAN_POINT('',(-99.1464466094,56.141180954898,
    -11.35355339059));
#11520 = VECTOR('',#11521,1.);
#11521 = DIRECTION('',(2.051E-14,0.707106781187,0.707106781187));
#11522 = ORIENTED_EDGE('',*,*,#11033,.T.);
#11523 = PLANE('',#11524);
#11524 = AXIS2_PLACEMENT_3D('',#11525,#11526,#11527);
#11525 = CARTESIAN_POINT('',(-99.88513150575,55.708682276395,
    -10.30868227639));
#11526 = DIRECTION('',(-0.816496580928,0.408248290464,-0.408248290464));
#11527 = DIRECTION('',(-0.4472135955,1.546008075849E-16,0.894427191));
#11528 = ADVANCED_FACE('',(#11529),#11545,.T.);
#11529 = FACE_BOUND('',#11530,.T.);
#11530 = EDGE_LOOP('',(#11531,#11537,#11538,#11544));
#11531 = ORIENTED_EDGE('',*,*,#11532,.T.);
#11532 = EDGE_CURVE('',#11034,#10874,#11533,.T.);
#11533 = LINE('',#11534,#11535);
#11534 = CARTESIAN_POINT('',(-99.1464466094,56.753553390593,
    -10.74118095489));
#11535 = VECTOR('',#11536,1.);
#11536 = DIRECTION('',(-0.370274559652,-0.893921863713,0.252587513646));
#11537 = ORIENTED_EDGE('',*,*,#10873,.T.);
#11538 = ORIENTED_EDGE('',*,*,#11539,.T.);
#11539 = EDGE_CURVE('',#10864,#11018,#11540,.T.);
#11540 = LINE('',#11541,#11542);
#11541 = CARTESIAN_POINT('',(-99.5,55.9,-8.5));
#11542 = VECTOR('',#11543,1.);
#11543 = DIRECTION('',(0.382683432365,0.923879532511,0.));
#11544 = ORIENTED_EDGE('',*,*,#11041,.T.);
#11545 = PLANE('',#11546);
#11546 = AXIS2_PLACEMENT_3D('',#11547,#11548,#11549);
#11547 = CARTESIAN_POINT('',(-99.3232233047,56.326776695297,8.));
#11548 = DIRECTION('',(-0.923879532511,0.382683432365,0.));
#11549 = DIRECTION('',(0.,0.,1.));
#11550 = ADVANCED_FACE('',(#11551),#11556,.T.);
#11551 = FACE_BOUND('',#11552,.T.);
#11552 = EDGE_LOOP('',(#11553,#11554,#11555));
#11553 = ORIENTED_EDGE('',*,*,#11400,.F.);
#11554 = ORIENTED_EDGE('',*,*,#11532,.F.);
#11555 = ORIENTED_EDGE('',*,*,#11517,.F.);
#11556 = PLANE('',#11557);
#11557 = AXIS2_PLACEMENT_3D('',#11558,#11559,#11560);
#11558 = CARTESIAN_POINT('',(-99.1464466094,56.753553390593,
    -10.74118095489));
#11559 = DIRECTION('',(-0.909615800965,0.293767845956,-0.293767845956));
#11560 = DIRECTION('',(-0.307328147952,1.731927020432E-17,0.95160359892)
  );
#11561 = ADVANCED_FACE('',(#11562),#11578,.T.);
#11562 = FACE_BOUND('',#11563,.T.);
#11563 = EDGE_LOOP('',(#11564,#11570,#11571,#11577));
#11564 = ORIENTED_EDGE('',*,*,#11565,.T.);
#11565 = EDGE_CURVE('',#10714,#10864,#11566,.T.);
#11566 = LINE('',#11567,#11568);
#11567 = CARTESIAN_POINT('',(-99.,56.192893218814,-8.));
#11568 = VECTOR('',#11569,1.);
#11569 = DIRECTION('',(-0.653281482438,-0.382683432365,-0.653281482438)
  );
#11570 = ORIENTED_EDGE('',*,*,#10863,.T.);
#11571 = ORIENTED_EDGE('',*,*,#11572,.T.);
#11572 = EDGE_CURVE('',#10866,#10722,#11573,.T.);
#11573 = LINE('',#11574,#11575);
#11574 = CARTESIAN_POINT('',(-99.5,42.9,-8.5));
#11575 = VECTOR('',#11576,1.);
#11576 = DIRECTION('',(0.653281482438,-0.382683432365,0.653281482438));
#11577 = ORIENTED_EDGE('',*,*,#10721,.T.);
#11578 = PLANE('',#11579);
#11579 = AXIS2_PLACEMENT_3D('',#11580,#11581,#11582);
#11580 = CARTESIAN_POINT('',(-99.25,45.9,-8.25));
#11581 = DIRECTION('',(-0.707106781187,0.,0.707106781187));
#11582 = DIRECTION('',(0.707106781187,0.,0.707106781187));
#11583 = ADVANCED_FACE('',(#11584),#11589,.T.);
#11584 = FACE_BOUND('',#11585,.T.);
#11585 = EDGE_LOOP('',(#11586,#11587,#11588));
#11586 = ORIENTED_EDGE('',*,*,#11196,.F.);
#11587 = ORIENTED_EDGE('',*,*,#11572,.F.);
#11588 = ORIENTED_EDGE('',*,*,#11429,.F.);
#11589 = PLANE('',#11590);
#11590 = AXIS2_PLACEMENT_3D('',#11591,#11592,#11593);
#11591 = CARTESIAN_POINT('',(-99.5,42.9,-8.5));
#11592 = DIRECTION('',(-0.756975158958,-0.31354937722,0.573302186256));
#11593 = DIRECTION('',(0.60374805522,-2.59814516498E-16,0.797175191421)
  );
#11594 = ADVANCED_FACE('',(#11595),#11611,.T.);
#11595 = FACE_BOUND('',#11596,.T.);
#11596 = EDGE_LOOP('',(#11597,#11603,#11604,#11610));
#11597 = ORIENTED_EDGE('',*,*,#11598,.T.);
#11598 = EDGE_CURVE('',#10834,#10904,#11599,.T.);
#11599 = LINE('',#11600,#11601);
#11600 = CARTESIAN_POINT('',(-96.5,54.657359312881,-13.5));
#11601 = VECTOR('',#11602,1.);
#11602 = DIRECTION('',(0.370274559652,0.893921863713,-0.252587513646));
#11603 = ORIENTED_EDGE('',*,*,#10903,.T.);
#11604 = ORIENTED_EDGE('',*,*,#11605,.T.);
#11605 = EDGE_CURVE('',#10906,#10842,#11606,.T.);
#11606 = LINE('',#11607,#11608);
#11607 = CARTESIAN_POINT('',(-96.1464466094,55.510912703474,-8.5));
#11608 = VECTOR('',#11609,1.);
#11609 = DIRECTION('',(-0.382683432365,-0.923879532511,0.));
#11610 = ORIENTED_EDGE('',*,*,#10841,.T.);
#11611 = PLANE('',#11612);
#11612 = AXIS2_PLACEMENT_3D('',#11613,#11614,#11615);
#11613 = CARTESIAN_POINT('',(-96.3232233047,55.084136008177,8.));
#11614 = DIRECTION('',(0.923879532511,-0.382683432365,0.));
#11615 = DIRECTION('',(0.,0.,-1.));
#11616 = ADVANCED_FACE('',(#11617),#11622,.T.);
#11617 = FACE_BOUND('',#11618,.T.);
#11618 = EDGE_LOOP('',(#11619,#11620,#11621));
#11619 = ORIENTED_EDGE('',*,*,#11130,.F.);
#11620 = ORIENTED_EDGE('',*,*,#11598,.F.);
#11621 = ORIENTED_EDGE('',*,*,#11181,.F.);
#11622 = PLANE('',#11623);
#11623 = AXIS2_PLACEMENT_3D('',#11624,#11625,#11626);
#11624 = CARTESIAN_POINT('',(-96.5,54.657359312881,-13.5));
#11625 = DIRECTION('',(-9.846595692483E-02,-0.232612298039,
    -0.967572206157));
#11626 = DIRECTION('',(-0.994861716238,3.022342702103E-17,0.101243101315
    ));
#11627 = ADVANCED_FACE('',(#11628),#11633,.T.);
#11628 = FACE_BOUND('',#11629,.T.);
#11629 = EDGE_LOOP('',(#11630,#11631,#11632));
#11630 = ORIENTED_EDGE('',*,*,#11115,.F.);
#11631 = ORIENTED_EDGE('',*,*,#11152,.F.);
#11632 = ORIENTED_EDGE('',*,*,#11473,.F.);
#11633 = PLANE('',#11634);
#11634 = AXIS2_PLACEMENT_3D('',#11635,#11636,#11637);
#11635 = CARTESIAN_POINT('',(-96.1464466094,43.289087296526,-8.5));
#11636 = DIRECTION('',(0.520840998147,0.215739405272,0.825942591021));
#11637 = DIRECTION('',(0.845861810898,-7.242091393107E-17,
    -0.533402096794));
#11638 = ADVANCED_FACE('',(#11639),#11664,.T.);
#11639 = FACE_BOUND('',#11640,.T.);
#11640 = EDGE_LOOP('',(#11641,#11649,#11657,#11663));
#11641 = ORIENTED_EDGE('',*,*,#11642,.T.);
#11642 = EDGE_CURVE('',#10946,#11643,#11645,.T.);
#11643 = VERTEX_POINT('',#11644);
#11644 = CARTESIAN_POINT('',(-94.5,61.9,-16.5));
#11645 = LINE('',#11646,#11647);
#11646 = CARTESIAN_POINT('',(-94.85355339059,60.434074173711,
    -15.6464466094));
#11647 = VECTOR('',#11648,1.);
#11648 = DIRECTION('',(0.204039421211,0.846001382232,-0.492594737947));
#11649 = ORIENTED_EDGE('',*,*,#11650,.T.);
#11650 = EDGE_CURVE('',#11643,#11651,#11653,.T.);
#11651 = VERTEX_POINT('',#11652);
#11652 = CARTESIAN_POINT('',(-94.5,56.657359312881,-16.5));
#11653 = LINE('',#11654,#11655);
#11654 = CARTESIAN_POINT('',(-94.5,24.7,-16.5));
#11655 = VECTOR('',#11656,1.);
#11656 = DIRECTION('',(0.,-1.,0.));
#11657 = ORIENTED_EDGE('',*,*,#11658,.T.);
#11658 = EDGE_CURVE('',#11651,#10944,#11659,.T.);
#11659 = LINE('',#11660,#11661);
#11660 = CARTESIAN_POINT('',(-94.5,56.657359312881,-16.5));
#11661 = VECTOR('',#11662,1.);
#11662 = DIRECTION('',(-0.295722408575,0.634698468918,0.71393704948));
#11663 = ORIENTED_EDGE('',*,*,#10943,.T.);
#11664 = PLANE('',#11665);
#11665 = AXIS2_PLACEMENT_3D('',#11666,#11667,#11668);
#11666 = CARTESIAN_POINT('',(-94.67677669529,24.7,-16.0732233047));
#11667 = DIRECTION('',(-0.923879532511,0.,-0.382683432365));
#11668 = DIRECTION('',(-0.382683432365,0.,0.923879532511));
#11669 = ADVANCED_FACE('',(#11670),#11691,.T.);
#11670 = FACE_BOUND('',#11671,.T.);
#11671 = EDGE_LOOP('',(#11672,#11678,#11684,#11690));
#11672 = ORIENTED_EDGE('',*,*,#11673,.T.);
#11673 = EDGE_CURVE('',#11016,#11064,#11674,.T.);
#11674 = LINE('',#11675,#11676);
#11675 = CARTESIAN_POINT('',(-94.85355339059,61.046446609407,-8.5));
#11676 = VECTOR('',#11677,1.);
#11677 = DIRECTION('',(0.259688343688,0.626943121322,0.734509555268));
#11678 = ORIENTED_EDGE('',*,*,#11679,.T.);
#11679 = EDGE_CURVE('',#11064,#11643,#11680,.T.);
#11680 = LINE('',#11681,#11682);
#11681 = CARTESIAN_POINT('',(-94.5,61.9,-15.075));
#11682 = VECTOR('',#11683,1.);
#11683 = DIRECTION('',(-8.E-16,-8.E-16,-1.));
#11684 = ORIENTED_EDGE('',*,*,#11685,.T.);
#11685 = EDGE_CURVE('',#11643,#11026,#11686,.T.);
#11686 = LINE('',#11687,#11688);
#11687 = CARTESIAN_POINT('',(-94.5,61.9,-16.5));
#11688 = VECTOR('',#11689,1.);
#11689 = DIRECTION('',(-0.204039421211,-0.492594737947,0.846001382232));
#11690 = ORIENTED_EDGE('',*,*,#11025,.T.);
#11691 = PLANE('',#11692);
#11692 = AXIS2_PLACEMENT_3D('',#11693,#11694,#11695);
#11693 = CARTESIAN_POINT('',(-94.67677669529,61.473223304703,-7.075));
#11694 = DIRECTION('',(-0.923879532511,0.382683432365,4.3E-16));
#11695 = DIRECTION('',(4.66098105401E-16,1.616217661849E-18,1.));
#11696 = ADVANCED_FACE('',(#11697),#11702,.T.);
#11697 = FACE_BOUND('',#11698,.T.);
#11698 = EDGE_LOOP('',(#11699,#11700,#11701));
#11699 = ORIENTED_EDGE('',*,*,#11510,.F.);
#11700 = ORIENTED_EDGE('',*,*,#11685,.F.);
#11701 = ORIENTED_EDGE('',*,*,#11642,.F.);
#11702 = PLANE('',#11703);
#11703 = AXIS2_PLACEMENT_3D('',#11704,#11705,#11706);
#11704 = CARTESIAN_POINT('',(-94.5,61.9,-16.5));
#11705 = DIRECTION('',(-0.97754534379,0.149005202651,-0.149005202651));
#11706 = DIRECTION('',(-0.150687414876,-1.202040118795E-17,
    0.988581459971));
#11707 = ADVANCED_FACE('',(#11708),#11724,.T.);
#11708 = FACE_BOUND('',#11709,.T.);
#11709 = EDGE_LOOP('',(#11710,#11716,#11717,#11723));
#11710 = ORIENTED_EDGE('',*,*,#11711,.T.);
#11711 = EDGE_CURVE('',#10706,#11016,#11712,.T.);
#11712 = LINE('',#11713,#11714);
#11713 = CARTESIAN_POINT('',(-95.,60.192893218813,-8.));
#11714 = VECTOR('',#11715,1.);
#11715 = DIRECTION('',(0.146446609407,0.853553390593,-0.5));
#11716 = ORIENTED_EDGE('',*,*,#11015,.T.);
#11717 = ORIENTED_EDGE('',*,*,#11718,.T.);
#11718 = EDGE_CURVE('',#11018,#10714,#11719,.T.);
#11719 = LINE('',#11720,#11721);
#11720 = CARTESIAN_POINT('',(-99.1464466094,56.753553390593,-8.5));
#11721 = VECTOR('',#11722,1.);
#11722 = DIRECTION('',(0.191341716183,-0.732537816329,0.653281482438));
#11723 = ORIENTED_EDGE('',*,*,#10713,.T.);
#11724 = PLANE('',#11725);
#11725 = AXIS2_PLACEMENT_3D('',#11726,#11727,#11728);
#11726 = CARTESIAN_POINT('',(-100.4482233047,55.098223304703,-8.25));
#11727 = DIRECTION('',(-0.5,0.5,0.707106781187));
#11728 = DIRECTION('',(0.816496580928,1.431403219405E-15,0.57735026919)
  );
#11729 = ADVANCED_FACE('',(#11730),#11735,.T.);
#11730 = FACE_BOUND('',#11731,.T.);
#11731 = EDGE_LOOP('',(#11732,#11733,#11734));
#11732 = ORIENTED_EDGE('',*,*,#11565,.F.);
#11733 = ORIENTED_EDGE('',*,*,#11718,.F.);
#11734 = ORIENTED_EDGE('',*,*,#11539,.F.);
#11735 = PLANE('',#11736);
#11736 = AXIS2_PLACEMENT_3D('',#11737,#11738,#11739);
#11737 = CARTESIAN_POINT('',(-99.1464466094,56.753553390593,-8.5));
#11738 = DIRECTION('',(-0.756975158958,0.31354937722,0.573302186256));
#11739 = DIRECTION('',(0.60374805522,3.309778327556E-17,0.797175191421)
  );
#11740 = ADVANCED_FACE('',(#11741),#11762,.T.);
#11741 = FACE_BOUND('',#11742,.T.);
#11742 = EDGE_LOOP('',(#11743,#11749,#11755,#11761));
#11743 = ORIENTED_EDGE('',*,*,#11744,.T.);
#11744 = EDGE_CURVE('',#10914,#11651,#11745,.T.);
#11745 = LINE('',#11746,#11747);
#11746 = CARTESIAN_POINT('',(-94.85355339059,56.803805922288,
    -15.03407417371));
#11747 = VECTOR('',#11748,1.);
#11748 = DIRECTION('',(0.233360434026,-9.666105669463E-02,
    -0.967574052954));
#11749 = ORIENTED_EDGE('',*,*,#11750,.T.);
#11750 = EDGE_CURVE('',#11651,#11056,#11751,.T.);
#11751 = LINE('',#11752,#11753);
#11752 = CARTESIAN_POINT('',(-94.5,56.657359312881,-15.075));
#11753 = VECTOR('',#11754,1.);
#11754 = DIRECTION('',(8.E-16,8.E-16,1.));
#11755 = ORIENTED_EDGE('',*,*,#11756,.T.);
#11756 = EDGE_CURVE('',#11056,#10922,#11757,.T.);
#11757 = LINE('',#11758,#11759);
#11758 = CARTESIAN_POINT('',(-94.5,56.657359312881,-7.5));
#11759 = VECTOR('',#11760,1.);
#11760 = DIRECTION('',(-0.330200775874,0.136773639673,-0.933948831094));
#11761 = ORIENTED_EDGE('',*,*,#10921,.T.);
#11762 = PLANE('',#11763);
#11763 = AXIS2_PLACEMENT_3D('',#11764,#11765,#11766);
#11764 = CARTESIAN_POINT('',(-94.67677669529,56.730582617584,-7.075));
#11765 = DIRECTION('',(-0.382683432365,-0.923879532511,1.05E-15));
#11766 = DIRECTION('',(1.233261292988E-18,-1.137022643861E-15,-1.));
#11767 = ADVANCED_FACE('',(#11768),#11773,.T.);
#11768 = FACE_BOUND('',#11769,.T.);
#11769 = EDGE_LOOP('',(#11770,#11771,#11772));
#11770 = ORIENTED_EDGE('',*,*,#11658,.F.);
#11771 = ORIENTED_EDGE('',*,*,#11744,.F.);
#11772 = ORIENTED_EDGE('',*,*,#11137,.F.);
#11773 = PLANE('',#11774);
#11774 = AXIS2_PLACEMENT_3D('',#11775,#11776,#11777);
#11775 = CARTESIAN_POINT('',(-94.85355339059,56.803805922288,
    -15.03407417371));
#11776 = DIRECTION('',(-0.95512975481,-0.209436328601,-0.209436328601));
#11777 = DIRECTION('',(-0.214186495298,-1.797714670216E-16,
    0.976792785207));
#11778 = ADVANCED_FACE('',(#11779),#11784,.T.);
#11779 = FACE_BOUND('',#11780,.T.);
#11780 = EDGE_LOOP('',(#11781,#11782,#11783));
#11781 = ORIENTED_EDGE('',*,*,#11093,.F.);
#11782 = ORIENTED_EDGE('',*,*,#11108,.F.);
#11783 = ORIENTED_EDGE('',*,*,#11605,.F.);
#11784 = PLANE('',#11785);
#11785 = AXIS2_PLACEMENT_3D('',#11786,#11787,#11788);
#11786 = CARTESIAN_POINT('',(-96.5,54.657359312881,-8.5));
#11787 = DIRECTION('',(0.520840998147,-0.215739405272,0.825942591021));
#11788 = DIRECTION('',(0.845861810898,2.045279494194E-17,-0.533402096794
    ));
#11789 = ADVANCED_FACE('',(#11790),#11795,.T.);
#11790 = FACE_BOUND('',#11791,.T.);
#11791 = EDGE_LOOP('',(#11792,#11793,#11794));
#11792 = ORIENTED_EDGE('',*,*,#11071,.F.);
#11793 = ORIENTED_EDGE('',*,*,#11673,.F.);
#11794 = ORIENTED_EDGE('',*,*,#11711,.F.);
#11795 = PLANE('',#11796);
#11796 = AXIS2_PLACEMENT_3D('',#11797,#11798,#11799);
#11797 = CARTESIAN_POINT('',(-94.85355339059,61.046446609407,-8.5));
#11798 = DIRECTION('',(-0.961007183383,0.242609246693,0.132687402965));
#11799 = DIRECTION('',(0.136773639673,-1.882302214761E-17,0.990602327622
    ));
#11800 = ADVANCED_FACE('',(#11801),#11806,.T.);
#11801 = FACE_BOUND('',#11802,.T.);
#11802 = EDGE_LOOP('',(#11803,#11804,#11805));
#11803 = ORIENTED_EDGE('',*,*,#11086,.F.);
#11804 = ORIENTED_EDGE('',*,*,#11756,.F.);
#11805 = ORIENTED_EDGE('',*,*,#11055,.F.);
#11806 = PLANE('',#11807);
#11807 = AXIS2_PLACEMENT_3D('',#11808,#11809,#11810);
#11808 = CARTESIAN_POINT('',(-94.5,56.657359312881,-7.5));
#11809 = DIRECTION('',(-0.864584498274,-0.440859983096,0.241114331072));
#11810 = DIRECTION('',(0.268628351327,-1.991037325028E-16,0.96324389895)
  );
#11811 = ADVANCED_FACE('',(#11812),#11846,.T.);
#11812 = FACE_BOUND('',#11813,.T.);
#11813 = EDGE_LOOP('',(#11814,#11824,#11832,#11840));
#11814 = ORIENTED_EDGE('',*,*,#11815,.F.);
#11815 = EDGE_CURVE('',#11816,#11818,#11820,.T.);
#11816 = VERTEX_POINT('',#11817);
#11817 = CARTESIAN_POINT('',(-94.85355339059,37.753553390593,11.5));
#11818 = VERTEX_POINT('',#11819);
#11819 = CARTESIAN_POINT('',(-94.85355339059,37.753553390593,
    4.965925826289));
#11820 = LINE('',#11821,#11822);
#11821 = CARTESIAN_POINT('',(-94.85355339059,37.753553390593,-7.075));
#11822 = VECTOR('',#11823,1.);
#11823 = DIRECTION('',(-8.E-16,8.E-16,-1.));
#11824 = ORIENTED_EDGE('',*,*,#11825,.F.);
#11825 = EDGE_CURVE('',#11826,#11816,#11828,.T.);
#11826 = VERTEX_POINT('',#11827);
#11827 = CARTESIAN_POINT('',(-99.1464466094,42.046446609407,11.5));
#11828 = LINE('',#11829,#11830);
#11829 = CARTESIAN_POINT('',(-100.625,43.525,11.5));
#11830 = VECTOR('',#11831,1.);
#11831 = DIRECTION('',(0.707106781187,-0.707106781187,0.));
#11832 = ORIENTED_EDGE('',*,*,#11833,.F.);
#11833 = EDGE_CURVE('',#11834,#11826,#11836,.T.);
#11834 = VERTEX_POINT('',#11835);
#11835 = CARTESIAN_POINT('',(-99.1464466094,42.046446609407,
    9.258819045103));
#11836 = LINE('',#11837,#11838);
#11837 = CARTESIAN_POINT('',(-99.1464466094,42.046446609407,8.));
#11838 = VECTOR('',#11839,1.);
#11839 = DIRECTION('',(0.,0.,1.));
#11840 = ORIENTED_EDGE('',*,*,#11841,.F.);
#11841 = EDGE_CURVE('',#11818,#11834,#11842,.T.);
#11842 = LINE('',#11843,#11844);
#11843 = CARTESIAN_POINT('',(-99.21846483909,42.11846483909,
    9.330837274786));
#11844 = VECTOR('',#11845,1.);
#11845 = DIRECTION('',(-0.57735026919,0.57735026919,0.57735026919));
#11846 = PLANE('',#11847);
#11847 = AXIS2_PLACEMENT_3D('',#11848,#11849,#11850);
#11848 = CARTESIAN_POINT('',(-99.5,42.4,8.));
#11849 = DIRECTION('',(-0.707106781187,-0.707106781187,0.));
#11850 = DIRECTION('',(0.707106781187,-0.707106781187,0.));
#11851 = ADVANCED_FACE('',(#11852),#11918,.T.);
#11852 = FACE_BOUND('',#11853,.T.);
#11853 = EDGE_LOOP('',(#11854,#11864,#11872,#11880,#11888,#11896,#11904,
    #11912));
#11854 = ORIENTED_EDGE('',*,*,#11855,.F.);
#11855 = EDGE_CURVE('',#11856,#11858,#11860,.T.);
#11856 = VERTEX_POINT('',#11857);
#11857 = CARTESIAN_POINT('',(-94.85355339059,38.365925826289,
    4.353553390593));
#11858 = VERTEX_POINT('',#11859);
#11859 = CARTESIAN_POINT('',(-94.85355339059,41.383821642017,
    4.353553390593));
#11860 = LINE('',#11861,#11862);
#11861 = CARTESIAN_POINT('',(-94.85355339059,24.7,4.353553390593));
#11862 = VECTOR('',#11863,1.);
#11863 = DIRECTION('',(0.,1.,0.));
#11864 = ORIENTED_EDGE('',*,*,#11865,.F.);
#11865 = EDGE_CURVE('',#11866,#11856,#11868,.T.);
#11866 = VERTEX_POINT('',#11867);
#11867 = CARTESIAN_POINT('',(-99.1464466094,42.658819045102,
    8.646446609407));
#11868 = LINE('',#11869,#11870);
#11869 = CARTESIAN_POINT('',(-99.21846483909,42.730837274786,
    8.71846483909));
#11870 = VECTOR('',#11871,1.);
#11871 = DIRECTION('',(0.57735026919,-0.57735026919,-0.57735026919));
#11872 = ORIENTED_EDGE('',*,*,#11873,.F.);
#11873 = EDGE_CURVE('',#11874,#11866,#11876,.T.);
#11874 = VERTEX_POINT('',#11875);
#11875 = CARTESIAN_POINT('',(-99.1464466094,56.141180954897,
    8.646446609407));
#11876 = LINE('',#11877,#11878);
#11877 = CARTESIAN_POINT('',(-99.1464466094,52.9,8.646446609407));
#11878 = VECTOR('',#11879,1.);
#11879 = DIRECTION('',(0.,-1.,0.));
#11880 = ORIENTED_EDGE('',*,*,#11881,.F.);
#11881 = EDGE_CURVE('',#11882,#11874,#11884,.T.);
#11882 = VERTEX_POINT('',#11883);
#11883 = CARTESIAN_POINT('',(-94.85355339059,60.434074173711,
    4.353553390593));
#11884 = LINE('',#11885,#11886);
#11885 = CARTESIAN_POINT('',(-97.55179817242,57.735829391881,
    7.051798172424));
#11886 = VECTOR('',#11887,1.);
#11887 = DIRECTION('',(-0.57735026919,-0.57735026919,0.57735026919));
#11888 = ORIENTED_EDGE('',*,*,#11889,.F.);
#11889 = EDGE_CURVE('',#11890,#11882,#11892,.T.);
#11890 = VERTEX_POINT('',#11891);
#11891 = CARTESIAN_POINT('',(-94.85355339059,57.416178357983,
    4.353553390593));
#11892 = LINE('',#11893,#11894);
#11893 = CARTESIAN_POINT('',(-94.85355339059,24.7,4.353553390593));
#11894 = VECTOR('',#11895,1.);
#11895 = DIRECTION('',(0.,1.,0.));
#11896 = ORIENTED_EDGE('',*,*,#11897,.F.);
#11897 = EDGE_CURVE('',#11898,#11890,#11900,.T.);
#11898 = VERTEX_POINT('',#11899);
#11899 = CARTESIAN_POINT('',(-96.85355339059,55.416178357983,
    6.353553390593));
#11900 = LINE('',#11901,#11902);
#11901 = CARTESIAN_POINT('',(-97.91960634836,54.350125400209,
    7.419606348368));
#11902 = VECTOR('',#11903,1.);
#11903 = DIRECTION('',(0.57735026919,0.57735026919,-0.57735026919));
#11904 = ORIENTED_EDGE('',*,*,#11905,.F.);
#11905 = EDGE_CURVE('',#11906,#11898,#11908,.T.);
#11906 = VERTEX_POINT('',#11907);
#11907 = CARTESIAN_POINT('',(-96.85355339059,43.383821642017,
    6.353553390593));
#11908 = LINE('',#11909,#11910);
#11909 = CARTESIAN_POINT('',(-96.85355339059,46.52132034356,
    6.353553390593));
#11910 = VECTOR('',#11911,1.);
#11911 = DIRECTION('',(0.,1.,0.));
#11912 = ORIENTED_EDGE('',*,*,#11913,.F.);
#11913 = EDGE_CURVE('',#11858,#11906,#11914,.T.);
#11914 = LINE('',#11915,#11916);
#11915 = CARTESIAN_POINT('',(-97.2529396817,43.783207933124,
    6.752939681701));
#11916 = VECTOR('',#11917,1.);
#11917 = DIRECTION('',(-0.57735026919,0.57735026919,0.57735026919));
#11918 = PLANE('',#11919);
#11919 = AXIS2_PLACEMENT_3D('',#11920,#11921,#11922);
#11920 = CARTESIAN_POINT('',(-96.26776695296,49.4,5.767766952966));
#11921 = DIRECTION('',(-0.707106781187,0.,-0.707106781187));
#11922 = DIRECTION('',(-0.707106781187,0.,0.707106781187));
#11923 = ADVANCED_FACE('',(#11924),#11958,.T.);
#11924 = FACE_BOUND('',#11925,.T.);
#11925 = EDGE_LOOP('',(#11926,#11936,#11944,#11952));
#11926 = ORIENTED_EDGE('',*,*,#11927,.F.);
#11927 = EDGE_CURVE('',#11928,#11930,#11932,.T.);
#11928 = VERTEX_POINT('',#11929);
#11929 = CARTESIAN_POINT('',(-99.5,42.9,11.5));
#11930 = VERTEX_POINT('',#11931);
#11931 = CARTESIAN_POINT('',(-99.5,42.9,9.5));
#11932 = LINE('',#11933,#11934);
#11933 = CARTESIAN_POINT('',(-99.5,42.9,8.));
#11934 = VECTOR('',#11935,1.);
#11935 = DIRECTION('',(0.,0.,-1.));
#11936 = ORIENTED_EDGE('',*,*,#11937,.F.);
#11937 = EDGE_CURVE('',#11938,#11928,#11940,.T.);
#11938 = VERTEX_POINT('',#11939);
#11939 = CARTESIAN_POINT('',(-99.5,55.9,11.5));
#11940 = LINE('',#11941,#11942);
#11941 = CARTESIAN_POINT('',(-99.5,52.9,11.5));
#11942 = VECTOR('',#11943,1.);
#11943 = DIRECTION('',(0.,-1.,0.));
#11944 = ORIENTED_EDGE('',*,*,#11945,.F.);
#11945 = EDGE_CURVE('',#11946,#11938,#11948,.T.);
#11946 = VERTEX_POINT('',#11947);
#11947 = CARTESIAN_POINT('',(-99.5,55.9,9.5));
#11948 = LINE('',#11949,#11950);
#11949 = CARTESIAN_POINT('',(-99.5,55.9,8.));
#11950 = VECTOR('',#11951,1.);
#11951 = DIRECTION('',(0.,0.,1.));
#11952 = ORIENTED_EDGE('',*,*,#11953,.F.);
#11953 = EDGE_CURVE('',#11930,#11946,#11954,.T.);
#11954 = LINE('',#11955,#11956);
#11955 = CARTESIAN_POINT('',(-99.5,52.9,9.5));
#11956 = VECTOR('',#11957,1.);
#11957 = DIRECTION('',(0.,1.,0.));
#11958 = PLANE('',#11959);
#11959 = AXIS2_PLACEMENT_3D('',#11960,#11961,#11962);
#11960 = CARTESIAN_POINT('',(-99.5,56.4,8.));
#11961 = DIRECTION('',(-1.,0.,0.));
#11962 = DIRECTION('',(0.,-1.,0.));
#11963 = ADVANCED_FACE('',(#11964),#11998,.T.);
#11964 = FACE_BOUND('',#11965,.T.);
#11965 = EDGE_LOOP('',(#11966,#11976,#11984,#11992));
#11966 = ORIENTED_EDGE('',*,*,#11967,.F.);
#11967 = EDGE_CURVE('',#11968,#11970,#11972,.T.);
#11968 = VERTEX_POINT('',#11969);
#11969 = CARTESIAN_POINT('',(-94.85355339059,41.996194077712,
    4.965925826289));
#11970 = VERTEX_POINT('',#11971);
#11971 = CARTESIAN_POINT('',(-94.85355339059,41.996194077712,11.5));
#11972 = LINE('',#11973,#11974);
#11973 = CARTESIAN_POINT('',(-94.85355339059,41.996194077712,-7.075));
#11974 = VECTOR('',#11975,1.);
#11975 = DIRECTION('',(8.E-16,-8.E-16,1.));
#11976 = ORIENTED_EDGE('',*,*,#11977,.F.);
#11977 = EDGE_CURVE('',#11978,#11968,#11980,.T.);
#11978 = VERTEX_POINT('',#11979);
#11979 = CARTESIAN_POINT('',(-96.1464466094,43.289087296526,
    6.258819045103));
#11980 = LINE('',#11981,#11982);
#11981 = CARTESIAN_POINT('',(-96.84469139123,43.987332078356,
    6.957063826933));
#11982 = VECTOR('',#11983,1.);
#11983 = DIRECTION('',(0.57735026919,-0.57735026919,-0.57735026919));
#11984 = ORIENTED_EDGE('',*,*,#11985,.F.);
#11985 = EDGE_CURVE('',#11986,#11978,#11988,.T.);
#11986 = VERTEX_POINT('',#11987);
#11987 = CARTESIAN_POINT('',(-96.1464466094,43.289087296526,11.5));
#11988 = LINE('',#11989,#11990);
#11989 = CARTESIAN_POINT('',(-96.1464466094,43.289087296526,8.));
#11990 = VECTOR('',#11991,1.);
#11991 = DIRECTION('',(0.,0.,-1.));
#11992 = ORIENTED_EDGE('',*,*,#11993,.F.);
#11993 = EDGE_CURVE('',#11970,#11986,#11994,.T.);
#11994 = LINE('',#11995,#11996);
#11995 = CARTESIAN_POINT('',(-97.06433982822,44.20698051534,11.5));
#11996 = VECTOR('',#11997,1.);
#11997 = DIRECTION('',(-0.707106781187,0.707106781187,0.));
#11998 = PLANE('',#11999);
#11999 = AXIS2_PLACEMENT_3D('',#12000,#12001,#12002);
#12000 = CARTESIAN_POINT('',(-94.5,41.642640687119,8.));
#12001 = DIRECTION('',(0.707106781187,0.707106781187,0.));
#12002 = DIRECTION('',(-0.707106781187,0.707106781187,0.));
#12003 = ADVANCED_FACE('',(#12004),#12038,.T.);
#12004 = FACE_BOUND('',#12005,.T.);
#12005 = EDGE_LOOP('',(#12006,#12016,#12024,#12032));
#12006 = ORIENTED_EDGE('',*,*,#12007,.F.);
#12007 = EDGE_CURVE('',#12008,#12010,#12012,.T.);
#12008 = VERTEX_POINT('',#12009);
#12009 = CARTESIAN_POINT('',(-99.1464466094,56.753553390593,11.5));
#12010 = VERTEX_POINT('',#12011);
#12011 = CARTESIAN_POINT('',(-99.1464466094,56.753553390593,
    9.258819045103));
#12012 = LINE('',#12013,#12014);
#12013 = CARTESIAN_POINT('',(-99.1464466094,56.753553390593,8.));
#12014 = VECTOR('',#12015,1.);
#12015 = DIRECTION('',(0.,0.,-1.));
#12016 = ORIENTED_EDGE('',*,*,#12017,.F.);
#12017 = EDGE_CURVE('',#12018,#12008,#12020,.T.);
#12018 = VERTEX_POINT('',#12019);
#12019 = CARTESIAN_POINT('',(-94.85355339059,61.046446609407,11.5));
#12020 = LINE('',#12021,#12022);
#12021 = CARTESIAN_POINT('',(-98.125,57.775,11.5));
#12022 = VECTOR('',#12023,1.);
#12023 = DIRECTION('',(-0.707106781187,-0.707106781187,0.));
#12024 = ORIENTED_EDGE('',*,*,#12025,.F.);
#12025 = EDGE_CURVE('',#12026,#12018,#12028,.T.);
#12026 = VERTEX_POINT('',#12027);
#12027 = CARTESIAN_POINT('',(-94.85355339059,61.046446609407,
    4.965925826289));
#12028 = LINE('',#12029,#12030);
#12029 = CARTESIAN_POINT('',(-94.85355339059,61.046446609407,-7.075));
#12030 = VECTOR('',#12031,1.);
#12031 = DIRECTION('',(8.E-16,8.E-16,1.));
#12032 = ORIENTED_EDGE('',*,*,#12033,.F.);
#12033 = EDGE_CURVE('',#12010,#12026,#12034,.T.);
#12034 = LINE('',#12035,#12036);
#12035 = CARTESIAN_POINT('',(-97.55179817242,58.348201827577,
    7.664170608119));
#12036 = VECTOR('',#12037,1.);
#12037 = DIRECTION('',(0.57735026919,0.57735026919,-0.57735026919));
#12038 = PLANE('',#12039);
#12039 = AXIS2_PLACEMENT_3D('',#12040,#12041,#12042);
#12040 = CARTESIAN_POINT('',(-94.5,61.4,8.));
#12041 = DIRECTION('',(-0.707106781187,0.707106781187,0.));
#12042 = DIRECTION('',(-0.707106781187,-0.707106781187,0.));
#12043 = ADVANCED_FACE('',(#12044),#12078,.T.);
#12044 = FACE_BOUND('',#12045,.T.);
#12045 = EDGE_LOOP('',(#12046,#12056,#12064,#12072));
#12046 = ORIENTED_EDGE('',*,*,#12047,.F.);
#12047 = EDGE_CURVE('',#12048,#12050,#12052,.T.);
#12048 = VERTEX_POINT('',#12049);
#12049 = CARTESIAN_POINT('',(-96.5,44.142640687119,6.5));
#12050 = VERTEX_POINT('',#12051);
#12051 = CARTESIAN_POINT('',(-96.5,44.142640687119,11.5));
#12052 = LINE('',#12053,#12054);
#12053 = CARTESIAN_POINT('',(-96.5,44.142640687119,8.));
#12054 = VECTOR('',#12055,1.);
#12055 = DIRECTION('',(0.,0.,1.));
#12056 = ORIENTED_EDGE('',*,*,#12057,.F.);
#12057 = EDGE_CURVE('',#12058,#12048,#12060,.T.);
#12058 = VERTEX_POINT('',#12059);
#12059 = CARTESIAN_POINT('',(-96.5,54.657359312881,6.5));
#12060 = LINE('',#12061,#12062);
#12061 = CARTESIAN_POINT('',(-96.5,46.52132034356,6.5));
#12062 = VECTOR('',#12063,1.);
#12063 = DIRECTION('',(0.,-1.,0.));
#12064 = ORIENTED_EDGE('',*,*,#12065,.F.);
#12065 = EDGE_CURVE('',#12066,#12058,#12068,.T.);
#12066 = VERTEX_POINT('',#12067);
#12067 = CARTESIAN_POINT('',(-96.5,54.657359312881,11.5));
#12068 = LINE('',#12069,#12070);
#12069 = CARTESIAN_POINT('',(-96.5,54.657359312881,8.));
#12070 = VECTOR('',#12071,1.);
#12071 = DIRECTION('',(0.,0.,-1.));
#12072 = ORIENTED_EDGE('',*,*,#12073,.F.);
#12073 = EDGE_CURVE('',#12050,#12066,#12074,.T.);
#12074 = LINE('',#12075,#12076);
#12075 = CARTESIAN_POINT('',(-96.5,46.52132034356,11.5));
#12076 = VECTOR('',#12077,1.);
#12077 = DIRECTION('',(0.,1.,0.));
#12078 = PLANE('',#12079);
#12079 = AXIS2_PLACEMENT_3D('',#12080,#12081,#12082);
#12080 = CARTESIAN_POINT('',(-96.5,43.642640687119,8.));
#12081 = DIRECTION('',(1.,0.,0.));
#12082 = DIRECTION('',(-0.,1.,0.));
#12083 = ADVANCED_FACE('',(#12084),#12150,.T.);
#12084 = FACE_BOUND('',#12085,.T.);
#12085 = EDGE_LOOP('',(#12086,#12096,#12104,#12112,#12120,#12128,#12136,
    #12144));
#12086 = ORIENTED_EDGE('',*,*,#12087,.F.);
#12087 = EDGE_CURVE('',#12088,#12090,#12092,.T.);
#12088 = VERTEX_POINT('',#12089);
#12089 = CARTESIAN_POINT('',(-95.,57.364466094067,12.));
#12090 = VERTEX_POINT('',#12091);
#12091 = CARTESIAN_POINT('',(-97.,55.364466094067,12.));
#12092 = LINE('',#12093,#12094);
#12093 = CARTESIAN_POINT('',(-98.41789321881,53.946572875254,12.));
#12094 = VECTOR('',#12095,1.);
#12095 = DIRECTION('',(-0.707106781187,-0.707106781187,0.));
#12096 = ORIENTED_EDGE('',*,*,#12097,.F.);
#12097 = EDGE_CURVE('',#12098,#12088,#12100,.T.);
#12098 = VERTEX_POINT('',#12099);
#12099 = CARTESIAN_POINT('',(-95.,60.192893218814,12.));
#12100 = LINE('',#12101,#12102);
#12101 = CARTESIAN_POINT('',(-95.,24.7,12.));
#12102 = VECTOR('',#12103,1.);
#12103 = DIRECTION('',(0.,-1.,0.));
#12104 = ORIENTED_EDGE('',*,*,#12105,.F.);
#12105 = EDGE_CURVE('',#12106,#12098,#12108,.T.);
#12106 = VERTEX_POINT('',#12107);
#12107 = CARTESIAN_POINT('',(-99.,56.192893218814,12.));
#12108 = LINE('',#12109,#12110);
#12109 = CARTESIAN_POINT('',(-97.7714466094,57.421446609407,12.));
#12110 = VECTOR('',#12111,1.);
#12111 = DIRECTION('',(0.707106781187,0.707106781187,0.));
#12112 = ORIENTED_EDGE('',*,*,#12113,.F.);
#12113 = EDGE_CURVE('',#12114,#12106,#12116,.T.);
#12114 = VERTEX_POINT('',#12115);
#12115 = CARTESIAN_POINT('',(-99.,42.607106781187,12.));
#12116 = LINE('',#12117,#12118);
#12117 = CARTESIAN_POINT('',(-99.,52.9,12.));
#12118 = VECTOR('',#12119,1.);
#12119 = DIRECTION('',(0.,1.,0.));
#12120 = ORIENTED_EDGE('',*,*,#12121,.F.);
#12121 = EDGE_CURVE('',#12122,#12114,#12124,.T.);
#12122 = VERTEX_POINT('',#12123);
#12123 = CARTESIAN_POINT('',(-95.,38.607106781186,12.));
#12124 = LINE('',#12125,#12126);
#12125 = CARTESIAN_POINT('',(-100.2714466094,43.878553390593,12.));
#12126 = VECTOR('',#12127,1.);
#12127 = DIRECTION('',(-0.707106781187,0.707106781187,0.));
#12128 = ORIENTED_EDGE('',*,*,#12129,.F.);
#12129 = EDGE_CURVE('',#12130,#12122,#12132,.T.);
#12130 = VERTEX_POINT('',#12131);
#12131 = CARTESIAN_POINT('',(-95.,41.435533905933,12.));
#12132 = LINE('',#12133,#12134);
#12133 = CARTESIAN_POINT('',(-95.,24.7,12.));
#12134 = VECTOR('',#12135,1.);
#12135 = DIRECTION('',(0.,-1.,0.));
#12136 = ORIENTED_EDGE('',*,*,#12137,.F.);
#12137 = EDGE_CURVE('',#12138,#12130,#12140,.T.);
#12138 = VERTEX_POINT('',#12139);
#12139 = CARTESIAN_POINT('',(-97.,43.435533905933,12.));
#12140 = LINE('',#12141,#12142);
#12141 = CARTESIAN_POINT('',(-97.41789321881,43.853427124746,12.));
#12142 = VECTOR('',#12143,1.);
#12143 = DIRECTION('',(0.707106781187,-0.707106781187,0.));
#12144 = ORIENTED_EDGE('',*,*,#12145,.F.);
#12145 = EDGE_CURVE('',#12090,#12138,#12146,.T.);
#12146 = LINE('',#12147,#12148);
#12147 = CARTESIAN_POINT('',(-97.,46.52132034356,12.));
#12148 = VECTOR('',#12149,1.);
#12149 = DIRECTION('',(0.,-1.,0.));
#12150 = PLANE('',#12151);
#12151 = AXIS2_PLACEMENT_3D('',#12152,#12153,#12154);
#12152 = CARTESIAN_POINT('',(-97.,49.4,12.));
#12153 = DIRECTION('',(0.,0.,1.));
#12154 = DIRECTION('',(1.,0.,-0.));
#12155 = ADVANCED_FACE('',(#12156),#12190,.T.);
#12156 = FACE_BOUND('',#12157,.T.);
#12157 = EDGE_LOOP('',(#12158,#12168,#12176,#12184));
#12158 = ORIENTED_EDGE('',*,*,#12159,.F.);
#12159 = EDGE_CURVE('',#12160,#12162,#12164,.T.);
#12160 = VERTEX_POINT('',#12161);
#12161 = CARTESIAN_POINT('',(-96.1464466094,55.510912703474,
    6.258819045103));
#12162 = VERTEX_POINT('',#12163);
#12163 = CARTESIAN_POINT('',(-96.1464466094,55.510912703474,11.5));
#12164 = LINE('',#12165,#12166);
#12165 = CARTESIAN_POINT('',(-96.1464466094,55.510912703474,8.));
#12166 = VECTOR('',#12167,1.);
#12167 = DIRECTION('',(0.,0.,1.));
#12168 = ORIENTED_EDGE('',*,*,#12169,.F.);
#12169 = EDGE_CURVE('',#12170,#12160,#12172,.T.);
#12170 = VERTEX_POINT('',#12171);
#12171 = CARTESIAN_POINT('',(-94.85355339059,56.803805922287,
    4.965925826289));
#12172 = LINE('',#12173,#12174);
#12173 = CARTESIAN_POINT('',(-97.5113580579,54.146001254977,
    7.623730493599));
#12174 = VECTOR('',#12175,1.);
#12175 = DIRECTION('',(-0.57735026919,-0.57735026919,0.57735026919));
#12176 = ORIENTED_EDGE('',*,*,#12177,.F.);
#12177 = EDGE_CURVE('',#12178,#12170,#12180,.T.);
#12178 = VERTEX_POINT('',#12179);
#12179 = CARTESIAN_POINT('',(-94.85355339059,56.803805922287,11.5));
#12180 = LINE('',#12181,#12182);
#12181 = CARTESIAN_POINT('',(-94.85355339059,56.803805922288,-7.075));
#12182 = VECTOR('',#12183,1.);
#12183 = DIRECTION('',(-8.E-16,-8.E-16,-1.));
#12184 = ORIENTED_EDGE('',*,*,#12185,.F.);
#12185 = EDGE_CURVE('',#12162,#12178,#12186,.T.);
#12186 = LINE('',#12187,#12188);
#12187 = CARTESIAN_POINT('',(-98.06433982822,53.593019484661,11.5));
#12188 = VECTOR('',#12189,1.);
#12189 = DIRECTION('',(0.707106781187,0.707106781187,0.));
#12190 = PLANE('',#12191);
#12191 = AXIS2_PLACEMENT_3D('',#12192,#12193,#12194);
#12192 = CARTESIAN_POINT('',(-96.5,55.157359312881,8.));
#12193 = DIRECTION('',(0.707106781187,-0.707106781187,0.));
#12194 = DIRECTION('',(0.707106781187,0.707106781187,0.));
#12195 = ADVANCED_FACE('',(#12196),#12212,.T.);
#12196 = FACE_BOUND('',#12197,.T.);
#12197 = EDGE_LOOP('',(#12198,#12204,#12205,#12211));
#12198 = ORIENTED_EDGE('',*,*,#12199,.T.);
#12199 = EDGE_CURVE('',#12160,#11898,#12200,.T.);
#12200 = LINE('',#12201,#12202);
#12201 = CARTESIAN_POINT('',(-96.1464466094,55.510912703474,
    6.258819045103));
#12202 = VECTOR('',#12203,1.);
#12203 = DIRECTION('',(-0.982520050849,-0.131632727086,0.131632727086));
#12204 = ORIENTED_EDGE('',*,*,#11897,.T.);
#12205 = ORIENTED_EDGE('',*,*,#12206,.T.);
#12206 = EDGE_CURVE('',#11890,#12170,#12207,.T.);
#12207 = LINE('',#12208,#12209);
#12208 = CARTESIAN_POINT('',(-94.85355339059,57.416178357983,
    4.353553390593));
#12209 = VECTOR('',#12210,1.);
#12210 = DIRECTION('',(-4.102E-14,-0.707106781187,0.707106781187));
#12211 = ORIENTED_EDGE('',*,*,#12169,.T.);
#12212 = PLANE('',#12213);
#12213 = AXIS2_PLACEMENT_3D('',#12214,#12215,#12216);
#12214 = CARTESIAN_POINT('',(-97.71548220313,54.248063327593,
    7.521668420984));
#12215 = DIRECTION('',(0.,-0.707106781187,-0.707106781187));
#12216 = DIRECTION('',(-1.,2.2E-16,-2.2E-16));
#12217 = ADVANCED_FACE('',(#12218),#12243,.T.);
#12218 = FACE_BOUND('',#12219,.T.);
#12219 = EDGE_LOOP('',(#12220,#12228,#12236,#12242));
#12220 = ORIENTED_EDGE('',*,*,#12221,.T.);
#12221 = EDGE_CURVE('',#12088,#12222,#12224,.T.);
#12222 = VERTEX_POINT('',#12223);
#12223 = CARTESIAN_POINT('',(-94.5,56.657359312881,12.5));
#12224 = LINE('',#12225,#12226);
#12225 = CARTESIAN_POINT('',(-95.,57.364466094067,12.));
#12226 = VECTOR('',#12227,1.);
#12227 = DIRECTION('',(0.5,-0.707106781187,0.5));
#12228 = ORIENTED_EDGE('',*,*,#12229,.T.);
#12229 = EDGE_CURVE('',#12222,#12230,#12232,.T.);
#12230 = VERTEX_POINT('',#12231);
#12231 = CARTESIAN_POINT('',(-94.5,61.9,12.5));
#12232 = LINE('',#12233,#12234);
#12233 = CARTESIAN_POINT('',(-94.5,24.7,12.5));
#12234 = VECTOR('',#12235,1.);
#12235 = DIRECTION('',(0.,1.,0.));
#12236 = ORIENTED_EDGE('',*,*,#12237,.T.);
#12237 = EDGE_CURVE('',#12230,#12098,#12238,.T.);
#12238 = LINE('',#12239,#12240);
#12239 = CARTESIAN_POINT('',(-94.5,61.9,12.5));
#12240 = VECTOR('',#12241,1.);
#12241 = DIRECTION('',(-0.270598050073,-0.923879532511,-0.270598050073)
  );
#12242 = ORIENTED_EDGE('',*,*,#12097,.T.);
#12243 = PLANE('',#12244);
#12244 = AXIS2_PLACEMENT_3D('',#12245,#12246,#12247);
#12245 = CARTESIAN_POINT('',(-94.75,24.7,12.25));
#12246 = DIRECTION('',(-0.707106781187,0.,0.707106781187));
#12247 = DIRECTION('',(0.707106781187,0.,0.707106781187));
#12248 = ADVANCED_FACE('',(#12249),#12265,.T.);
#12249 = FACE_BOUND('',#12250,.T.);
#12250 = EDGE_LOOP('',(#12251,#12257,#12258,#12264));
#12251 = ORIENTED_EDGE('',*,*,#12252,.T.);
#12252 = EDGE_CURVE('',#12048,#11906,#12253,.T.);
#12253 = LINE('',#12254,#12255);
#12254 = CARTESIAN_POINT('',(-96.5,44.142640687119,6.5));
#12255 = VECTOR('',#12256,1.);
#12256 = DIRECTION('',(-0.416016296563,-0.892880954628,-0.172319592204)
  );
#12257 = ORIENTED_EDGE('',*,*,#11905,.T.);
#12258 = ORIENTED_EDGE('',*,*,#12259,.T.);
#12259 = EDGE_CURVE('',#11898,#12058,#12260,.T.);
#12260 = LINE('',#12261,#12262);
#12261 = CARTESIAN_POINT('',(-96.85355339059,55.416178357983,
    6.353553390593));
#12262 = VECTOR('',#12263,1.);
#12263 = DIRECTION('',(0.416016296563,-0.892880954628,0.172319592204));
#12264 = ORIENTED_EDGE('',*,*,#12057,.T.);
#12265 = PLANE('',#12266);
#12266 = AXIS2_PLACEMENT_3D('',#12267,#12268,#12269);
#12267 = CARTESIAN_POINT('',(-96.67677669529,46.52132034356,
    6.426776695297));
#12268 = DIRECTION('',(0.382683432365,0.,-0.923879532511));
#12269 = DIRECTION('',(-0.923879532511,0.,-0.382683432365));
#12270 = ADVANCED_FACE('',(#12271),#12287,.T.);
#12271 = FACE_BOUND('',#12272,.T.);
#12272 = EDGE_LOOP('',(#12273,#12279,#12280,#12286));
#12273 = ORIENTED_EDGE('',*,*,#12274,.T.);
#12274 = EDGE_CURVE('',#12026,#11882,#12275,.T.);
#12275 = LINE('',#12276,#12277);
#12276 = CARTESIAN_POINT('',(-94.85355339059,61.046446609407,
    4.965925826289));
#12277 = VECTOR('',#12278,1.);
#12278 = DIRECTION('',(4.102E-14,-0.707106781187,-0.707106781187));
#12279 = ORIENTED_EDGE('',*,*,#11881,.T.);
#12280 = ORIENTED_EDGE('',*,*,#12281,.T.);
#12281 = EDGE_CURVE('',#11874,#12010,#12282,.T.);
#12282 = LINE('',#12283,#12284);
#12283 = CARTESIAN_POINT('',(-99.1464466094,56.141180954898,
    8.646446609407));
#12284 = VECTOR('',#12285,1.);
#12285 = DIRECTION('',(0.,0.707106781187,0.707106781187));
#12286 = ORIENTED_EDGE('',*,*,#12033,.T.);
#12287 = PLANE('',#12288);
#12288 = AXIS2_PLACEMENT_3D('',#12289,#12290,#12291);
#12289 = CARTESIAN_POINT('',(-97.55179817242,58.042015609729,
    7.357984390271));
#12290 = DIRECTION('',(-0.816496580928,0.408248290464,-0.408248290464));
#12291 = DIRECTION('',(-0.4472135955,-3.721199458942E-16,0.894427191));
#12292 = ADVANCED_FACE('',(#12293),#12309,.T.);
#12293 = FACE_BOUND('',#12294,.T.);
#12294 = EDGE_LOOP('',(#12295,#12301,#12302,#12308));
#12295 = ORIENTED_EDGE('',*,*,#12296,.T.);
#12296 = EDGE_CURVE('',#12008,#12106,#12297,.T.);
#12297 = LINE('',#12298,#12299);
#12298 = CARTESIAN_POINT('',(-99.1464466094,56.753553390593,11.5));
#12299 = VECTOR('',#12300,1.);
#12300 = DIRECTION('',(0.191341716183,-0.732537816329,0.653281482438));
#12301 = ORIENTED_EDGE('',*,*,#12105,.T.);
#12302 = ORIENTED_EDGE('',*,*,#12303,.T.);
#12303 = EDGE_CURVE('',#12098,#12018,#12304,.T.);
#12304 = LINE('',#12305,#12306);
#12305 = CARTESIAN_POINT('',(-95.,60.192893218814,12.));
#12306 = VECTOR('',#12307,1.);
#12307 = DIRECTION('',(0.146446609407,0.853553390593,-0.5));
#12308 = ORIENTED_EDGE('',*,*,#12017,.T.);
#12309 = PLANE('',#12310);
#12310 = AXIS2_PLACEMENT_3D('',#12311,#12312,#12313);
#12311 = CARTESIAN_POINT('',(-97.9482233047,57.598223304703,11.75));
#12312 = DIRECTION('',(-0.5,0.5,0.707106781187));
#12313 = DIRECTION('',(0.816496580928,1.039771790837E-16,0.57735026919)
  );
#12314 = ADVANCED_FACE('',(#12315),#12331,.T.);
#12315 = FACE_BOUND('',#12316,.T.);
#12316 = EDGE_LOOP('',(#12317,#12323,#12324,#12330));
#12317 = ORIENTED_EDGE('',*,*,#12318,.T.);
#12318 = EDGE_CURVE('',#11968,#11858,#12319,.T.);
#12319 = LINE('',#12320,#12321);
#12320 = CARTESIAN_POINT('',(-94.85355339059,41.996194077712,
    4.965925826289));
#12321 = VECTOR('',#12322,1.);
#12322 = DIRECTION('',(2.051E-14,-0.707106781187,-0.707106781187));
#12323 = ORIENTED_EDGE('',*,*,#11913,.T.);
#12324 = ORIENTED_EDGE('',*,*,#12325,.T.);
#12325 = EDGE_CURVE('',#11906,#11978,#12326,.T.);
#12326 = LINE('',#12327,#12328);
#12327 = CARTESIAN_POINT('',(-96.85355339059,43.383821642017,
    6.353553390593));
#12328 = VECTOR('',#12329,1.);
#12329 = DIRECTION('',(0.982520050849,-0.131632727086,-0.131632727086));
#12330 = ORIENTED_EDGE('',*,*,#11977,.T.);
#12331 = PLANE('',#12332);
#12332 = AXIS2_PLACEMENT_3D('',#12333,#12334,#12335);
#12333 = CARTESIAN_POINT('',(-97.04881553646,43.88527000574,
    6.855001754317));
#12334 = DIRECTION('',(0.,0.707106781187,-0.707106781187));
#12335 = DIRECTION('',(-1.,2.94E-15,2.94E-15));
#12336 = ADVANCED_FACE('',(#12337),#12353,.T.);
#12337 = FACE_BOUND('',#12338,.T.);
#12338 = EDGE_LOOP('',(#12339,#12345,#12346,#12352));
#12339 = ORIENTED_EDGE('',*,*,#12340,.T.);
#12340 = EDGE_CURVE('',#11946,#11874,#12341,.T.);
#12341 = LINE('',#12342,#12343);
#12342 = CARTESIAN_POINT('',(-99.5,55.9,9.5));
#12343 = VECTOR('',#12344,1.);
#12344 = DIRECTION('',(0.370274559652,0.252587513646,-0.893921863713));
#12345 = ORIENTED_EDGE('',*,*,#11873,.T.);
#12346 = ORIENTED_EDGE('',*,*,#12347,.T.);
#12347 = EDGE_CURVE('',#11866,#11930,#12348,.T.);
#12348 = LINE('',#12349,#12350);
#12349 = CARTESIAN_POINT('',(-99.1464466094,42.658819045102,
    8.646446609407));
#12350 = VECTOR('',#12351,1.);
#12351 = DIRECTION('',(-0.370274559652,0.252587513646,0.893921863713));
#12352 = ORIENTED_EDGE('',*,*,#11953,.T.);
#12353 = PLANE('',#12354);
#12354 = AXIS2_PLACEMENT_3D('',#12355,#12356,#12357);
#12355 = CARTESIAN_POINT('',(-99.3232233047,52.9,9.073223304703));
#12356 = DIRECTION('',(-0.923879532511,0.,-0.382683432365));
#12357 = DIRECTION('',(-0.382683432365,0.,0.923879532511));
#12358 = ADVANCED_FACE('',(#12359),#12375,.T.);
#12359 = FACE_BOUND('',#12360,.T.);
#12360 = EDGE_LOOP('',(#12361,#12367,#12368,#12374));
#12361 = ORIENTED_EDGE('',*,*,#12362,.T.);
#12362 = EDGE_CURVE('',#11928,#12114,#12363,.T.);
#12363 = LINE('',#12364,#12365);
#12364 = CARTESIAN_POINT('',(-99.5,42.9,11.5));
#12365 = VECTOR('',#12366,1.);
#12366 = DIRECTION('',(0.653281482438,-0.382683432365,0.653281482438));
#12367 = ORIENTED_EDGE('',*,*,#12113,.T.);
#12368 = ORIENTED_EDGE('',*,*,#12369,.T.);
#12369 = EDGE_CURVE('',#12106,#11938,#12370,.T.);
#12370 = LINE('',#12371,#12372);
#12371 = CARTESIAN_POINT('',(-99.,56.192893218814,12.));
#12372 = VECTOR('',#12373,1.);
#12373 = DIRECTION('',(-0.653281482438,-0.382683432365,-0.653281482438)
  );
#12374 = ORIENTED_EDGE('',*,*,#11937,.T.);
#12375 = PLANE('',#12376);
#12376 = AXIS2_PLACEMENT_3D('',#12377,#12378,#12379);
#12377 = CARTESIAN_POINT('',(-99.25,52.9,11.75));
#12378 = DIRECTION('',(-0.707106781187,0.,0.707106781187));
#12379 = DIRECTION('',(0.707106781187,0.,0.707106781187));
#12380 = ADVANCED_FACE('',(#12381),#12397,.T.);
#12381 = FACE_BOUND('',#12382,.T.);
#12382 = EDGE_LOOP('',(#12383,#12389,#12390,#12396));
#12383 = ORIENTED_EDGE('',*,*,#12384,.T.);
#12384 = EDGE_CURVE('',#11834,#11866,#12385,.T.);
#12385 = LINE('',#12386,#12387);
#12386 = CARTESIAN_POINT('',(-99.1464466094,42.046446609407,
    9.258819045103));
#12387 = VECTOR('',#12388,1.);
#12388 = DIRECTION('',(0.,0.707106781187,-0.707106781187));
#12389 = ORIENTED_EDGE('',*,*,#11865,.T.);
#12390 = ORIENTED_EDGE('',*,*,#12391,.T.);
#12391 = EDGE_CURVE('',#11856,#11818,#12392,.T.);
#12392 = LINE('',#12393,#12394);
#12393 = CARTESIAN_POINT('',(-94.85355339059,38.365925826289,
    4.353553390593));
#12394 = VECTOR('',#12395,1.);
#12395 = DIRECTION('',(-4.102E-14,-0.707106781187,0.707106781187));
#12396 = ORIENTED_EDGE('',*,*,#11841,.T.);
#12397 = PLANE('',#12398);
#12398 = AXIS2_PLACEMENT_3D('',#12399,#12400,#12401);
#12399 = CARTESIAN_POINT('',(-99.21846483909,42.424651056938,
    9.024651056938));
#12400 = DIRECTION('',(-0.816496580928,-0.408248290464,-0.408248290464)
  );
#12401 = DIRECTION('',(-0.4472135955,1.107995566075E-16,0.894427191));
#12402 = ADVANCED_FACE('',(#12403),#12419,.T.);
#12403 = FACE_BOUND('',#12404,.T.);
#12404 = EDGE_LOOP('',(#12405,#12411,#12412,#12418));
#12405 = ORIENTED_EDGE('',*,*,#12406,.T.);
#12406 = EDGE_CURVE('',#11816,#12122,#12407,.T.);
#12407 = LINE('',#12408,#12409);
#12408 = CARTESIAN_POINT('',(-94.85355339059,37.753553390593,11.5));
#12409 = VECTOR('',#12410,1.);
#12410 = DIRECTION('',(-0.146446609407,0.853553390593,0.5));
#12411 = ORIENTED_EDGE('',*,*,#12121,.T.);
#12412 = ORIENTED_EDGE('',*,*,#12413,.T.);
#12413 = EDGE_CURVE('',#12114,#11826,#12414,.T.);
#12414 = LINE('',#12415,#12416);
#12415 = CARTESIAN_POINT('',(-99.,42.607106781187,12.));
#12416 = VECTOR('',#12417,1.);
#12417 = DIRECTION('',(-0.191341716183,-0.732537816329,-0.653281482438)
  );
#12418 = ORIENTED_EDGE('',*,*,#11825,.T.);
#12419 = PLANE('',#12420);
#12420 = AXIS2_PLACEMENT_3D('',#12421,#12422,#12423);
#12421 = CARTESIAN_POINT('',(-100.4482233047,43.701776695297,11.75));
#12422 = DIRECTION('',(-0.5,-0.5,0.707106781187));
#12423 = DIRECTION('',(0.816496580928,4.828349648967E-16,0.57735026919)
  );
#12424 = ADVANCED_FACE('',(#12425),#12450,.T.);
#12425 = FACE_BOUND('',#12426,.T.);
#12426 = EDGE_LOOP('',(#12427,#12435,#12443,#12449));
#12427 = ORIENTED_EDGE('',*,*,#12428,.T.);
#12428 = EDGE_CURVE('',#12122,#12429,#12431,.T.);
#12429 = VERTEX_POINT('',#12430);
#12430 = CARTESIAN_POINT('',(-94.5,36.9,12.5));
#12431 = LINE('',#12432,#12433);
#12432 = CARTESIAN_POINT('',(-95.,38.607106781187,12.));
#12433 = VECTOR('',#12434,1.);
#12434 = DIRECTION('',(0.270598050073,-0.923879532511,0.270598050073));
#12435 = ORIENTED_EDGE('',*,*,#12436,.T.);
#12436 = EDGE_CURVE('',#12429,#12437,#12439,.T.);
#12437 = VERTEX_POINT('',#12438);
#12438 = CARTESIAN_POINT('',(-94.5,42.142640687119,12.5));
#12439 = LINE('',#12440,#12441);
#12440 = CARTESIAN_POINT('',(-94.5,24.7,12.5));
#12441 = VECTOR('',#12442,1.);
#12442 = DIRECTION('',(0.,1.,0.));
#12443 = ORIENTED_EDGE('',*,*,#12444,.T.);
#12444 = EDGE_CURVE('',#12437,#12130,#12445,.T.);
#12445 = LINE('',#12446,#12447);
#12446 = CARTESIAN_POINT('',(-94.5,42.142640687119,12.5));
#12447 = VECTOR('',#12448,1.);
#12448 = DIRECTION('',(-0.5,-0.707106781187,-0.5));
#12449 = ORIENTED_EDGE('',*,*,#12129,.T.);
#12450 = PLANE('',#12451);
#12451 = AXIS2_PLACEMENT_3D('',#12452,#12453,#12454);
#12452 = CARTESIAN_POINT('',(-94.75,24.7,12.25));
#12453 = DIRECTION('',(-0.707106781187,0.,0.707106781187));
#12454 = DIRECTION('',(0.707106781187,0.,0.707106781187));
#12455 = ADVANCED_FACE('',(#12456),#12479,.T.);
#12456 = FACE_BOUND('',#12457,.T.);
#12457 = EDGE_LOOP('',(#12458,#12466,#12472,#12478));
#12458 = ORIENTED_EDGE('',*,*,#12459,.T.);
#12459 = EDGE_CURVE('',#11818,#12460,#12462,.T.);
#12460 = VERTEX_POINT('',#12461);
#12461 = CARTESIAN_POINT('',(-94.5,36.9,3.5));
#12462 = LINE('',#12463,#12464);
#12463 = CARTESIAN_POINT('',(-94.85355339059,37.753553390593,
    4.965925826289));
#12464 = VECTOR('',#12465,1.);
#12465 = DIRECTION('',(0.204039421211,-0.492594737947,-0.846001382232));
#12466 = ORIENTED_EDGE('',*,*,#12467,.T.);
#12467 = EDGE_CURVE('',#12460,#12429,#12468,.T.);
#12468 = LINE('',#12469,#12470);
#12469 = CARTESIAN_POINT('',(-94.5,36.9,-7.075));
#12470 = VECTOR('',#12471,1.);
#12471 = DIRECTION('',(8.E-16,-8.E-16,1.));
#12472 = ORIENTED_EDGE('',*,*,#12473,.T.);
#12473 = EDGE_CURVE('',#12429,#11816,#12474,.T.);
#12474 = LINE('',#12475,#12476);
#12475 = CARTESIAN_POINT('',(-94.5,36.9,12.5));
#12476 = VECTOR('',#12477,1.);
#12477 = DIRECTION('',(-0.259688343688,0.626943121322,-0.734509555268));
#12478 = ORIENTED_EDGE('',*,*,#11815,.T.);
#12479 = PLANE('',#12480);
#12480 = AXIS2_PLACEMENT_3D('',#12481,#12482,#12483);
#12481 = CARTESIAN_POINT('',(-94.67677669529,37.326776695297,-7.075));
#12482 = DIRECTION('',(-0.923879532511,-0.382683432365,4.3E-16));
#12483 = DIRECTION('',(4.66098105401E-16,-1.616217661849E-18,1.));
#12484 = ADVANCED_FACE('',(#12485),#12490,.T.);
#12485 = FACE_BOUND('',#12486,.T.);
#12486 = EDGE_LOOP('',(#12487,#12488,#12489));
#12487 = ORIENTED_EDGE('',*,*,#12406,.F.);
#12488 = ORIENTED_EDGE('',*,*,#12473,.F.);
#12489 = ORIENTED_EDGE('',*,*,#12428,.F.);
#12490 = PLANE('',#12491);
#12491 = AXIS2_PLACEMENT_3D('',#12492,#12493,#12494);
#12492 = CARTESIAN_POINT('',(-94.5,36.9,12.5));
#12493 = DIRECTION('',(-0.961007183383,-0.242609246693,0.132687402965));
#12494 = DIRECTION('',(0.136773639673,1.365665765997E-17,0.990602327622)
  );
#12495 = ADVANCED_FACE('',(#12496),#12519,.T.);
#12496 = FACE_BOUND('',#12497,.T.);
#12497 = EDGE_LOOP('',(#12498,#12506,#12512,#12518));
#12498 = ORIENTED_EDGE('',*,*,#12499,.T.);
#12499 = EDGE_CURVE('',#11858,#12500,#12502,.T.);
#12500 = VERTEX_POINT('',#12501);
#12501 = CARTESIAN_POINT('',(-94.5,42.142640687119,3.5));
#12502 = LINE('',#12503,#12504);
#12503 = CARTESIAN_POINT('',(-94.85355339059,41.383821642017,
    4.353553390593));
#12504 = VECTOR('',#12505,1.);
#12505 = DIRECTION('',(0.295722408575,0.634698468918,-0.71393704948));
#12506 = ORIENTED_EDGE('',*,*,#12507,.T.);
#12507 = EDGE_CURVE('',#12500,#12460,#12508,.T.);
#12508 = LINE('',#12509,#12510);
#12509 = CARTESIAN_POINT('',(-94.5,24.7,3.5));
#12510 = VECTOR('',#12511,1.);
#12511 = DIRECTION('',(0.,-1.,0.));
#12512 = ORIENTED_EDGE('',*,*,#12513,.T.);
#12513 = EDGE_CURVE('',#12460,#11856,#12514,.T.);
#12514 = LINE('',#12515,#12516);
#12515 = CARTESIAN_POINT('',(-94.5,36.9,3.5));
#12516 = VECTOR('',#12517,1.);
#12517 = DIRECTION('',(-0.204039421211,0.846001382232,0.492594737947));
#12518 = ORIENTED_EDGE('',*,*,#11855,.T.);
#12519 = PLANE('',#12520);
#12520 = AXIS2_PLACEMENT_3D('',#12521,#12522,#12523);
#12521 = CARTESIAN_POINT('',(-94.67677669529,24.7,3.926776695297));
#12522 = DIRECTION('',(-0.923879532511,0.,-0.382683432365));
#12523 = DIRECTION('',(-0.382683432365,0.,0.923879532511));
#12524 = ADVANCED_FACE('',(#12525),#12530,.T.);
#12525 = FACE_BOUND('',#12526,.T.);
#12526 = EDGE_LOOP('',(#12527,#12528,#12529));
#12527 = ORIENTED_EDGE('',*,*,#12391,.F.);
#12528 = ORIENTED_EDGE('',*,*,#12513,.F.);
#12529 = ORIENTED_EDGE('',*,*,#12459,.F.);
#12530 = PLANE('',#12531);
#12531 = AXIS2_PLACEMENT_3D('',#12532,#12533,#12534);
#12532 = CARTESIAN_POINT('',(-94.5,36.9,3.5));
#12533 = DIRECTION('',(-0.97754534379,-0.149005202651,-0.149005202651));
#12534 = DIRECTION('',(-0.150687414876,7.239389215337E-17,0.988581459971
    ));
#12535 = ADVANCED_FACE('',(#12536),#12552,.T.);
#12536 = FACE_BOUND('',#12537,.T.);
#12537 = EDGE_LOOP('',(#12538,#12544,#12545,#12551));
#12538 = ORIENTED_EDGE('',*,*,#12539,.T.);
#12539 = EDGE_CURVE('',#11826,#11928,#12540,.T.);
#12540 = LINE('',#12541,#12542);
#12541 = CARTESIAN_POINT('',(-99.1464466094,42.046446609407,11.5));
#12542 = VECTOR('',#12543,1.);
#12543 = DIRECTION('',(-0.382683432365,0.923879532511,0.));
#12544 = ORIENTED_EDGE('',*,*,#11927,.T.);
#12545 = ORIENTED_EDGE('',*,*,#12546,.T.);
#12546 = EDGE_CURVE('',#11930,#11834,#12547,.T.);
#12547 = LINE('',#12548,#12549);
#12548 = CARTESIAN_POINT('',(-99.5,42.9,9.5));
#12549 = VECTOR('',#12550,1.);
#12550 = DIRECTION('',(0.370274559652,-0.893921863713,-0.252587513646));
#12551 = ORIENTED_EDGE('',*,*,#11833,.T.);
#12552 = PLANE('',#12553);
#12553 = AXIS2_PLACEMENT_3D('',#12554,#12555,#12556);
#12554 = CARTESIAN_POINT('',(-99.3232233047,42.473223304703,8.));
#12555 = DIRECTION('',(-0.923879532511,-0.382683432365,0.));
#12556 = DIRECTION('',(0.,0.,1.));
#12557 = ADVANCED_FACE('',(#12558),#12563,.T.);
#12558 = FACE_BOUND('',#12559,.T.);
#12559 = EDGE_LOOP('',(#12560,#12561,#12562));
#12560 = ORIENTED_EDGE('',*,*,#12362,.F.);
#12561 = ORIENTED_EDGE('',*,*,#12539,.F.);
#12562 = ORIENTED_EDGE('',*,*,#12413,.F.);
#12563 = PLANE('',#12564);
#12564 = AXIS2_PLACEMENT_3D('',#12565,#12566,#12567);
#12565 = CARTESIAN_POINT('',(-99.1464466094,42.046446609407,11.5));
#12566 = DIRECTION('',(-0.756975158958,-0.31354937722,0.573302186256));
#12567 = DIRECTION('',(0.60374805522,-3.465493454829E-16,0.797175191421)
  );
#12568 = ADVANCED_FACE('',(#12569),#12585,.T.);
#12569 = FACE_BOUND('',#12570,.T.);
#12570 = EDGE_LOOP('',(#12571,#12577,#12578,#12584));
#12571 = ORIENTED_EDGE('',*,*,#12572,.T.);
#12572 = EDGE_CURVE('',#11986,#12138,#12573,.T.);
#12573 = LINE('',#12574,#12575);
#12574 = CARTESIAN_POINT('',(-96.1464466094,43.289087296526,11.5));
#12575 = VECTOR('',#12576,1.);
#12576 = DIRECTION('',(-0.853553390593,0.146446609407,0.5));
#12577 = ORIENTED_EDGE('',*,*,#12137,.T.);
#12578 = ORIENTED_EDGE('',*,*,#12579,.T.);
#12579 = EDGE_CURVE('',#12130,#11970,#12580,.T.);
#12580 = LINE('',#12581,#12582);
#12581 = CARTESIAN_POINT('',(-95.,41.435533905933,12.));
#12582 = VECTOR('',#12583,1.);
#12583 = DIRECTION('',(0.191341716183,0.732537816329,-0.653281482438));
#12584 = ORIENTED_EDGE('',*,*,#11993,.T.);
#12585 = PLANE('',#12586);
#12586 = AXIS2_PLACEMENT_3D('',#12587,#12588,#12589);
#12587 = CARTESIAN_POINT('',(-97.24111652351,44.030203820043,11.75));
#12588 = DIRECTION('',(0.5,0.5,0.707106781187));
#12589 = DIRECTION('',(0.816496580928,-2.15127905399E-16,-0.57735026919)
  );
#12590 = ADVANCED_FACE('',(#12591),#12612,.T.);
#12591 = FACE_BOUND('',#12592,.T.);
#12592 = EDGE_LOOP('',(#12593,#12599,#12605,#12611));
#12593 = ORIENTED_EDGE('',*,*,#12594,.T.);
#12594 = EDGE_CURVE('',#11970,#12437,#12595,.T.);
#12595 = LINE('',#12596,#12597);
#12596 = CARTESIAN_POINT('',(-94.85355339059,41.996194077712,11.5));
#12597 = VECTOR('',#12598,1.);
#12598 = DIRECTION('',(0.330200775874,0.136773639673,0.933948831094));
#12599 = ORIENTED_EDGE('',*,*,#12600,.T.);
#12600 = EDGE_CURVE('',#12437,#12500,#12601,.T.);
#12601 = LINE('',#12602,#12603);
#12602 = CARTESIAN_POINT('',(-94.5,42.142640687119,-7.075));
#12603 = VECTOR('',#12604,1.);
#12604 = DIRECTION('',(-8.E-16,8.E-16,-1.));
#12605 = ORIENTED_EDGE('',*,*,#12606,.T.);
#12606 = EDGE_CURVE('',#12500,#11968,#12607,.T.);
#12607 = LINE('',#12608,#12609);
#12608 = CARTESIAN_POINT('',(-94.5,42.142640687119,3.5));
#12609 = VECTOR('',#12610,1.);
#12610 = DIRECTION('',(-0.233360434025,-9.666105669463E-02,
    0.967574052954));
#12611 = ORIENTED_EDGE('',*,*,#11967,.T.);
#12612 = PLANE('',#12613);
#12613 = AXIS2_PLACEMENT_3D('',#12614,#12615,#12616);
#12614 = CARTESIAN_POINT('',(-94.67677669529,42.069417382416,-7.075));
#12615 = DIRECTION('',(-0.382683432365,0.923879532511,1.05E-15));
#12616 = DIRECTION('',(-1.233261292988E-18,-1.137022643861E-15,1.));
#12617 = ADVANCED_FACE('',(#12618),#12623,.T.);
#12618 = FACE_BOUND('',#12619,.T.);
#12619 = EDGE_LOOP('',(#12620,#12621,#12622));
#12620 = ORIENTED_EDGE('',*,*,#12444,.F.);
#12621 = ORIENTED_EDGE('',*,*,#12594,.F.);
#12622 = ORIENTED_EDGE('',*,*,#12579,.F.);
#12623 = PLANE('',#12624);
#12624 = AXIS2_PLACEMENT_3D('',#12625,#12626,#12627);
#12625 = CARTESIAN_POINT('',(-94.85355339059,41.996194077712,11.5));
#12626 = DIRECTION('',(-0.864584498274,0.440859983096,0.241114331072));
#12627 = DIRECTION('',(0.268628351327,1.605265392432E-16,0.96324389895)
  );
#12628 = ADVANCED_FACE('',(#12629),#12634,.T.);
#12629 = FACE_BOUND('',#12630,.T.);
#12630 = EDGE_LOOP('',(#12631,#12632,#12633));
#12631 = ORIENTED_EDGE('',*,*,#12384,.F.);
#12632 = ORIENTED_EDGE('',*,*,#12546,.F.);
#12633 = ORIENTED_EDGE('',*,*,#12347,.F.);
#12634 = PLANE('',#12635);
#12635 = AXIS2_PLACEMENT_3D('',#12636,#12637,#12638);
#12636 = CARTESIAN_POINT('',(-99.5,42.9,9.5));
#12637 = DIRECTION('',(-0.909615800965,-0.293767845956,-0.293767845956)
  );
#12638 = DIRECTION('',(-0.307328147952,1.145851583876E-16,0.95160359892)
  );
#12639 = ADVANCED_FACE('',(#12640),#12645,.T.);
#12640 = FACE_BOUND('',#12641,.T.);
#12641 = EDGE_LOOP('',(#12642,#12643,#12644));
#12642 = ORIENTED_EDGE('',*,*,#12606,.F.);
#12643 = ORIENTED_EDGE('',*,*,#12499,.F.);
#12644 = ORIENTED_EDGE('',*,*,#12318,.F.);
#12645 = PLANE('',#12646);
#12646 = AXIS2_PLACEMENT_3D('',#12647,#12648,#12649);
#12647 = CARTESIAN_POINT('',(-94.85355339059,41.383821642017,
    4.353553390593));
#12648 = DIRECTION('',(-0.95512975481,0.209436328601,-0.209436328601));
#12649 = DIRECTION('',(-0.214186495298,1.259163554635E-17,0.976792785207
    ));
#12650 = ADVANCED_FACE('',(#12651),#12667,.T.);
#12651 = FACE_BOUND('',#12652,.T.);
#12652 = EDGE_LOOP('',(#12653,#12659,#12660,#12666));
#12653 = ORIENTED_EDGE('',*,*,#12654,.T.);
#12654 = EDGE_CURVE('',#11938,#12008,#12655,.T.);
#12655 = LINE('',#12656,#12657);
#12656 = CARTESIAN_POINT('',(-99.5,55.9,11.5));
#12657 = VECTOR('',#12658,1.);
#12658 = DIRECTION('',(0.382683432365,0.923879532511,0.));
#12659 = ORIENTED_EDGE('',*,*,#12007,.T.);
#12660 = ORIENTED_EDGE('',*,*,#12661,.T.);
#12661 = EDGE_CURVE('',#12010,#11946,#12662,.T.);
#12662 = LINE('',#12663,#12664);
#12663 = CARTESIAN_POINT('',(-99.1464466094,56.753553390593,
    9.258819045103));
#12664 = VECTOR('',#12665,1.);
#12665 = DIRECTION('',(-0.370274559652,-0.893921863713,0.252587513646));
#12666 = ORIENTED_EDGE('',*,*,#11945,.T.);
#12667 = PLANE('',#12668);
#12668 = AXIS2_PLACEMENT_3D('',#12669,#12670,#12671);
#12669 = CARTESIAN_POINT('',(-99.3232233047,56.326776695297,8.));
#12670 = DIRECTION('',(-0.923879532511,0.382683432365,0.));
#12671 = DIRECTION('',(0.,0.,1.));
#12672 = ADVANCED_FACE('',(#12673),#12678,.T.);
#12673 = FACE_BOUND('',#12674,.T.);
#12674 = EDGE_LOOP('',(#12675,#12676,#12677));
#12675 = ORIENTED_EDGE('',*,*,#12296,.F.);
#12676 = ORIENTED_EDGE('',*,*,#12654,.F.);
#12677 = ORIENTED_EDGE('',*,*,#12369,.F.);
#12678 = PLANE('',#12679);
#12679 = AXIS2_PLACEMENT_3D('',#12680,#12681,#12682);
#12680 = CARTESIAN_POINT('',(-99.5,55.9,11.5));
#12681 = DIRECTION('',(-0.756975158958,0.31354937722,0.573302186256));
#12682 = DIRECTION('',(0.60374805522,5.910499427478E-17,0.797175191421)
  );
#12683 = ADVANCED_FACE('',(#12684),#12700,.T.);
#12684 = FACE_BOUND('',#12685,.T.);
#12685 = EDGE_LOOP('',(#12686,#12692,#12693,#12699));
#12686 = ORIENTED_EDGE('',*,*,#12687,.T.);
#12687 = EDGE_CURVE('',#12066,#12090,#12688,.T.);
#12688 = LINE('',#12689,#12690);
#12689 = CARTESIAN_POINT('',(-96.5,54.657359312881,11.5));
#12690 = VECTOR('',#12691,1.);
#12691 = DIRECTION('',(-0.5,0.707106781187,0.5));
#12692 = ORIENTED_EDGE('',*,*,#12145,.T.);
#12693 = ORIENTED_EDGE('',*,*,#12694,.T.);
#12694 = EDGE_CURVE('',#12138,#12050,#12695,.T.);
#12695 = LINE('',#12696,#12697);
#12696 = CARTESIAN_POINT('',(-97.,43.435533905933,12.));
#12697 = VECTOR('',#12698,1.);
#12698 = DIRECTION('',(0.5,0.707106781187,-0.5));
#12699 = ORIENTED_EDGE('',*,*,#12073,.T.);
#12700 = PLANE('',#12701);
#12701 = AXIS2_PLACEMENT_3D('',#12702,#12703,#12704);
#12702 = CARTESIAN_POINT('',(-96.75,46.52132034356,11.75));
#12703 = DIRECTION('',(0.707106781187,0.,0.707106781187));
#12704 = DIRECTION('',(0.707106781187,0.,-0.707106781187));
#12705 = ADVANCED_FACE('',(#12706),#12722,.T.);
#12706 = FACE_BOUND('',#12707,.T.);
#12707 = EDGE_LOOP('',(#12708,#12714,#12715,#12721));
#12708 = ORIENTED_EDGE('',*,*,#12709,.T.);
#12709 = EDGE_CURVE('',#12050,#11986,#12710,.T.);
#12710 = LINE('',#12711,#12712);
#12711 = CARTESIAN_POINT('',(-96.5,44.142640687119,11.5));
#12712 = VECTOR('',#12713,1.);
#12713 = DIRECTION('',(0.382683432365,-0.923879532511,0.));
#12714 = ORIENTED_EDGE('',*,*,#11985,.T.);
#12715 = ORIENTED_EDGE('',*,*,#12716,.T.);
#12716 = EDGE_CURVE('',#11978,#12048,#12717,.T.);
#12717 = LINE('',#12718,#12719);
#12718 = CARTESIAN_POINT('',(-96.1464466094,43.289087296526,
    6.258819045103));
#12719 = VECTOR('',#12720,1.);
#12720 = DIRECTION('',(-0.370274559652,0.893921863713,0.252587513646));
#12721 = ORIENTED_EDGE('',*,*,#12047,.T.);
#12722 = PLANE('',#12723);
#12723 = AXIS2_PLACEMENT_3D('',#12724,#12725,#12726);
#12724 = CARTESIAN_POINT('',(-96.3232233047,43.715863991823,8.));
#12725 = DIRECTION('',(0.923879532511,0.382683432365,0.));
#12726 = DIRECTION('',(0.,0.,-1.));
#12727 = ADVANCED_FACE('',(#12728),#12733,.T.);
#12728 = FACE_BOUND('',#12729,.T.);
#12729 = EDGE_LOOP('',(#12730,#12731,#12732));
#12730 = ORIENTED_EDGE('',*,*,#12572,.F.);
#12731 = ORIENTED_EDGE('',*,*,#12709,.F.);
#12732 = ORIENTED_EDGE('',*,*,#12694,.F.);
#12733 = PLANE('',#12734);
#12734 = AXIS2_PLACEMENT_3D('',#12735,#12736,#12737);
#12735 = CARTESIAN_POINT('',(-96.5,44.142640687119,11.5));
#12736 = DIRECTION('',(0.520840998147,0.215739405272,0.825942591021));
#12737 = DIRECTION('',(0.845861810898,-2.015977101255E-16,
    -0.533402096794));
#12738 = ADVANCED_FACE('',(#12739),#12744,.T.);
#12739 = FACE_BOUND('',#12740,.T.);
#12740 = EDGE_LOOP('',(#12741,#12742,#12743));
#12741 = ORIENTED_EDGE('',*,*,#12340,.F.);
#12742 = ORIENTED_EDGE('',*,*,#12661,.F.);
#12743 = ORIENTED_EDGE('',*,*,#12281,.F.);
#12744 = PLANE('',#12745);
#12745 = AXIS2_PLACEMENT_3D('',#12746,#12747,#12748);
#12746 = CARTESIAN_POINT('',(-99.1464466094,56.753553390593,
    9.258819045103));
#12747 = DIRECTION('',(-0.909615800965,0.293767845956,-0.293767845956));
#12748 = DIRECTION('',(-0.307328147952,7.978858434087E-17,0.95160359892)
  );
#12749 = ADVANCED_FACE('',(#12750),#12755,.T.);
#12750 = FACE_BOUND('',#12751,.T.);
#12751 = EDGE_LOOP('',(#12752,#12753,#12754));
#12752 = ORIENTED_EDGE('',*,*,#12252,.F.);
#12753 = ORIENTED_EDGE('',*,*,#12716,.F.);
#12754 = ORIENTED_EDGE('',*,*,#12325,.F.);
#12755 = PLANE('',#12756);
#12756 = AXIS2_PLACEMENT_3D('',#12757,#12758,#12759);
#12757 = CARTESIAN_POINT('',(-96.1464466094,43.289087296526,
    6.258819045103));
#12758 = DIRECTION('',(-9.846595692484E-02,0.232612298039,
    -0.967572206157));
#12759 = DIRECTION('',(-0.994861716238,-2.615134272142E-17,
    0.101243101315));
#12760 = ADVANCED_FACE('',(#12761),#12784,.T.);
#12761 = FACE_BOUND('',#12762,.T.);
#12762 = EDGE_LOOP('',(#12763,#12769,#12777,#12783));
#12763 = ORIENTED_EDGE('',*,*,#12764,.T.);
#12764 = EDGE_CURVE('',#12018,#12230,#12765,.T.);
#12765 = LINE('',#12766,#12767);
#12766 = CARTESIAN_POINT('',(-94.85355339059,61.046446609407,11.5));
#12767 = VECTOR('',#12768,1.);
#12768 = DIRECTION('',(0.259688343688,0.626943121322,0.734509555268));
#12769 = ORIENTED_EDGE('',*,*,#12770,.T.);
#12770 = EDGE_CURVE('',#12230,#12771,#12773,.T.);
#12771 = VERTEX_POINT('',#12772);
#12772 = CARTESIAN_POINT('',(-94.5,61.9,3.5));
#12773 = LINE('',#12774,#12775);
#12774 = CARTESIAN_POINT('',(-94.5,61.9,-7.075));
#12775 = VECTOR('',#12776,1.);
#12776 = DIRECTION('',(-8.E-16,-8.E-16,-1.));
#12777 = ORIENTED_EDGE('',*,*,#12778,.T.);
#12778 = EDGE_CURVE('',#12771,#12026,#12779,.T.);
#12779 = LINE('',#12780,#12781);
#12780 = CARTESIAN_POINT('',(-94.5,61.9,3.5));
#12781 = VECTOR('',#12782,1.);
#12782 = DIRECTION('',(-0.204039421211,-0.492594737947,0.846001382232));
#12783 = ORIENTED_EDGE('',*,*,#12025,.T.);
#12784 = PLANE('',#12785);
#12785 = AXIS2_PLACEMENT_3D('',#12786,#12787,#12788);
#12786 = CARTESIAN_POINT('',(-94.67677669529,61.473223304703,-7.075));
#12787 = DIRECTION('',(-0.923879532511,0.382683432365,4.3E-16));
#12788 = DIRECTION('',(4.66098105401E-16,1.616217661849E-18,1.));
#12789 = ADVANCED_FACE('',(#12790),#12795,.T.);
#12790 = FACE_BOUND('',#12791,.T.);
#12791 = EDGE_LOOP('',(#12792,#12793,#12794));
#12792 = ORIENTED_EDGE('',*,*,#12237,.F.);
#12793 = ORIENTED_EDGE('',*,*,#12764,.F.);
#12794 = ORIENTED_EDGE('',*,*,#12303,.F.);
#12795 = PLANE('',#12796);
#12796 = AXIS2_PLACEMENT_3D('',#12797,#12798,#12799);
#12797 = CARTESIAN_POINT('',(-94.85355339059,61.046446609407,11.5));
#12798 = DIRECTION('',(-0.961007183383,0.242609246693,0.132687402965));
#12799 = DIRECTION('',(0.136773639673,-4.646968193916E-17,0.990602327622
    ));
#12800 = ADVANCED_FACE('',(#12801),#12817,.T.);
#12801 = FACE_BOUND('',#12802,.T.);
#12802 = EDGE_LOOP('',(#12803,#12809,#12810,#12816));
#12803 = ORIENTED_EDGE('',*,*,#12804,.T.);
#12804 = EDGE_CURVE('',#12178,#12088,#12805,.T.);
#12805 = LINE('',#12806,#12807);
#12806 = CARTESIAN_POINT('',(-94.85355339059,56.803805922288,11.5));
#12807 = VECTOR('',#12808,1.);
#12808 = DIRECTION('',(-0.191341716183,0.732537816329,0.653281482438));
#12809 = ORIENTED_EDGE('',*,*,#12087,.T.);
#12810 = ORIENTED_EDGE('',*,*,#12811,.T.);
#12811 = EDGE_CURVE('',#12090,#12162,#12812,.T.);
#12812 = LINE('',#12813,#12814);
#12813 = CARTESIAN_POINT('',(-97.,55.364466094067,12.));
#12814 = VECTOR('',#12815,1.);
#12815 = DIRECTION('',(0.853553390593,0.146446609407,-0.5));
#12816 = ORIENTED_EDGE('',*,*,#12185,.T.);
#12817 = PLANE('',#12818);
#12818 = AXIS2_PLACEMENT_3D('',#12819,#12820,#12821);
#12819 = CARTESIAN_POINT('',(-98.24111652351,53.769796179957,11.75));
#12820 = DIRECTION('',(0.5,-0.5,0.707106781187));
#12821 = DIRECTION('',(0.816496580928,1.039771790837E-16,-0.57735026919)
  );
#12822 = ADVANCED_FACE('',(#12823),#12839,.T.);
#12823 = FACE_BOUND('',#12824,.T.);
#12824 = EDGE_LOOP('',(#12825,#12831,#12832,#12838));
#12825 = ORIENTED_EDGE('',*,*,#12826,.T.);
#12826 = EDGE_CURVE('',#12162,#12066,#12827,.T.);
#12827 = LINE('',#12828,#12829);
#12828 = CARTESIAN_POINT('',(-96.1464466094,55.510912703474,11.5));
#12829 = VECTOR('',#12830,1.);
#12830 = DIRECTION('',(-0.382683432365,-0.923879532511,0.));
#12831 = ORIENTED_EDGE('',*,*,#12065,.T.);
#12832 = ORIENTED_EDGE('',*,*,#12833,.T.);
#12833 = EDGE_CURVE('',#12058,#12160,#12834,.T.);
#12834 = LINE('',#12835,#12836);
#12835 = CARTESIAN_POINT('',(-96.5,54.657359312881,6.5));
#12836 = VECTOR('',#12837,1.);
#12837 = DIRECTION('',(0.370274559652,0.893921863713,-0.252587513646));
#12838 = ORIENTED_EDGE('',*,*,#12159,.T.);
#12839 = PLANE('',#12840);
#12840 = AXIS2_PLACEMENT_3D('',#12841,#12842,#12843);
#12841 = CARTESIAN_POINT('',(-96.3232233047,55.084136008177,8.));
#12842 = DIRECTION('',(0.923879532511,-0.382683432365,0.));
#12843 = DIRECTION('',(0.,0.,-1.));
#12844 = ADVANCED_FACE('',(#12845),#12850,.T.);
#12845 = FACE_BOUND('',#12846,.T.);
#12846 = EDGE_LOOP('',(#12847,#12848,#12849));
#12847 = ORIENTED_EDGE('',*,*,#12687,.F.);
#12848 = ORIENTED_EDGE('',*,*,#12826,.F.);
#12849 = ORIENTED_EDGE('',*,*,#12811,.F.);
#12850 = PLANE('',#12851);
#12851 = AXIS2_PLACEMENT_3D('',#12852,#12853,#12854);
#12852 = CARTESIAN_POINT('',(-96.1464466094,55.510912703474,11.5));
#12853 = DIRECTION('',(0.520840998147,-0.215739405272,0.825942591021));
#12854 = DIRECTION('',(0.845861810898,1.854514535569E-16,-0.533402096794
    ));
#12855 = ADVANCED_FACE('',(#12856),#12879,.T.);
#12856 = FACE_BOUND('',#12857,.T.);
#12857 = EDGE_LOOP('',(#12858,#12864,#12872,#12878));
#12858 = ORIENTED_EDGE('',*,*,#12859,.T.);
#12859 = EDGE_CURVE('',#11882,#12771,#12860,.T.);
#12860 = LINE('',#12861,#12862);
#12861 = CARTESIAN_POINT('',(-94.85355339059,60.434074173711,
    4.353553390593));
#12862 = VECTOR('',#12863,1.);
#12863 = DIRECTION('',(0.204039421211,0.846001382232,-0.492594737947));
#12864 = ORIENTED_EDGE('',*,*,#12865,.T.);
#12865 = EDGE_CURVE('',#12771,#12866,#12868,.T.);
#12866 = VERTEX_POINT('',#12867);
#12867 = CARTESIAN_POINT('',(-94.5,56.657359312881,3.5));
#12868 = LINE('',#12869,#12870);
#12869 = CARTESIAN_POINT('',(-94.5,24.7,3.5));
#12870 = VECTOR('',#12871,1.);
#12871 = DIRECTION('',(0.,-1.,0.));
#12872 = ORIENTED_EDGE('',*,*,#12873,.T.);
#12873 = EDGE_CURVE('',#12866,#11890,#12874,.T.);
#12874 = LINE('',#12875,#12876);
#12875 = CARTESIAN_POINT('',(-94.5,56.657359312881,3.5));
#12876 = VECTOR('',#12877,1.);
#12877 = DIRECTION('',(-0.295722408575,0.634698468918,0.71393704948));
#12878 = ORIENTED_EDGE('',*,*,#11889,.T.);
#12879 = PLANE('',#12880);
#12880 = AXIS2_PLACEMENT_3D('',#12881,#12882,#12883);
#12881 = CARTESIAN_POINT('',(-94.67677669529,24.7,3.926776695297));
#12882 = DIRECTION('',(-0.923879532511,0.,-0.382683432365));
#12883 = DIRECTION('',(-0.382683432365,0.,0.923879532511));
#12884 = ADVANCED_FACE('',(#12885),#12890,.T.);
#12885 = FACE_BOUND('',#12886,.T.);
#12886 = EDGE_LOOP('',(#12887,#12888,#12889));
#12887 = ORIENTED_EDGE('',*,*,#12778,.F.);
#12888 = ORIENTED_EDGE('',*,*,#12859,.F.);
#12889 = ORIENTED_EDGE('',*,*,#12274,.F.);
#12890 = PLANE('',#12891);
#12891 = AXIS2_PLACEMENT_3D('',#12892,#12893,#12894);
#12892 = CARTESIAN_POINT('',(-94.85355339059,60.434074173711,
    4.353553390593));
#12893 = DIRECTION('',(-0.97754534379,0.149005202651,-0.149005202651));
#12894 = DIRECTION('',(-0.150687414876,6.755579722064E-17,0.988581459971
    ));
#12895 = ADVANCED_FACE('',(#12896),#12901,.T.);
#12896 = FACE_BOUND('',#12897,.T.);
#12897 = EDGE_LOOP('',(#12898,#12899,#12900));
#12898 = ORIENTED_EDGE('',*,*,#12199,.F.);
#12899 = ORIENTED_EDGE('',*,*,#12833,.F.);
#12900 = ORIENTED_EDGE('',*,*,#12259,.F.);
#12901 = PLANE('',#12902);
#12902 = AXIS2_PLACEMENT_3D('',#12903,#12904,#12905);
#12903 = CARTESIAN_POINT('',(-96.5,54.657359312881,6.5));
#12904 = DIRECTION('',(-9.846595692485E-02,-0.232612298039,
    -0.967572206157));
#12905 = DIRECTION('',(-0.994861716238,2.954939700281E-17,0.101243101315
    ));
#12906 = ADVANCED_FACE('',(#12907),#12928,.T.);
#12907 = FACE_BOUND('',#12908,.T.);
#12908 = EDGE_LOOP('',(#12909,#12915,#12921,#12927));
#12909 = ORIENTED_EDGE('',*,*,#12910,.T.);
#12910 = EDGE_CURVE('',#12170,#12866,#12911,.T.);
#12911 = LINE('',#12912,#12913);
#12912 = CARTESIAN_POINT('',(-94.85355339059,56.803805922288,
    4.965925826289));
#12913 = VECTOR('',#12914,1.);
#12914 = DIRECTION('',(0.233360434025,-9.666105669464E-02,
    -0.967574052954));
#12915 = ORIENTED_EDGE('',*,*,#12916,.T.);
#12916 = EDGE_CURVE('',#12866,#12222,#12917,.T.);
#12917 = LINE('',#12918,#12919);
#12918 = CARTESIAN_POINT('',(-94.5,56.657359312881,-7.075));
#12919 = VECTOR('',#12920,1.);
#12920 = DIRECTION('',(8.E-16,8.E-16,1.));
#12921 = ORIENTED_EDGE('',*,*,#12922,.T.);
#12922 = EDGE_CURVE('',#12222,#12178,#12923,.T.);
#12923 = LINE('',#12924,#12925);
#12924 = CARTESIAN_POINT('',(-94.5,56.657359312881,12.5));
#12925 = VECTOR('',#12926,1.);
#12926 = DIRECTION('',(-0.330200775874,0.136773639673,-0.933948831094));
#12927 = ORIENTED_EDGE('',*,*,#12177,.T.);
#12928 = PLANE('',#12929);
#12929 = AXIS2_PLACEMENT_3D('',#12930,#12931,#12932);
#12930 = CARTESIAN_POINT('',(-94.67677669529,56.730582617584,-7.075));
#12931 = DIRECTION('',(-0.382683432365,-0.923879532511,1.05E-15));
#12932 = DIRECTION('',(1.233261292988E-18,-1.137022643861E-15,-1.));
#12933 = ADVANCED_FACE('',(#12934),#12939,.T.);
#12934 = FACE_BOUND('',#12935,.T.);
#12935 = EDGE_LOOP('',(#12936,#12937,#12938));
#12936 = ORIENTED_EDGE('',*,*,#12804,.F.);
#12937 = ORIENTED_EDGE('',*,*,#12922,.F.);
#12938 = ORIENTED_EDGE('',*,*,#12221,.F.);
#12939 = PLANE('',#12940);
#12940 = AXIS2_PLACEMENT_3D('',#12941,#12942,#12943);
#12941 = CARTESIAN_POINT('',(-94.5,56.657359312881,12.5));
#12942 = DIRECTION('',(-0.864584498274,-0.440859983096,0.241114331072));
#12943 = DIRECTION('',(0.268628351327,-2.204685719399E-16,0.96324389895)
  );
#12944 = ADVANCED_FACE('',(#12945),#12950,.T.);
#12945 = FACE_BOUND('',#12946,.T.);
#12946 = EDGE_LOOP('',(#12947,#12948,#12949));
#12947 = ORIENTED_EDGE('',*,*,#12206,.F.);
#12948 = ORIENTED_EDGE('',*,*,#12873,.F.);
#12949 = ORIENTED_EDGE('',*,*,#12910,.F.);
#12950 = PLANE('',#12951);
#12951 = AXIS2_PLACEMENT_3D('',#12952,#12953,#12954);
#12952 = CARTESIAN_POINT('',(-94.5,56.657359312881,3.5));
#12953 = DIRECTION('',(-0.95512975481,-0.209436328601,-0.209436328601));
#12954 = DIRECTION('',(-0.214186495298,-3.789631716832E-17,
    0.976792785207));
#12955 = ADVANCED_FACE('',(#12956),#12990,.T.);
#12956 = FACE_BOUND('',#12957,.T.);
#12957 = EDGE_LOOP('',(#12958,#12968,#12976,#12984));
#12958 = ORIENTED_EDGE('',*,*,#12959,.F.);
#12959 = EDGE_CURVE('',#12960,#12962,#12964,.T.);
#12960 = VERTEX_POINT('',#12961);
#12961 = CARTESIAN_POINT('',(-94.85355339059,125.20380592228,11.5));
#12962 = VERTEX_POINT('',#12963);
#12963 = CARTESIAN_POINT('',(-94.85355339059,125.20380592228,
    4.965925826289));
#12964 = LINE('',#12965,#12966);
#12965 = CARTESIAN_POINT('',(-94.85355339059,125.20380592228,-7.075));
#12966 = VECTOR('',#12967,1.);
#12967 = DIRECTION('',(-8.E-16,-8.E-16,-1.));
#12968 = ORIENTED_EDGE('',*,*,#12969,.F.);
#12969 = EDGE_CURVE('',#12970,#12960,#12972,.T.);
#12970 = VERTEX_POINT('',#12971);
#12971 = CARTESIAN_POINT('',(-96.1464466094,123.91091270347,11.5));
#12972 = LINE('',#12973,#12974);
#12973 = CARTESIAN_POINT('',(-98.06433982822,121.99301948466,11.5));
#12974 = VECTOR('',#12975,1.);
#12975 = DIRECTION('',(0.707106781187,0.707106781187,0.));
#12976 = ORIENTED_EDGE('',*,*,#12977,.F.);
#12977 = EDGE_CURVE('',#12978,#12970,#12980,.T.);
#12978 = VERTEX_POINT('',#12979);
#12979 = CARTESIAN_POINT('',(-96.1464466094,123.91091270347,
    6.258819045103));
#12980 = LINE('',#12981,#12982);
#12981 = CARTESIAN_POINT('',(-96.1464466094,123.91091270347,8.));
#12982 = VECTOR('',#12983,1.);
#12983 = DIRECTION('',(0.,0.,1.));
#12984 = ORIENTED_EDGE('',*,*,#12985,.F.);
#12985 = EDGE_CURVE('',#12962,#12978,#12986,.T.);
#12986 = LINE('',#12987,#12988);
#12987 = CARTESIAN_POINT('',(-97.5113580579,122.54600125497,
    7.623730493599));
#12988 = VECTOR('',#12989,1.);
#12989 = DIRECTION('',(-0.57735026919,-0.57735026919,0.57735026919));
#12990 = PLANE('',#12991);
#12991 = AXIS2_PLACEMENT_3D('',#12992,#12993,#12994);
#12992 = CARTESIAN_POINT('',(-96.5,123.55735931288,8.));
#12993 = DIRECTION('',(0.707106781187,-0.707106781187,0.));
#12994 = DIRECTION('',(0.707106781187,0.707106781187,0.));
#12995 = ADVANCED_FACE('',(#12996),#13030,.T.);
#12996 = FACE_BOUND('',#12997,.T.);
#12997 = EDGE_LOOP('',(#12998,#13008,#13016,#13024));
#12998 = ORIENTED_EDGE('',*,*,#12999,.F.);
#12999 = EDGE_CURVE('',#13000,#13002,#13004,.T.);
#13000 = VERTEX_POINT('',#13001);
#13001 = CARTESIAN_POINT('',(-99.5,124.3,9.5));
#13002 = VERTEX_POINT('',#13003);
#13003 = CARTESIAN_POINT('',(-99.5,124.3,11.5));
#13004 = LINE('',#13005,#13006);
#13005 = CARTESIAN_POINT('',(-99.5,124.3,8.));
#13006 = VECTOR('',#13007,1.);
#13007 = DIRECTION('',(0.,0.,1.));
#13008 = ORIENTED_EDGE('',*,*,#13009,.F.);
#13009 = EDGE_CURVE('',#13010,#13000,#13012,.T.);
#13010 = VERTEX_POINT('',#13011);
#13011 = CARTESIAN_POINT('',(-99.5,111.3,9.5));
#13012 = LINE('',#13013,#13014);
#13013 = CARTESIAN_POINT('',(-99.5,121.3,9.5));
#13014 = VECTOR('',#13015,1.);
#13015 = DIRECTION('',(0.,1.,0.));
#13016 = ORIENTED_EDGE('',*,*,#13017,.F.);
#13017 = EDGE_CURVE('',#13018,#13010,#13020,.T.);
#13018 = VERTEX_POINT('',#13019);
#13019 = CARTESIAN_POINT('',(-99.5,111.3,11.5));
#13020 = LINE('',#13021,#13022);
#13021 = CARTESIAN_POINT('',(-99.5,111.3,8.));
#13022 = VECTOR('',#13023,1.);
#13023 = DIRECTION('',(0.,0.,-1.));
#13024 = ORIENTED_EDGE('',*,*,#13025,.F.);
#13025 = EDGE_CURVE('',#13002,#13018,#13026,.T.);
#13026 = LINE('',#13027,#13028);
#13027 = CARTESIAN_POINT('',(-99.5,121.3,11.5));
#13028 = VECTOR('',#13029,1.);
#13029 = DIRECTION('',(0.,-1.,0.));
#13030 = PLANE('',#13031);
#13031 = AXIS2_PLACEMENT_3D('',#13032,#13033,#13034);
#13032 = CARTESIAN_POINT('',(-99.5,56.4,8.));
#13033 = DIRECTION('',(-1.,0.,0.));
#13034 = DIRECTION('',(0.,-1.,0.));
#13035 = ADVANCED_FACE('',(#13036),#13070,.T.);
#13036 = FACE_BOUND('',#13037,.T.);
#13037 = EDGE_LOOP('',(#13038,#13048,#13056,#13064));
#13038 = ORIENTED_EDGE('',*,*,#13039,.F.);
#13039 = EDGE_CURVE('',#13040,#13042,#13044,.T.);
#13040 = VERTEX_POINT('',#13041);
#13041 = CARTESIAN_POINT('',(-99.1464466094,125.15355339059,
    9.258819045103));
#13042 = VERTEX_POINT('',#13043);
#13043 = CARTESIAN_POINT('',(-94.85355339059,129.4464466094,
    4.965925826289));
#13044 = LINE('',#13045,#13046);
#13045 = CARTESIAN_POINT('',(-97.55179817242,126.74820182757,
    7.664170608119));
#13046 = VECTOR('',#13047,1.);
#13047 = DIRECTION('',(0.57735026919,0.57735026919,-0.57735026919));
#13048 = ORIENTED_EDGE('',*,*,#13049,.F.);
#13049 = EDGE_CURVE('',#13050,#13040,#13052,.T.);
#13050 = VERTEX_POINT('',#13051);
#13051 = CARTESIAN_POINT('',(-99.1464466094,125.15355339059,11.5));
#13052 = LINE('',#13053,#13054);
#13053 = CARTESIAN_POINT('',(-99.1464466094,125.15355339059,8.));
#13054 = VECTOR('',#13055,1.);
#13055 = DIRECTION('',(0.,0.,-1.));
#13056 = ORIENTED_EDGE('',*,*,#13057,.F.);
#13057 = EDGE_CURVE('',#13058,#13050,#13060,.T.);
#13058 = VERTEX_POINT('',#13059);
#13059 = CARTESIAN_POINT('',(-94.85355339059,129.4464466094,11.5));
#13060 = LINE('',#13061,#13062);
#13061 = CARTESIAN_POINT('',(-98.125,126.175,11.5));
#13062 = VECTOR('',#13063,1.);
#13063 = DIRECTION('',(-0.707106781187,-0.707106781187,0.));
#13064 = ORIENTED_EDGE('',*,*,#13065,.F.);
#13065 = EDGE_CURVE('',#13042,#13058,#13066,.T.);
#13066 = LINE('',#13067,#13068);
#13067 = CARTESIAN_POINT('',(-94.85355339059,129.4464466094,-7.075));
#13068 = VECTOR('',#13069,1.);
#13069 = DIRECTION('',(8.E-16,8.E-16,1.));
#13070 = PLANE('',#13071);
#13071 = AXIS2_PLACEMENT_3D('',#13072,#13073,#13074);
#13072 = CARTESIAN_POINT('',(-94.5,129.8,8.));
#13073 = DIRECTION('',(-0.707106781187,0.707106781187,0.));
#13074 = DIRECTION('',(-0.707106781187,-0.707106781187,0.));
#13075 = ADVANCED_FACE('',(#13076),#13142,.T.);
#13076 = FACE_BOUND('',#13077,.T.);
#13077 = EDGE_LOOP('',(#13078,#13088,#13096,#13104,#13112,#13120,#13128,
    #13136));
#13078 = ORIENTED_EDGE('',*,*,#13079,.F.);
#13079 = EDGE_CURVE('',#13080,#13082,#13084,.T.);
#13080 = VERTEX_POINT('',#13081);
#13081 = CARTESIAN_POINT('',(-94.85355339059,125.81617835798,
    4.353553390593));
#13082 = VERTEX_POINT('',#13083);
#13083 = CARTESIAN_POINT('',(-94.85355339059,128.83407417371,
    4.353553390593));
#13084 = LINE('',#13085,#13086);
#13085 = CARTESIAN_POINT('',(-94.85355339059,58.9,4.353553390593));
#13086 = VECTOR('',#13087,1.);
#13087 = DIRECTION('',(0.,1.,0.));
#13088 = ORIENTED_EDGE('',*,*,#13089,.F.);
#13089 = EDGE_CURVE('',#13090,#13080,#13092,.T.);
#13090 = VERTEX_POINT('',#13091);
#13091 = CARTESIAN_POINT('',(-96.85355339059,123.81617835798,
    6.353553390593));
#13092 = LINE('',#13093,#13094);
#13093 = CARTESIAN_POINT('',(-97.91960634836,122.7501254002,
    7.419606348368));
#13094 = VECTOR('',#13095,1.);
#13095 = DIRECTION('',(0.57735026919,0.57735026919,-0.57735026919));
#13096 = ORIENTED_EDGE('',*,*,#13097,.F.);
#13097 = EDGE_CURVE('',#13098,#13090,#13100,.T.);
#13098 = VERTEX_POINT('',#13099);
#13099 = CARTESIAN_POINT('',(-96.85355339059,111.78382164201,
    6.353553390593));
#13100 = LINE('',#13101,#13102);
#13101 = CARTESIAN_POINT('',(-96.85355339059,114.92132034356,
    6.353553390593));
#13102 = VECTOR('',#13103,1.);
#13103 = DIRECTION('',(0.,1.,0.));
#13104 = ORIENTED_EDGE('',*,*,#13105,.F.);
#13105 = EDGE_CURVE('',#13106,#13098,#13108,.T.);
#13106 = VERTEX_POINT('',#13107);
#13107 = CARTESIAN_POINT('',(-94.85355339059,109.78382164201,
    4.353553390593));
#13108 = LINE('',#13109,#13110);
#13109 = CARTESIAN_POINT('',(-97.2529396817,112.18320793312,
    6.752939681701));
#13110 = VECTOR('',#13111,1.);
#13111 = DIRECTION('',(-0.57735026919,0.57735026919,0.57735026919));
#13112 = ORIENTED_EDGE('',*,*,#13113,.F.);
#13113 = EDGE_CURVE('',#13114,#13106,#13116,.T.);
#13114 = VERTEX_POINT('',#13115);
#13115 = CARTESIAN_POINT('',(-94.85355339059,106.76592582628,
    4.353553390593));
#13116 = LINE('',#13117,#13118);
#13117 = CARTESIAN_POINT('',(-94.85355339059,58.9,4.353553390593));
#13118 = VECTOR('',#13119,1.);
#13119 = DIRECTION('',(0.,1.,0.));
#13120 = ORIENTED_EDGE('',*,*,#13121,.F.);
#13121 = EDGE_CURVE('',#13122,#13114,#13124,.T.);
#13122 = VERTEX_POINT('',#13123);
#13123 = CARTESIAN_POINT('',(-99.1464466094,111.0588190451,
    8.646446609407));
#13124 = LINE('',#13125,#13126);
#13125 = CARTESIAN_POINT('',(-99.21846483909,111.13083727478,
    8.71846483909));
#13126 = VECTOR('',#13127,1.);
#13127 = DIRECTION('',(0.57735026919,-0.57735026919,-0.57735026919));
#13128 = ORIENTED_EDGE('',*,*,#13129,.F.);
#13129 = EDGE_CURVE('',#13130,#13122,#13132,.T.);
#13130 = VERTEX_POINT('',#13131);
#13131 = CARTESIAN_POINT('',(-99.1464466094,124.54118095489,
    8.646446609407));
#13132 = LINE('',#13133,#13134);
#13133 = CARTESIAN_POINT('',(-99.1464466094,121.3,8.646446609407));
#13134 = VECTOR('',#13135,1.);
#13135 = DIRECTION('',(0.,-1.,0.));
#13136 = ORIENTED_EDGE('',*,*,#13137,.F.);
#13137 = EDGE_CURVE('',#13082,#13130,#13138,.T.);
#13138 = LINE('',#13139,#13140);
#13139 = CARTESIAN_POINT('',(-97.55179817242,126.13582939188,
    7.051798172424));
#13140 = VECTOR('',#13141,1.);
#13141 = DIRECTION('',(-0.57735026919,-0.57735026919,0.57735026919));
#13142 = PLANE('',#13143);
#13143 = AXIS2_PLACEMENT_3D('',#13144,#13145,#13146);
#13144 = CARTESIAN_POINT('',(-96.26776695296,49.4,5.767766952966));
#13145 = DIRECTION('',(-0.707106781187,0.,-0.707106781187));
#13146 = DIRECTION('',(-0.707106781187,0.,0.707106781187));
#13147 = ADVANCED_FACE('',(#13148),#13182,.T.);
#13148 = FACE_BOUND('',#13149,.T.);
#13149 = EDGE_LOOP('',(#13150,#13160,#13168,#13176));
#13150 = ORIENTED_EDGE('',*,*,#13151,.F.);
#13151 = EDGE_CURVE('',#13152,#13154,#13156,.T.);
#13152 = VERTEX_POINT('',#13153);
#13153 = CARTESIAN_POINT('',(-96.5,123.05735931288,11.5));
#13154 = VERTEX_POINT('',#13155);
#13155 = CARTESIAN_POINT('',(-96.5,123.05735931288,6.5));
#13156 = LINE('',#13157,#13158);
#13157 = CARTESIAN_POINT('',(-96.5,123.05735931288,8.));
#13158 = VECTOR('',#13159,1.);
#13159 = DIRECTION('',(0.,0.,-1.));
#13160 = ORIENTED_EDGE('',*,*,#13161,.F.);
#13161 = EDGE_CURVE('',#13162,#13152,#13164,.T.);
#13162 = VERTEX_POINT('',#13163);
#13163 = CARTESIAN_POINT('',(-96.5,112.54264068711,11.5));
#13164 = LINE('',#13165,#13166);
#13165 = CARTESIAN_POINT('',(-96.5,114.92132034356,11.5));
#13166 = VECTOR('',#13167,1.);
#13167 = DIRECTION('',(0.,1.,0.));
#13168 = ORIENTED_EDGE('',*,*,#13169,.F.);
#13169 = EDGE_CURVE('',#13170,#13162,#13172,.T.);
#13170 = VERTEX_POINT('',#13171);
#13171 = CARTESIAN_POINT('',(-96.5,112.54264068711,6.5));
#13172 = LINE('',#13173,#13174);
#13173 = CARTESIAN_POINT('',(-96.5,112.54264068711,8.));
#13174 = VECTOR('',#13175,1.);
#13175 = DIRECTION('',(0.,0.,1.));
#13176 = ORIENTED_EDGE('',*,*,#13177,.F.);
#13177 = EDGE_CURVE('',#13154,#13170,#13178,.T.);
#13178 = LINE('',#13179,#13180);
#13179 = CARTESIAN_POINT('',(-96.5,114.92132034356,6.5));
#13180 = VECTOR('',#13181,1.);
#13181 = DIRECTION('',(0.,-1.,0.));
#13182 = PLANE('',#13183);
#13183 = AXIS2_PLACEMENT_3D('',#13184,#13185,#13186);
#13184 = CARTESIAN_POINT('',(-96.5,43.642640687119,8.));
#13185 = DIRECTION('',(1.,0.,0.));
#13186 = DIRECTION('',(-0.,1.,0.));
#13187 = ADVANCED_FACE('',(#13188),#13222,.T.);
#13188 = FACE_BOUND('',#13189,.T.);
#13189 = EDGE_LOOP('',(#13190,#13200,#13208,#13216));
#13190 = ORIENTED_EDGE('',*,*,#13191,.F.);
#13191 = EDGE_CURVE('',#13192,#13194,#13196,.T.);
#13192 = VERTEX_POINT('',#13193);
#13193 = CARTESIAN_POINT('',(-99.1464466094,110.4464466094,
    9.258819045103));
#13194 = VERTEX_POINT('',#13195);
#13195 = CARTESIAN_POINT('',(-99.1464466094,110.4464466094,11.5));
#13196 = LINE('',#13197,#13198);
#13197 = CARTESIAN_POINT('',(-99.1464466094,110.4464466094,8.));
#13198 = VECTOR('',#13199,1.);
#13199 = DIRECTION('',(0.,0.,1.));
#13200 = ORIENTED_EDGE('',*,*,#13201,.F.);
#13201 = EDGE_CURVE('',#13202,#13192,#13204,.T.);
#13202 = VERTEX_POINT('',#13203);
#13203 = CARTESIAN_POINT('',(-94.85355339059,106.15355339059,
    4.965925826289));
#13204 = LINE('',#13205,#13206);
#13205 = CARTESIAN_POINT('',(-99.21846483909,110.51846483909,
    9.330837274786));
#13206 = VECTOR('',#13207,1.);
#13207 = DIRECTION('',(-0.57735026919,0.57735026919,0.57735026919));
#13208 = ORIENTED_EDGE('',*,*,#13209,.F.);
#13209 = EDGE_CURVE('',#13210,#13202,#13212,.T.);
#13210 = VERTEX_POINT('',#13211);
#13211 = CARTESIAN_POINT('',(-94.85355339059,106.15355339059,11.5));
#13212 = LINE('',#13213,#13214);
#13213 = CARTESIAN_POINT('',(-94.85355339059,106.15355339059,-7.075));
#13214 = VECTOR('',#13215,1.);
#13215 = DIRECTION('',(-8.E-16,8.E-16,-1.));
#13216 = ORIENTED_EDGE('',*,*,#13217,.F.);
#13217 = EDGE_CURVE('',#13194,#13210,#13218,.T.);
#13218 = LINE('',#13219,#13220);
#13219 = CARTESIAN_POINT('',(-100.625,111.925,11.5));
#13220 = VECTOR('',#13221,1.);
#13221 = DIRECTION('',(0.707106781187,-0.707106781187,0.));
#13222 = PLANE('',#13223);
#13223 = AXIS2_PLACEMENT_3D('',#13224,#13225,#13226);
#13224 = CARTESIAN_POINT('',(-99.5,110.8,8.));
#13225 = DIRECTION('',(-0.707106781187,-0.707106781187,0.));
#13226 = DIRECTION('',(0.707106781187,-0.707106781187,0.));
#13227 = ADVANCED_FACE('',(#13228),#13262,.T.);
#13228 = FACE_BOUND('',#13229,.T.);
#13229 = EDGE_LOOP('',(#13230,#13240,#13248,#13256));
#13230 = ORIENTED_EDGE('',*,*,#13231,.F.);
#13231 = EDGE_CURVE('',#13232,#13234,#13236,.T.);
#13232 = VERTEX_POINT('',#13233);
#13233 = CARTESIAN_POINT('',(-96.1464466094,111.68908729652,11.5));
#13234 = VERTEX_POINT('',#13235);
#13235 = CARTESIAN_POINT('',(-96.1464466094,111.68908729652,
    6.258819045103));
#13236 = LINE('',#13237,#13238);
#13237 = CARTESIAN_POINT('',(-96.1464466094,111.68908729652,8.));
#13238 = VECTOR('',#13239,1.);
#13239 = DIRECTION('',(0.,0.,-1.));
#13240 = ORIENTED_EDGE('',*,*,#13241,.F.);
#13241 = EDGE_CURVE('',#13242,#13232,#13244,.T.);
#13242 = VERTEX_POINT('',#13243);
#13243 = CARTESIAN_POINT('',(-94.85355339059,110.39619407771,11.5));
#13244 = LINE('',#13245,#13246);
#13245 = CARTESIAN_POINT('',(-97.06433982822,112.60698051534,11.5));
#13246 = VECTOR('',#13247,1.);
#13247 = DIRECTION('',(-0.707106781187,0.707106781187,0.));
#13248 = ORIENTED_EDGE('',*,*,#13249,.F.);
#13249 = EDGE_CURVE('',#13250,#13242,#13252,.T.);
#13250 = VERTEX_POINT('',#13251);
#13251 = CARTESIAN_POINT('',(-94.85355339059,110.39619407771,
    4.965925826289));
#13252 = LINE('',#13253,#13254);
#13253 = CARTESIAN_POINT('',(-94.85355339059,110.39619407771,-7.075));
#13254 = VECTOR('',#13255,1.);
#13255 = DIRECTION('',(8.E-16,-8.E-16,1.));
#13256 = ORIENTED_EDGE('',*,*,#13257,.F.);
#13257 = EDGE_CURVE('',#13234,#13250,#13258,.T.);
#13258 = LINE('',#13259,#13260);
#13259 = CARTESIAN_POINT('',(-96.84469139123,112.38733207835,
    6.957063826933));
#13260 = VECTOR('',#13261,1.);
#13261 = DIRECTION('',(0.57735026919,-0.57735026919,-0.57735026919));
#13262 = PLANE('',#13263);
#13263 = AXIS2_PLACEMENT_3D('',#13264,#13265,#13266);
#13264 = CARTESIAN_POINT('',(-94.5,110.04264068711,8.));
#13265 = DIRECTION('',(0.707106781187,0.707106781187,0.));
#13266 = DIRECTION('',(-0.707106781187,0.707106781187,0.));
#13267 = ADVANCED_FACE('',(#13268),#13334,.T.);
#13268 = FACE_BOUND('',#13269,.T.);
#13269 = EDGE_LOOP('',(#13270,#13280,#13288,#13296,#13304,#13312,#13320,
    #13328));
#13270 = ORIENTED_EDGE('',*,*,#13271,.F.);
#13271 = EDGE_CURVE('',#13272,#13274,#13276,.T.);
#13272 = VERTEX_POINT('',#13273);
#13273 = CARTESIAN_POINT('',(-95.,109.83553390593,12.));
#13274 = VERTEX_POINT('',#13275);
#13275 = CARTESIAN_POINT('',(-95.,107.00710678118,12.));
#13276 = LINE('',#13277,#13278);
#13277 = CARTESIAN_POINT('',(-95.,58.9,12.));
#13278 = VECTOR('',#13279,1.);
#13279 = DIRECTION('',(0.,-1.,0.));
#13280 = ORIENTED_EDGE('',*,*,#13281,.F.);
#13281 = EDGE_CURVE('',#13282,#13272,#13284,.T.);
#13282 = VERTEX_POINT('',#13283);
#13283 = CARTESIAN_POINT('',(-97.,111.83553390593,12.));
#13284 = LINE('',#13285,#13286);
#13285 = CARTESIAN_POINT('',(-97.41789321881,112.25342712474,12.));
#13286 = VECTOR('',#13287,1.);
#13287 = DIRECTION('',(0.707106781187,-0.707106781187,0.));
#13288 = ORIENTED_EDGE('',*,*,#13289,.F.);
#13289 = EDGE_CURVE('',#13290,#13282,#13292,.T.);
#13290 = VERTEX_POINT('',#13291);
#13291 = CARTESIAN_POINT('',(-97.,123.76446609406,12.));
#13292 = LINE('',#13293,#13294);
#13293 = CARTESIAN_POINT('',(-97.,114.92132034356,12.));
#13294 = VECTOR('',#13295,1.);
#13295 = DIRECTION('',(0.,-1.,0.));
#13296 = ORIENTED_EDGE('',*,*,#13297,.F.);
#13297 = EDGE_CURVE('',#13298,#13290,#13300,.T.);
#13298 = VERTEX_POINT('',#13299);
#13299 = CARTESIAN_POINT('',(-95.,125.76446609406,12.));
#13300 = LINE('',#13301,#13302);
#13301 = CARTESIAN_POINT('',(-98.41789321881,122.34657287525,12.));
#13302 = VECTOR('',#13303,1.);
#13303 = DIRECTION('',(-0.707106781187,-0.707106781187,0.));
#13304 = ORIENTED_EDGE('',*,*,#13305,.F.);
#13305 = EDGE_CURVE('',#13306,#13298,#13308,.T.);
#13306 = VERTEX_POINT('',#13307);
#13307 = CARTESIAN_POINT('',(-95.,128.59289321881,12.));
#13308 = LINE('',#13309,#13310);
#13309 = CARTESIAN_POINT('',(-95.,58.9,12.));
#13310 = VECTOR('',#13311,1.);
#13311 = DIRECTION('',(0.,-1.,0.));
#13312 = ORIENTED_EDGE('',*,*,#13313,.F.);
#13313 = EDGE_CURVE('',#13314,#13306,#13316,.T.);
#13314 = VERTEX_POINT('',#13315);
#13315 = CARTESIAN_POINT('',(-99.,124.59289321881,12.));
#13316 = LINE('',#13317,#13318);
#13317 = CARTESIAN_POINT('',(-97.7714466094,125.8214466094,12.));
#13318 = VECTOR('',#13319,1.);
#13319 = DIRECTION('',(0.707106781187,0.707106781187,0.));
#13320 = ORIENTED_EDGE('',*,*,#13321,.F.);
#13321 = EDGE_CURVE('',#13322,#13314,#13324,.T.);
#13322 = VERTEX_POINT('',#13323);
#13323 = CARTESIAN_POINT('',(-99.,111.00710678118,12.));
#13324 = LINE('',#13325,#13326);
#13325 = CARTESIAN_POINT('',(-99.,121.3,12.));
#13326 = VECTOR('',#13327,1.);
#13327 = DIRECTION('',(0.,1.,0.));
#13328 = ORIENTED_EDGE('',*,*,#13329,.F.);
#13329 = EDGE_CURVE('',#13274,#13322,#13330,.T.);
#13330 = LINE('',#13331,#13332);
#13331 = CARTESIAN_POINT('',(-100.2714466094,112.27855339059,12.));
#13332 = VECTOR('',#13333,1.);
#13333 = DIRECTION('',(-0.707106781187,0.707106781187,0.));
#13334 = PLANE('',#13335);
#13335 = AXIS2_PLACEMENT_3D('',#13336,#13337,#13338);
#13336 = CARTESIAN_POINT('',(-97.,49.4,12.));
#13337 = DIRECTION('',(0.,0.,1.));
#13338 = DIRECTION('',(1.,0.,-0.));
#13339 = ADVANCED_FACE('',(#13340),#13356,.T.);
#13340 = FACE_BOUND('',#13341,.T.);
#13341 = EDGE_LOOP('',(#13342,#13348,#13349,#13355));
#13342 = ORIENTED_EDGE('',*,*,#13343,.T.);
#13343 = EDGE_CURVE('',#13250,#13106,#13344,.T.);
#13344 = LINE('',#13345,#13346);
#13345 = CARTESIAN_POINT('',(-94.85355339059,110.39619407771,
    4.965925826289));
#13346 = VECTOR('',#13347,1.);
#13347 = DIRECTION('',(2.051E-14,-0.707106781187,-0.707106781187));
#13348 = ORIENTED_EDGE('',*,*,#13105,.T.);
#13349 = ORIENTED_EDGE('',*,*,#13350,.T.);
#13350 = EDGE_CURVE('',#13098,#13234,#13351,.T.);
#13351 = LINE('',#13352,#13353);
#13352 = CARTESIAN_POINT('',(-96.85355339059,111.78382164201,
    6.353553390593));
#13353 = VECTOR('',#13354,1.);
#13354 = DIRECTION('',(0.982520050849,-0.131632727086,-0.131632727086));
#13355 = ORIENTED_EDGE('',*,*,#13257,.T.);
#13356 = PLANE('',#13357);
#13357 = AXIS2_PLACEMENT_3D('',#13358,#13359,#13360);
#13358 = CARTESIAN_POINT('',(-97.04881553646,112.28527000574,
    6.855001754317));
#13359 = DIRECTION('',(0.,0.707106781187,-0.707106781187));
#13360 = DIRECTION('',(-1.,1.25E-15,1.25E-15));
#13361 = ADVANCED_FACE('',(#13362),#13378,.T.);
#13362 = FACE_BOUND('',#13363,.T.);
#13363 = EDGE_LOOP('',(#13364,#13370,#13371,#13377));
#13364 = ORIENTED_EDGE('',*,*,#13365,.T.);
#13365 = EDGE_CURVE('',#13192,#13122,#13366,.T.);
#13366 = LINE('',#13367,#13368);
#13367 = CARTESIAN_POINT('',(-99.1464466094,110.4464466094,
    9.258819045103));
#13368 = VECTOR('',#13369,1.);
#13369 = DIRECTION('',(-2.051E-14,0.707106781187,-0.707106781187));
#13370 = ORIENTED_EDGE('',*,*,#13121,.T.);
#13371 = ORIENTED_EDGE('',*,*,#13372,.T.);
#13372 = EDGE_CURVE('',#13114,#13202,#13373,.T.);
#13373 = LINE('',#13374,#13375);
#13374 = CARTESIAN_POINT('',(-94.85355339059,106.76592582628,
    4.353553390593));
#13375 = VECTOR('',#13376,1.);
#13376 = DIRECTION('',(2.051E-14,-0.707106781187,0.707106781187));
#13377 = ORIENTED_EDGE('',*,*,#13201,.T.);
#13378 = PLANE('',#13379);
#13379 = AXIS2_PLACEMENT_3D('',#13380,#13381,#13382);
#13380 = CARTESIAN_POINT('',(-99.21846483909,110.82465105693,
    9.024651056938));
#13381 = DIRECTION('',(-0.816496580928,-0.408248290464,-0.408248290464)
  );
#13382 = DIRECTION('',(-0.4472135955,8.257138624144E-17,0.894427191));
#13383 = ADVANCED_FACE('',(#13384),#13400,.T.);
#13384 = FACE_BOUND('',#13385,.T.);
#13385 = EDGE_LOOP('',(#13386,#13392,#13393,#13399));
#13386 = ORIENTED_EDGE('',*,*,#13387,.T.);
#13387 = EDGE_CURVE('',#13170,#13098,#13388,.T.);
#13388 = LINE('',#13389,#13390);
#13389 = CARTESIAN_POINT('',(-96.5,112.54264068711,6.5));
#13390 = VECTOR('',#13391,1.);
#13391 = DIRECTION('',(-0.416016296563,-0.892880954628,-0.172319592204)
  );
#13392 = ORIENTED_EDGE('',*,*,#13097,.T.);
#13393 = ORIENTED_EDGE('',*,*,#13394,.T.);
#13394 = EDGE_CURVE('',#13090,#13154,#13395,.T.);
#13395 = LINE('',#13396,#13397);
#13396 = CARTESIAN_POINT('',(-96.85355339059,123.81617835798,
    6.353553390593));
#13397 = VECTOR('',#13398,1.);
#13398 = DIRECTION('',(0.416016296563,-0.892880954628,0.172319592204));
#13399 = ORIENTED_EDGE('',*,*,#13177,.T.);
#13400 = PLANE('',#13401);
#13401 = AXIS2_PLACEMENT_3D('',#13402,#13403,#13404);
#13402 = CARTESIAN_POINT('',(-96.67677669529,46.52132034356,
    6.426776695297));
#13403 = DIRECTION('',(0.382683432365,0.,-0.923879532511));
#13404 = DIRECTION('',(-0.923879532511,0.,-0.382683432365));
#13405 = ADVANCED_FACE('',(#13406),#13422,.T.);
#13406 = FACE_BOUND('',#13407,.T.);
#13407 = EDGE_LOOP('',(#13408,#13414,#13415,#13421));
#13408 = ORIENTED_EDGE('',*,*,#13409,.T.);
#13409 = EDGE_CURVE('',#13232,#13282,#13410,.T.);
#13410 = LINE('',#13411,#13412);
#13411 = CARTESIAN_POINT('',(-96.1464466094,111.68908729652,11.5));
#13412 = VECTOR('',#13413,1.);
#13413 = DIRECTION('',(-0.853553390593,0.146446609407,0.5));
#13414 = ORIENTED_EDGE('',*,*,#13281,.T.);
#13415 = ORIENTED_EDGE('',*,*,#13416,.T.);
#13416 = EDGE_CURVE('',#13272,#13242,#13417,.T.);
#13417 = LINE('',#13418,#13419);
#13418 = CARTESIAN_POINT('',(-95.,109.83553390593,12.));
#13419 = VECTOR('',#13420,1.);
#13420 = DIRECTION('',(0.191341716183,0.732537816329,-0.653281482438));
#13421 = ORIENTED_EDGE('',*,*,#13241,.T.);
#13422 = PLANE('',#13423);
#13423 = AXIS2_PLACEMENT_3D('',#13424,#13425,#13426);
#13424 = CARTESIAN_POINT('',(-97.24111652351,112.43020382004,11.75));
#13425 = DIRECTION('',(0.5,0.5,0.707106781187));
#13426 = DIRECTION('',(0.816496580928,1.368462918677E-15,-0.57735026919)
  );
#13427 = ADVANCED_FACE('',(#13428),#13444,.T.);
#13428 = FACE_BOUND('',#13429,.T.);
#13429 = EDGE_LOOP('',(#13430,#13436,#13437,#13443));
#13430 = ORIENTED_EDGE('',*,*,#13431,.T.);
#13431 = EDGE_CURVE('',#13000,#13130,#13432,.T.);
#13432 = LINE('',#13433,#13434);
#13433 = CARTESIAN_POINT('',(-99.5,124.3,9.5));
#13434 = VECTOR('',#13435,1.);
#13435 = DIRECTION('',(0.370274559652,0.252587513646,-0.893921863713));
#13436 = ORIENTED_EDGE('',*,*,#13129,.T.);
#13437 = ORIENTED_EDGE('',*,*,#13438,.T.);
#13438 = EDGE_CURVE('',#13122,#13010,#13439,.T.);
#13439 = LINE('',#13440,#13441);
#13440 = CARTESIAN_POINT('',(-99.1464466094,111.0588190451,
    8.646446609407));
#13441 = VECTOR('',#13442,1.);
#13442 = DIRECTION('',(-0.370274559652,0.252587513646,0.893921863713));
#13443 = ORIENTED_EDGE('',*,*,#13009,.T.);
#13444 = PLANE('',#13445);
#13445 = AXIS2_PLACEMENT_3D('',#13446,#13447,#13448);
#13446 = CARTESIAN_POINT('',(-99.3232233047,52.9,9.073223304703));
#13447 = DIRECTION('',(-0.923879532511,0.,-0.382683432365));
#13448 = DIRECTION('',(-0.382683432365,0.,0.923879532511));
#13449 = ADVANCED_FACE('',(#13450),#13466,.T.);
#13450 = FACE_BOUND('',#13451,.T.);
#13451 = EDGE_LOOP('',(#13452,#13458,#13459,#13465));
#13452 = ORIENTED_EDGE('',*,*,#13453,.T.);
#13453 = EDGE_CURVE('',#12978,#13090,#13454,.T.);
#13454 = LINE('',#13455,#13456);
#13455 = CARTESIAN_POINT('',(-96.1464466094,123.91091270347,
    6.258819045103));
#13456 = VECTOR('',#13457,1.);
#13457 = DIRECTION('',(-0.982520050849,-0.131632727086,0.131632727086));
#13458 = ORIENTED_EDGE('',*,*,#13089,.T.);
#13459 = ORIENTED_EDGE('',*,*,#13460,.T.);
#13460 = EDGE_CURVE('',#13080,#12962,#13461,.T.);
#13461 = LINE('',#13462,#13463);
#13462 = CARTESIAN_POINT('',(-94.85355339059,125.81617835798,
    4.353553390593));
#13463 = VECTOR('',#13464,1.);
#13464 = DIRECTION('',(0.,-0.707106781187,0.707106781187));
#13465 = ORIENTED_EDGE('',*,*,#12985,.T.);
#13466 = PLANE('',#13467);
#13467 = AXIS2_PLACEMENT_3D('',#13468,#13469,#13470);
#13468 = CARTESIAN_POINT('',(-97.71548220313,122.64806332759,
    7.521668420984));
#13469 = DIRECTION('',(0.,-0.707106781187,-0.707106781187));
#13470 = DIRECTION('',(-1.,-2.67E-15,2.67E-15));
#13471 = ADVANCED_FACE('',(#13472),#13488,.T.);
#13472 = FACE_BOUND('',#13473,.T.);
#13473 = EDGE_LOOP('',(#13474,#13480,#13481,#13487));
#13474 = ORIENTED_EDGE('',*,*,#13475,.T.);
#13475 = EDGE_CURVE('',#13152,#13290,#13476,.T.);
#13476 = LINE('',#13477,#13478);
#13477 = CARTESIAN_POINT('',(-96.5,123.05735931288,11.5));
#13478 = VECTOR('',#13479,1.);
#13479 = DIRECTION('',(-0.5,0.707106781187,0.5));
#13480 = ORIENTED_EDGE('',*,*,#13289,.T.);
#13481 = ORIENTED_EDGE('',*,*,#13482,.T.);
#13482 = EDGE_CURVE('',#13282,#13162,#13483,.T.);
#13483 = LINE('',#13484,#13485);
#13484 = CARTESIAN_POINT('',(-97.,111.83553390593,12.));
#13485 = VECTOR('',#13486,1.);
#13486 = DIRECTION('',(0.5,0.707106781187,-0.5));
#13487 = ORIENTED_EDGE('',*,*,#13161,.T.);
#13488 = PLANE('',#13489);
#13489 = AXIS2_PLACEMENT_3D('',#13490,#13491,#13492);
#13490 = CARTESIAN_POINT('',(-96.75,46.52132034356,11.75));
#13491 = DIRECTION('',(0.707106781187,0.,0.707106781187));
#13492 = DIRECTION('',(0.707106781187,0.,-0.707106781187));
#13493 = ADVANCED_FACE('',(#13494),#13510,.T.);
#13494 = FACE_BOUND('',#13495,.T.);
#13495 = EDGE_LOOP('',(#13496,#13502,#13503,#13509));
#13496 = ORIENTED_EDGE('',*,*,#13497,.T.);
#13497 = EDGE_CURVE('',#12960,#13298,#13498,.T.);
#13498 = LINE('',#13499,#13500);
#13499 = CARTESIAN_POINT('',(-94.85355339059,125.20380592228,11.5));
#13500 = VECTOR('',#13501,1.);
#13501 = DIRECTION('',(-0.191341716183,0.732537816329,0.653281482438));
#13502 = ORIENTED_EDGE('',*,*,#13297,.T.);
#13503 = ORIENTED_EDGE('',*,*,#13504,.T.);
#13504 = EDGE_CURVE('',#13290,#12970,#13505,.T.);
#13505 = LINE('',#13506,#13507);
#13506 = CARTESIAN_POINT('',(-97.,123.76446609406,12.));
#13507 = VECTOR('',#13508,1.);
#13508 = DIRECTION('',(0.853553390593,0.146446609407,-0.5));
#13509 = ORIENTED_EDGE('',*,*,#12969,.T.);
#13510 = PLANE('',#13511);
#13511 = AXIS2_PLACEMENT_3D('',#13512,#13513,#13514);
#13512 = CARTESIAN_POINT('',(-98.24111652351,122.16979617995,11.75));
#13513 = DIRECTION('',(0.5,-0.5,0.707106781187));
#13514 = DIRECTION('',(0.816496580928,-2.625103149717E-16,-0.57735026919
    ));
#13515 = ADVANCED_FACE('',(#13516),#13541,.T.);
#13516 = FACE_BOUND('',#13517,.T.);
#13517 = EDGE_LOOP('',(#13518,#13526,#13534,#13540));
#13518 = ORIENTED_EDGE('',*,*,#13519,.T.);
#13519 = EDGE_CURVE('',#13298,#13520,#13522,.T.);
#13520 = VERTEX_POINT('',#13521);
#13521 = CARTESIAN_POINT('',(-94.5,125.05735931288,12.5));
#13522 = LINE('',#13523,#13524);
#13523 = CARTESIAN_POINT('',(-95.,125.76446609406,12.));
#13524 = VECTOR('',#13525,1.);
#13525 = DIRECTION('',(0.5,-0.707106781187,0.5));
#13526 = ORIENTED_EDGE('',*,*,#13527,.T.);
#13527 = EDGE_CURVE('',#13520,#13528,#13530,.T.);
#13528 = VERTEX_POINT('',#13529);
#13529 = CARTESIAN_POINT('',(-94.5,130.3,12.5));
#13530 = LINE('',#13531,#13532);
#13531 = CARTESIAN_POINT('',(-94.5,58.9,12.5));
#13532 = VECTOR('',#13533,1.);
#13533 = DIRECTION('',(0.,1.,0.));
#13534 = ORIENTED_EDGE('',*,*,#13535,.T.);
#13535 = EDGE_CURVE('',#13528,#13306,#13536,.T.);
#13536 = LINE('',#13537,#13538);
#13537 = CARTESIAN_POINT('',(-94.5,130.3,12.5));
#13538 = VECTOR('',#13539,1.);
#13539 = DIRECTION('',(-0.270598050073,-0.923879532511,-0.270598050073)
  );
#13540 = ORIENTED_EDGE('',*,*,#13305,.T.);
#13541 = PLANE('',#13542);
#13542 = AXIS2_PLACEMENT_3D('',#13543,#13544,#13545);
#13543 = CARTESIAN_POINT('',(-94.75,24.7,12.25));
#13544 = DIRECTION('',(-0.707106781187,0.,0.707106781187));
#13545 = DIRECTION('',(0.707106781187,0.,0.707106781187));
#13546 = ADVANCED_FACE('',(#13547),#13563,.T.);
#13547 = FACE_BOUND('',#13548,.T.);
#13548 = EDGE_LOOP('',(#13549,#13555,#13556,#13562));
#13549 = ORIENTED_EDGE('',*,*,#13550,.T.);
#13550 = EDGE_CURVE('',#13050,#13314,#13551,.T.);
#13551 = LINE('',#13552,#13553);
#13552 = CARTESIAN_POINT('',(-99.1464466094,125.15355339059,11.5));
#13553 = VECTOR('',#13554,1.);
#13554 = DIRECTION('',(0.191341716183,-0.732537816329,0.653281482438));
#13555 = ORIENTED_EDGE('',*,*,#13313,.T.);
#13556 = ORIENTED_EDGE('',*,*,#13557,.T.);
#13557 = EDGE_CURVE('',#13306,#13058,#13558,.T.);
#13558 = LINE('',#13559,#13560);
#13559 = CARTESIAN_POINT('',(-95.,128.59289321881,12.));
#13560 = VECTOR('',#13561,1.);
#13561 = DIRECTION('',(0.146446609407,0.853553390593,-0.5));
#13562 = ORIENTED_EDGE('',*,*,#13057,.T.);
#13563 = PLANE('',#13564);
#13564 = AXIS2_PLACEMENT_3D('',#13565,#13566,#13567);
#13565 = CARTESIAN_POINT('',(-97.9482233047,125.9982233047,11.75));
#13566 = DIRECTION('',(-0.5,0.5,0.707106781187));
#13567 = DIRECTION('',(0.816496580928,-4.828349648967E-16,0.57735026919)
  );
#13568 = ADVANCED_FACE('',(#13569),#13592,.T.);
#13569 = FACE_BOUND('',#13570,.T.);
#13570 = EDGE_LOOP('',(#13571,#13577,#13585,#13591));
#13571 = ORIENTED_EDGE('',*,*,#13572,.T.);
#13572 = EDGE_CURVE('',#13058,#13528,#13573,.T.);
#13573 = LINE('',#13574,#13575);
#13574 = CARTESIAN_POINT('',(-94.85355339059,129.4464466094,11.5));
#13575 = VECTOR('',#13576,1.);
#13576 = DIRECTION('',(0.259688343688,0.626943121322,0.734509555268));
#13577 = ORIENTED_EDGE('',*,*,#13578,.T.);
#13578 = EDGE_CURVE('',#13528,#13579,#13581,.T.);
#13579 = VERTEX_POINT('',#13580);
#13580 = CARTESIAN_POINT('',(-94.5,130.3,3.5));
#13581 = LINE('',#13582,#13583);
#13582 = CARTESIAN_POINT('',(-94.5,130.3,-7.075));
#13583 = VECTOR('',#13584,1.);
#13584 = DIRECTION('',(-8.E-16,-8.E-16,-1.));
#13585 = ORIENTED_EDGE('',*,*,#13586,.T.);
#13586 = EDGE_CURVE('',#13579,#13042,#13587,.T.);
#13587 = LINE('',#13588,#13589);
#13588 = CARTESIAN_POINT('',(-94.5,130.3,3.5));
#13589 = VECTOR('',#13590,1.);
#13590 = DIRECTION('',(-0.204039421211,-0.492594737947,0.846001382232));
#13591 = ORIENTED_EDGE('',*,*,#13065,.T.);
#13592 = PLANE('',#13593);
#13593 = AXIS2_PLACEMENT_3D('',#13594,#13595,#13596);
#13594 = CARTESIAN_POINT('',(-94.67677669529,129.8732233047,-7.075));
#13595 = DIRECTION('',(-0.923879532511,0.382683432365,4.3E-16));
#13596 = DIRECTION('',(4.66098105401E-16,1.61621766185E-18,1.));
#13597 = ADVANCED_FACE('',(#13598),#13603,.T.);
#13598 = FACE_BOUND('',#13599,.T.);
#13599 = EDGE_LOOP('',(#13600,#13601,#13602));
#13600 = ORIENTED_EDGE('',*,*,#13535,.F.);
#13601 = ORIENTED_EDGE('',*,*,#13572,.F.);
#13602 = ORIENTED_EDGE('',*,*,#13557,.F.);
#13603 = PLANE('',#13604);
#13604 = AXIS2_PLACEMENT_3D('',#13605,#13606,#13607);
#13605 = CARTESIAN_POINT('',(-94.85355339059,129.4464466094,11.5));
#13606 = DIRECTION('',(-0.961007183383,0.242609246693,0.132687402965));
#13607 = DIRECTION('',(0.136773639673,-7.815248521812E-17,0.990602327622
    ));
#13608 = ADVANCED_FACE('',(#13609),#13632,.T.);
#13609 = FACE_BOUND('',#13610,.T.);
#13610 = EDGE_LOOP('',(#13611,#13619,#13625,#13631));
#13611 = ORIENTED_EDGE('',*,*,#13612,.T.);
#13612 = EDGE_CURVE('',#12962,#13613,#13615,.T.);
#13613 = VERTEX_POINT('',#13614);
#13614 = CARTESIAN_POINT('',(-94.5,125.05735931288,3.5));
#13615 = LINE('',#13616,#13617);
#13616 = CARTESIAN_POINT('',(-94.85355339059,125.20380592228,
    4.965925826289));
#13617 = VECTOR('',#13618,1.);
#13618 = DIRECTION('',(0.233360434025,-9.666105669465E-02,
    -0.967574052954));
#13619 = ORIENTED_EDGE('',*,*,#13620,.T.);
#13620 = EDGE_CURVE('',#13613,#13520,#13621,.T.);
#13621 = LINE('',#13622,#13623);
#13622 = CARTESIAN_POINT('',(-94.5,125.05735931288,-7.075));
#13623 = VECTOR('',#13624,1.);
#13624 = DIRECTION('',(8.E-16,8.E-16,1.));
#13625 = ORIENTED_EDGE('',*,*,#13626,.T.);
#13626 = EDGE_CURVE('',#13520,#12960,#13627,.T.);
#13627 = LINE('',#13628,#13629);
#13628 = CARTESIAN_POINT('',(-94.5,125.05735931288,12.5));
#13629 = VECTOR('',#13630,1.);
#13630 = DIRECTION('',(-0.330200775874,0.136773639673,-0.933948831094));
#13631 = ORIENTED_EDGE('',*,*,#12959,.T.);
#13632 = PLANE('',#13633);
#13633 = AXIS2_PLACEMENT_3D('',#13634,#13635,#13636);
#13634 = CARTESIAN_POINT('',(-94.67677669529,125.13058261758,-7.075));
#13635 = DIRECTION('',(-0.382683432365,-0.923879532511,1.05E-15));
#13636 = DIRECTION('',(1.233261292982E-18,-1.137022643861E-15,-1.));
#13637 = ADVANCED_FACE('',(#13638),#13643,.T.);
#13638 = FACE_BOUND('',#13639,.T.);
#13639 = EDGE_LOOP('',(#13640,#13641,#13642));
#13640 = ORIENTED_EDGE('',*,*,#13497,.F.);
#13641 = ORIENTED_EDGE('',*,*,#13626,.F.);
#13642 = ORIENTED_EDGE('',*,*,#13519,.F.);
#13643 = PLANE('',#13644);
#13644 = AXIS2_PLACEMENT_3D('',#13645,#13646,#13647);
#13645 = CARTESIAN_POINT('',(-94.5,125.05735931288,12.5));
#13646 = DIRECTION('',(-0.864584498274,-0.440859983096,0.241114331072));
#13647 = DIRECTION('',(0.268628351327,-4.964053857649E-16,0.96324389895)
  );
#13648 = ADVANCED_FACE('',(#13649),#13665,.T.);
#13649 = FACE_BOUND('',#13650,.T.);
#13650 = EDGE_LOOP('',(#13651,#13657,#13658,#13664));
#13651 = ORIENTED_EDGE('',*,*,#13652,.T.);
#13652 = EDGE_CURVE('',#13018,#13322,#13653,.T.);
#13653 = LINE('',#13654,#13655);
#13654 = CARTESIAN_POINT('',(-99.5,111.3,11.5));
#13655 = VECTOR('',#13656,1.);
#13656 = DIRECTION('',(0.653281482438,-0.382683432365,0.653281482438));
#13657 = ORIENTED_EDGE('',*,*,#13321,.T.);
#13658 = ORIENTED_EDGE('',*,*,#13659,.T.);
#13659 = EDGE_CURVE('',#13314,#13002,#13660,.T.);
#13660 = LINE('',#13661,#13662);
#13661 = CARTESIAN_POINT('',(-99.,124.59289321881,12.));
#13662 = VECTOR('',#13663,1.);
#13663 = DIRECTION('',(-0.653281482438,-0.382683432365,-0.653281482438)
  );
#13664 = ORIENTED_EDGE('',*,*,#13025,.T.);
#13665 = PLANE('',#13666);
#13666 = AXIS2_PLACEMENT_3D('',#13667,#13668,#13669);
#13667 = CARTESIAN_POINT('',(-99.25,52.9,11.75));
#13668 = DIRECTION('',(-0.707106781187,0.,0.707106781187));
#13669 = DIRECTION('',(0.707106781187,0.,0.707106781187));
#13670 = ADVANCED_FACE('',(#13671),#13687,.T.);
#13671 = FACE_BOUND('',#13672,.T.);
#13672 = EDGE_LOOP('',(#13673,#13679,#13680,#13686));
#13673 = ORIENTED_EDGE('',*,*,#13674,.T.);
#13674 = EDGE_CURVE('',#13002,#13050,#13675,.T.);
#13675 = LINE('',#13676,#13677);
#13676 = CARTESIAN_POINT('',(-99.5,124.3,11.5));
#13677 = VECTOR('',#13678,1.);
#13678 = DIRECTION('',(0.382683432365,0.923879532511,0.));
#13679 = ORIENTED_EDGE('',*,*,#13049,.T.);
#13680 = ORIENTED_EDGE('',*,*,#13681,.T.);
#13681 = EDGE_CURVE('',#13040,#13000,#13682,.T.);
#13682 = LINE('',#13683,#13684);
#13683 = CARTESIAN_POINT('',(-99.1464466094,125.15355339059,
    9.258819045103));
#13684 = VECTOR('',#13685,1.);
#13685 = DIRECTION('',(-0.370274559652,-0.893921863713,0.252587513646));
#13686 = ORIENTED_EDGE('',*,*,#12999,.T.);
#13687 = PLANE('',#13688);
#13688 = AXIS2_PLACEMENT_3D('',#13689,#13690,#13691);
#13689 = CARTESIAN_POINT('',(-99.3232233047,124.72677669529,8.));
#13690 = DIRECTION('',(-0.923879532511,0.382683432365,0.));
#13691 = DIRECTION('',(0.,0.,1.));
#13692 = ADVANCED_FACE('',(#13693),#13698,.T.);
#13693 = FACE_BOUND('',#13694,.T.);
#13694 = EDGE_LOOP('',(#13695,#13696,#13697));
#13695 = ORIENTED_EDGE('',*,*,#13550,.F.);
#13696 = ORIENTED_EDGE('',*,*,#13674,.F.);
#13697 = ORIENTED_EDGE('',*,*,#13659,.F.);
#13698 = PLANE('',#13699);
#13699 = AXIS2_PLACEMENT_3D('',#13700,#13701,#13702);
#13700 = CARTESIAN_POINT('',(-99.5,124.3,11.5));
#13701 = DIRECTION('',(-0.756975158958,0.31354937722,0.573302186256));
#13702 = DIRECTION('',(0.60374805522,1.340195313543E-16,0.797175191421)
  );
#13703 = ADVANCED_FACE('',(#13704),#13720,.T.);
#13704 = FACE_BOUND('',#13705,.T.);
#13705 = EDGE_LOOP('',(#13706,#13712,#13713,#13719));
#13706 = ORIENTED_EDGE('',*,*,#13707,.T.);
#13707 = EDGE_CURVE('',#13042,#13082,#13708,.T.);
#13708 = LINE('',#13709,#13710);
#13709 = CARTESIAN_POINT('',(-94.85355339059,129.4464466094,
    4.965925826289));
#13710 = VECTOR('',#13711,1.);
#13711 = DIRECTION('',(4.102E-14,-0.707106781187,-0.707106781187));
#13712 = ORIENTED_EDGE('',*,*,#13137,.T.);
#13713 = ORIENTED_EDGE('',*,*,#13714,.T.);
#13714 = EDGE_CURVE('',#13130,#13040,#13715,.T.);
#13715 = LINE('',#13716,#13717);
#13716 = CARTESIAN_POINT('',(-99.1464466094,124.54118095489,
    8.646446609407));
#13717 = VECTOR('',#13718,1.);
#13718 = DIRECTION('',(2.051E-14,0.707106781187,0.707106781187));
#13719 = ORIENTED_EDGE('',*,*,#13039,.T.);
#13720 = PLANE('',#13721);
#13721 = AXIS2_PLACEMENT_3D('',#13722,#13723,#13724);
#13722 = CARTESIAN_POINT('',(-97.55179817242,126.44201560972,
    7.357984390271));
#13723 = DIRECTION('',(-0.816496580928,0.408248290464,-0.408248290464));
#13724 = DIRECTION('',(-0.4472135955,2.656532753443E-16,0.894427191));
#13725 = ADVANCED_FACE('',(#13726),#13747,.T.);
#13726 = FACE_BOUND('',#13727,.T.);
#13727 = EDGE_LOOP('',(#13728,#13734,#13740,#13746));
#13728 = ORIENTED_EDGE('',*,*,#13729,.T.);
#13729 = EDGE_CURVE('',#13082,#13579,#13730,.T.);
#13730 = LINE('',#13731,#13732);
#13731 = CARTESIAN_POINT('',(-94.85355339059,128.83407417371,
    4.353553390593));
#13732 = VECTOR('',#13733,1.);
#13733 = DIRECTION('',(0.204039421211,0.846001382232,-0.492594737947));
#13734 = ORIENTED_EDGE('',*,*,#13735,.T.);
#13735 = EDGE_CURVE('',#13579,#13613,#13736,.T.);
#13736 = LINE('',#13737,#13738);
#13737 = CARTESIAN_POINT('',(-94.5,58.9,3.5));
#13738 = VECTOR('',#13739,1.);
#13739 = DIRECTION('',(0.,-1.,0.));
#13740 = ORIENTED_EDGE('',*,*,#13741,.T.);
#13741 = EDGE_CURVE('',#13613,#13080,#13742,.T.);
#13742 = LINE('',#13743,#13744);
#13743 = CARTESIAN_POINT('',(-94.5,125.05735931288,3.5));
#13744 = VECTOR('',#13745,1.);
#13745 = DIRECTION('',(-0.295722408575,0.634698468918,0.71393704948));
#13746 = ORIENTED_EDGE('',*,*,#13079,.T.);
#13747 = PLANE('',#13748);
#13748 = AXIS2_PLACEMENT_3D('',#13749,#13750,#13751);
#13749 = CARTESIAN_POINT('',(-94.67677669529,24.7,3.926776695297));
#13750 = DIRECTION('',(-0.923879532511,0.,-0.382683432365));
#13751 = DIRECTION('',(-0.382683432365,0.,0.923879532511));
#13752 = ADVANCED_FACE('',(#13753),#13758,.T.);
#13753 = FACE_BOUND('',#13754,.T.);
#13754 = EDGE_LOOP('',(#13755,#13756,#13757));
#13755 = ORIENTED_EDGE('',*,*,#13586,.F.);
#13756 = ORIENTED_EDGE('',*,*,#13729,.F.);
#13757 = ORIENTED_EDGE('',*,*,#13707,.F.);
#13758 = PLANE('',#13759);
#13759 = AXIS2_PLACEMENT_3D('',#13760,#13761,#13762);
#13760 = CARTESIAN_POINT('',(-94.85355339059,128.83407417371,
    4.353553390593));
#13761 = DIRECTION('',(-0.97754534379,0.149005202651,-0.149005202651));
#13762 = DIRECTION('',(-0.150687414876,-7.99474744062E-17,0.988581459971
    ));
#13763 = ADVANCED_FACE('',(#13764),#13780,.T.);
#13764 = FACE_BOUND('',#13765,.T.);
#13765 = EDGE_LOOP('',(#13766,#13772,#13773,#13779));
#13766 = ORIENTED_EDGE('',*,*,#13767,.T.);
#13767 = EDGE_CURVE('',#12970,#13152,#13768,.T.);
#13768 = LINE('',#13769,#13770);
#13769 = CARTESIAN_POINT('',(-96.1464466094,123.91091270347,11.5));
#13770 = VECTOR('',#13771,1.);
#13771 = DIRECTION('',(-0.382683432365,-0.923879532511,0.));
#13772 = ORIENTED_EDGE('',*,*,#13151,.T.);
#13773 = ORIENTED_EDGE('',*,*,#13774,.T.);
#13774 = EDGE_CURVE('',#13154,#12978,#13775,.T.);
#13775 = LINE('',#13776,#13777);
#13776 = CARTESIAN_POINT('',(-96.5,123.05735931288,6.5));
#13777 = VECTOR('',#13778,1.);
#13778 = DIRECTION('',(0.370274559652,0.893921863713,-0.252587513646));
#13779 = ORIENTED_EDGE('',*,*,#12977,.T.);
#13780 = PLANE('',#13781);
#13781 = AXIS2_PLACEMENT_3D('',#13782,#13783,#13784);
#13782 = CARTESIAN_POINT('',(-96.3232233047,123.48413600817,8.));
#13783 = DIRECTION('',(0.923879532511,-0.382683432365,0.));
#13784 = DIRECTION('',(0.,0.,-1.));
#13785 = ADVANCED_FACE('',(#13786),#13791,.T.);
#13786 = FACE_BOUND('',#13787,.T.);
#13787 = EDGE_LOOP('',(#13788,#13789,#13790));
#13788 = ORIENTED_EDGE('',*,*,#13475,.F.);
#13789 = ORIENTED_EDGE('',*,*,#13767,.F.);
#13790 = ORIENTED_EDGE('',*,*,#13504,.F.);
#13791 = PLANE('',#13792);
#13792 = AXIS2_PLACEMENT_3D('',#13793,#13794,#13795);
#13793 = CARTESIAN_POINT('',(-96.1464466094,123.91091270347,11.5));
#13794 = DIRECTION('',(0.520840998147,-0.215739405272,0.825942591021));
#13795 = DIRECTION('',(0.845861810898,-2.164510624147E-17,
    -0.533402096794));
#13796 = ADVANCED_FACE('',(#13797),#13802,.T.);
#13797 = FACE_BOUND('',#13798,.T.);
#13798 = EDGE_LOOP('',(#13799,#13800,#13801));
#13799 = ORIENTED_EDGE('',*,*,#13460,.F.);
#13800 = ORIENTED_EDGE('',*,*,#13741,.F.);
#13801 = ORIENTED_EDGE('',*,*,#13612,.F.);
#13802 = PLANE('',#13803);
#13803 = AXIS2_PLACEMENT_3D('',#13804,#13805,#13806);
#13804 = CARTESIAN_POINT('',(-94.5,125.05735931288,3.5));
#13805 = DIRECTION('',(-0.95512975481,-0.209436328601,-0.209436328601));
#13806 = DIRECTION('',(-0.214186495298,1.025599005132E-16,0.976792785207
    ));
#13807 = ADVANCED_FACE('',(#13808),#13824,.T.);
#13808 = FACE_BOUND('',#13809,.T.);
#13809 = EDGE_LOOP('',(#13810,#13816,#13817,#13823));
#13810 = ORIENTED_EDGE('',*,*,#13811,.T.);
#13811 = EDGE_CURVE('',#13210,#13274,#13812,.T.);
#13812 = LINE('',#13813,#13814);
#13813 = CARTESIAN_POINT('',(-94.85355339059,106.15355339059,11.5));
#13814 = VECTOR('',#13815,1.);
#13815 = DIRECTION('',(-0.146446609407,0.853553390593,0.5));
#13816 = ORIENTED_EDGE('',*,*,#13329,.T.);
#13817 = ORIENTED_EDGE('',*,*,#13818,.T.);
#13818 = EDGE_CURVE('',#13322,#13194,#13819,.T.);
#13819 = LINE('',#13820,#13821);
#13820 = CARTESIAN_POINT('',(-99.,111.00710678118,12.));
#13821 = VECTOR('',#13822,1.);
#13822 = DIRECTION('',(-0.191341716183,-0.732537816329,-0.653281482438)
  );
#13823 = ORIENTED_EDGE('',*,*,#13217,.T.);
#13824 = PLANE('',#13825);
#13825 = AXIS2_PLACEMENT_3D('',#13826,#13827,#13828);
#13826 = CARTESIAN_POINT('',(-100.4482233047,112.10177669529,11.75));
#13827 = DIRECTION('',(-0.5,-0.5,0.707106781187));
#13828 = DIRECTION('',(0.816496580928,-1.104333381412E-15,0.57735026919)
  );
#13829 = ADVANCED_FACE('',(#13830),#13846,.T.);
#13830 = FACE_BOUND('',#13831,.T.);
#13831 = EDGE_LOOP('',(#13832,#13838,#13839,#13845));
#13832 = ORIENTED_EDGE('',*,*,#13833,.T.);
#13833 = EDGE_CURVE('',#13194,#13018,#13834,.T.);
#13834 = LINE('',#13835,#13836);
#13835 = CARTESIAN_POINT('',(-99.1464466094,110.4464466094,11.5));
#13836 = VECTOR('',#13837,1.);
#13837 = DIRECTION('',(-0.382683432365,0.923879532511,0.));
#13838 = ORIENTED_EDGE('',*,*,#13017,.T.);
#13839 = ORIENTED_EDGE('',*,*,#13840,.T.);
#13840 = EDGE_CURVE('',#13010,#13192,#13841,.T.);
#13841 = LINE('',#13842,#13843);
#13842 = CARTESIAN_POINT('',(-99.5,111.3,9.5));
#13843 = VECTOR('',#13844,1.);
#13844 = DIRECTION('',(0.370274559652,-0.893921863713,-0.252587513646));
#13845 = ORIENTED_EDGE('',*,*,#13191,.T.);
#13846 = PLANE('',#13847);
#13847 = AXIS2_PLACEMENT_3D('',#13848,#13849,#13850);
#13848 = CARTESIAN_POINT('',(-99.3232233047,110.8732233047,8.));
#13849 = DIRECTION('',(-0.923879532511,-0.382683432365,0.));
#13850 = DIRECTION('',(0.,0.,1.));
#13851 = ADVANCED_FACE('',(#13852),#13857,.T.);
#13852 = FACE_BOUND('',#13853,.T.);
#13853 = EDGE_LOOP('',(#13854,#13855,#13856));
#13854 = ORIENTED_EDGE('',*,*,#13652,.F.);
#13855 = ORIENTED_EDGE('',*,*,#13833,.F.);
#13856 = ORIENTED_EDGE('',*,*,#13818,.F.);
#13857 = PLANE('',#13858);
#13858 = AXIS2_PLACEMENT_3D('',#13859,#13860,#13861);
#13859 = CARTESIAN_POINT('',(-99.1464466094,110.4464466094,11.5));
#13860 = DIRECTION('',(-0.756975158958,-0.31354937722,0.573302186256));
#13861 = DIRECTION('',(0.60374805522,5.495795246581E-17,0.797175191421)
  );
#13862 = ADVANCED_FACE('',(#13863),#13868,.T.);
#13863 = FACE_BOUND('',#13864,.T.);
#13864 = EDGE_LOOP('',(#13865,#13866,#13867));
#13865 = ORIENTED_EDGE('',*,*,#13431,.F.);
#13866 = ORIENTED_EDGE('',*,*,#13681,.F.);
#13867 = ORIENTED_EDGE('',*,*,#13714,.F.);
#13868 = PLANE('',#13869);
#13869 = AXIS2_PLACEMENT_3D('',#13870,#13871,#13872);
#13870 = CARTESIAN_POINT('',(-99.1464466094,125.15355339059,
    9.258819045103));
#13871 = DIRECTION('',(-0.909615800965,0.293767845956,-0.293767845956));
#13872 = DIRECTION('',(-0.307328147952,-2.39310605486E-16,0.95160359892)
  );
#13873 = ADVANCED_FACE('',(#13874),#13890,.T.);
#13874 = FACE_BOUND('',#13875,.T.);
#13875 = EDGE_LOOP('',(#13876,#13882,#13883,#13889));
#13876 = ORIENTED_EDGE('',*,*,#13877,.T.);
#13877 = EDGE_CURVE('',#13162,#13232,#13878,.T.);
#13878 = LINE('',#13879,#13880);
#13879 = CARTESIAN_POINT('',(-96.5,112.54264068711,11.5));
#13880 = VECTOR('',#13881,1.);
#13881 = DIRECTION('',(0.382683432365,-0.923879532511,0.));
#13882 = ORIENTED_EDGE('',*,*,#13231,.T.);
#13883 = ORIENTED_EDGE('',*,*,#13884,.T.);
#13884 = EDGE_CURVE('',#13234,#13170,#13885,.T.);
#13885 = LINE('',#13886,#13887);
#13886 = CARTESIAN_POINT('',(-96.1464466094,111.68908729652,
    6.258819045103));
#13887 = VECTOR('',#13888,1.);
#13888 = DIRECTION('',(-0.370274559652,0.893921863713,0.252587513646));
#13889 = ORIENTED_EDGE('',*,*,#13169,.T.);
#13890 = PLANE('',#13891);
#13891 = AXIS2_PLACEMENT_3D('',#13892,#13893,#13894);
#13892 = CARTESIAN_POINT('',(-96.3232233047,112.11586399182,8.));
#13893 = DIRECTION('',(0.923879532511,0.382683432365,0.));
#13894 = DIRECTION('',(0.,0.,-1.));
#13895 = ADVANCED_FACE('',(#13896),#13901,.T.);
#13896 = FACE_BOUND('',#13897,.T.);
#13897 = EDGE_LOOP('',(#13898,#13899,#13900));
#13898 = ORIENTED_EDGE('',*,*,#13409,.F.);
#13899 = ORIENTED_EDGE('',*,*,#13877,.F.);
#13900 = ORIENTED_EDGE('',*,*,#13482,.F.);
#13901 = PLANE('',#13902);
#13902 = AXIS2_PLACEMENT_3D('',#13903,#13904,#13905);
#13903 = CARTESIAN_POINT('',(-96.5,112.54264068711,11.5));
#13904 = DIRECTION('',(0.520840998147,0.215739405272,0.825942591021));
#13905 = DIRECTION('',(0.845861810898,-3.118499979328E-17,
    -0.533402096794));
#13906 = ADVANCED_FACE('',(#13907),#13912,.T.);
#13907 = FACE_BOUND('',#13908,.T.);
#13908 = EDGE_LOOP('',(#13909,#13910,#13911));
#13909 = ORIENTED_EDGE('',*,*,#13453,.F.);
#13910 = ORIENTED_EDGE('',*,*,#13774,.F.);
#13911 = ORIENTED_EDGE('',*,*,#13394,.F.);
#13912 = PLANE('',#13913);
#13913 = AXIS2_PLACEMENT_3D('',#13914,#13915,#13916);
#13914 = CARTESIAN_POINT('',(-96.5,123.05735931288,6.5));
#13915 = DIRECTION('',(-9.846595692485E-02,-0.232612298039,
    -0.967572206157));
#13916 = DIRECTION('',(-0.994861716238,-1.234107165628E-16,
    0.101243101315));
#13917 = ADVANCED_FACE('',(#13918),#13943,.T.);
#13918 = FACE_BOUND('',#13919,.T.);
#13919 = EDGE_LOOP('',(#13920,#13928,#13936,#13942));
#13920 = ORIENTED_EDGE('',*,*,#13921,.T.);
#13921 = EDGE_CURVE('',#13274,#13922,#13924,.T.);
#13922 = VERTEX_POINT('',#13923);
#13923 = CARTESIAN_POINT('',(-94.5,105.3,12.5));
#13924 = LINE('',#13925,#13926);
#13925 = CARTESIAN_POINT('',(-95.,107.00710678118,12.));
#13926 = VECTOR('',#13927,1.);
#13927 = DIRECTION('',(0.270598050073,-0.923879532511,0.270598050073));
#13928 = ORIENTED_EDGE('',*,*,#13929,.T.);
#13929 = EDGE_CURVE('',#13922,#13930,#13932,.T.);
#13930 = VERTEX_POINT('',#13931);
#13931 = CARTESIAN_POINT('',(-94.5,110.54264068711,12.5));
#13932 = LINE('',#13933,#13934);
#13933 = CARTESIAN_POINT('',(-94.5,58.9,12.5));
#13934 = VECTOR('',#13935,1.);
#13935 = DIRECTION('',(0.,1.,0.));
#13936 = ORIENTED_EDGE('',*,*,#13937,.T.);
#13937 = EDGE_CURVE('',#13930,#13272,#13938,.T.);
#13938 = LINE('',#13939,#13940);
#13939 = CARTESIAN_POINT('',(-94.5,110.54264068711,12.5));
#13940 = VECTOR('',#13941,1.);
#13941 = DIRECTION('',(-0.5,-0.707106781187,-0.5));
#13942 = ORIENTED_EDGE('',*,*,#13271,.T.);
#13943 = PLANE('',#13944);
#13944 = AXIS2_PLACEMENT_3D('',#13945,#13946,#13947);
#13945 = CARTESIAN_POINT('',(-94.75,24.7,12.25));
#13946 = DIRECTION('',(-0.707106781187,0.,0.707106781187));
#13947 = DIRECTION('',(0.707106781187,0.,0.707106781187));
#13948 = ADVANCED_FACE('',(#13949),#13972,.T.);
#13949 = FACE_BOUND('',#13950,.T.);
#13950 = EDGE_LOOP('',(#13951,#13959,#13965,#13971));
#13951 = ORIENTED_EDGE('',*,*,#13952,.T.);
#13952 = EDGE_CURVE('',#13202,#13953,#13955,.T.);
#13953 = VERTEX_POINT('',#13954);
#13954 = CARTESIAN_POINT('',(-94.5,105.3,3.5));
#13955 = LINE('',#13956,#13957);
#13956 = CARTESIAN_POINT('',(-94.85355339059,106.15355339059,
    4.965925826289));
#13957 = VECTOR('',#13958,1.);
#13958 = DIRECTION('',(0.204039421211,-0.492594737947,-0.846001382232));
#13959 = ORIENTED_EDGE('',*,*,#13960,.T.);
#13960 = EDGE_CURVE('',#13953,#13922,#13961,.T.);
#13961 = LINE('',#13962,#13963);
#13962 = CARTESIAN_POINT('',(-94.5,105.3,-7.075));
#13963 = VECTOR('',#13964,1.);
#13964 = DIRECTION('',(8.E-16,-8.E-16,1.));
#13965 = ORIENTED_EDGE('',*,*,#13966,.T.);
#13966 = EDGE_CURVE('',#13922,#13210,#13967,.T.);
#13967 = LINE('',#13968,#13969);
#13968 = CARTESIAN_POINT('',(-94.5,105.3,12.5));
#13969 = VECTOR('',#13970,1.);
#13970 = DIRECTION('',(-0.259688343688,0.626943121322,-0.734509555268));
#13971 = ORIENTED_EDGE('',*,*,#13209,.T.);
#13972 = PLANE('',#13973);
#13973 = AXIS2_PLACEMENT_3D('',#13974,#13975,#13976);
#13974 = CARTESIAN_POINT('',(-94.67677669529,105.72677669529,-7.075));
#13975 = DIRECTION('',(-0.923879532511,-0.382683432365,4.3E-16));
#13976 = DIRECTION('',(4.66098105401E-16,-1.616217661853E-18,1.));
#13977 = ADVANCED_FACE('',(#13978),#13983,.T.);
#13978 = FACE_BOUND('',#13979,.T.);
#13979 = EDGE_LOOP('',(#13980,#13981,#13982));
#13980 = ORIENTED_EDGE('',*,*,#13811,.F.);
#13981 = ORIENTED_EDGE('',*,*,#13966,.F.);
#13982 = ORIENTED_EDGE('',*,*,#13921,.F.);
#13983 = PLANE('',#13984);
#13984 = AXIS2_PLACEMENT_3D('',#13985,#13986,#13987);
#13985 = CARTESIAN_POINT('',(-94.5,105.3,12.5));
#13986 = DIRECTION('',(-0.961007183383,-0.242609246693,0.132687402965));
#13987 = DIRECTION('',(0.136773639673,1.356077764086E-16,0.990602327622)
  );
#13988 = ADVANCED_FACE('',(#13989),#13994,.T.);
#13989 = FACE_BOUND('',#13990,.T.);
#13990 = EDGE_LOOP('',(#13991,#13992,#13993));
#13991 = ORIENTED_EDGE('',*,*,#13365,.F.);
#13992 = ORIENTED_EDGE('',*,*,#13840,.F.);
#13993 = ORIENTED_EDGE('',*,*,#13438,.F.);
#13994 = PLANE('',#13995);
#13995 = AXIS2_PLACEMENT_3D('',#13996,#13997,#13998);
#13996 = CARTESIAN_POINT('',(-99.5,111.3,9.5));
#13997 = DIRECTION('',(-0.909615800965,-0.293767845956,-0.293767845956)
  );
#13998 = DIRECTION('',(-0.307328147952,-4.087350645957E-17,0.95160359892
    ));
#13999 = ADVANCED_FACE('',(#14000),#14023,.T.);
#14000 = FACE_BOUND('',#14001,.T.);
#14001 = EDGE_LOOP('',(#14002,#14008,#14016,#14022));
#14002 = ORIENTED_EDGE('',*,*,#14003,.T.);
#14003 = EDGE_CURVE('',#13242,#13930,#14004,.T.);
#14004 = LINE('',#14005,#14006);
#14005 = CARTESIAN_POINT('',(-94.85355339059,110.39619407771,11.5));
#14006 = VECTOR('',#14007,1.);
#14007 = DIRECTION('',(0.330200775874,0.136773639673,0.933948831094));
#14008 = ORIENTED_EDGE('',*,*,#14009,.T.);
#14009 = EDGE_CURVE('',#13930,#14010,#14012,.T.);
#14010 = VERTEX_POINT('',#14011);
#14011 = CARTESIAN_POINT('',(-94.5,110.54264068711,3.5));
#14012 = LINE('',#14013,#14014);
#14013 = CARTESIAN_POINT('',(-94.5,110.54264068711,-7.075));
#14014 = VECTOR('',#14015,1.);
#14015 = DIRECTION('',(-8.E-16,8.E-16,-1.));
#14016 = ORIENTED_EDGE('',*,*,#14017,.T.);
#14017 = EDGE_CURVE('',#14010,#13250,#14018,.T.);
#14018 = LINE('',#14019,#14020);
#14019 = CARTESIAN_POINT('',(-94.5,110.54264068711,3.5));
#14020 = VECTOR('',#14021,1.);
#14021 = DIRECTION('',(-0.233360434025,-9.666105669464E-02,
    0.967574052954));
#14022 = ORIENTED_EDGE('',*,*,#13249,.T.);
#14023 = PLANE('',#14024);
#14024 = AXIS2_PLACEMENT_3D('',#14025,#14026,#14027);
#14025 = CARTESIAN_POINT('',(-94.67677669529,110.46941738241,-7.075));
#14026 = DIRECTION('',(-0.382683432365,0.923879532511,1.05E-15));
#14027 = DIRECTION('',(-1.233261292989E-18,-1.137022643861E-15,1.));
#14028 = ADVANCED_FACE('',(#14029),#14034,.T.);
#14029 = FACE_BOUND('',#14030,.T.);
#14030 = EDGE_LOOP('',(#14031,#14032,#14033));
#14031 = ORIENTED_EDGE('',*,*,#13937,.F.);
#14032 = ORIENTED_EDGE('',*,*,#14003,.F.);
#14033 = ORIENTED_EDGE('',*,*,#13416,.F.);
#14034 = PLANE('',#14035);
#14035 = AXIS2_PLACEMENT_3D('',#14036,#14037,#14038);
#14036 = CARTESIAN_POINT('',(-94.85355339059,110.39619407771,11.5));
#14037 = DIRECTION('',(-0.864584498274,0.440859983096,0.241114331072));
#14038 = DIRECTION('',(0.268628351327,2.346240137202E-16,0.96324389895)
  );
#14039 = ADVANCED_FACE('',(#14040),#14045,.T.);
#14040 = FACE_BOUND('',#14041,.T.);
#14041 = EDGE_LOOP('',(#14042,#14043,#14044));
#14042 = ORIENTED_EDGE('',*,*,#13387,.F.);
#14043 = ORIENTED_EDGE('',*,*,#13884,.F.);
#14044 = ORIENTED_EDGE('',*,*,#13350,.F.);
#14045 = PLANE('',#14046);
#14046 = AXIS2_PLACEMENT_3D('',#14047,#14048,#14049);
#14047 = CARTESIAN_POINT('',(-96.1464466094,111.68908729652,
    6.258819045103));
#14048 = DIRECTION('',(-9.846595692483E-02,0.232612298039,
    -0.967572206157));
#14049 = DIRECTION('',(-0.994861716238,1.187110615086E-16,0.101243101315
    ));
#14050 = ADVANCED_FACE('',(#14051),#14072,.T.);
#14051 = FACE_BOUND('',#14052,.T.);
#14052 = EDGE_LOOP('',(#14053,#14059,#14065,#14071));
#14053 = ORIENTED_EDGE('',*,*,#14054,.T.);
#14054 = EDGE_CURVE('',#13106,#14010,#14055,.T.);
#14055 = LINE('',#14056,#14057);
#14056 = CARTESIAN_POINT('',(-94.85355339059,109.78382164201,
    4.353553390593));
#14057 = VECTOR('',#14058,1.);
#14058 = DIRECTION('',(0.295722408575,0.634698468918,-0.71393704948));
#14059 = ORIENTED_EDGE('',*,*,#14060,.T.);
#14060 = EDGE_CURVE('',#14010,#13953,#14061,.T.);
#14061 = LINE('',#14062,#14063);
#14062 = CARTESIAN_POINT('',(-94.5,58.9,3.5));
#14063 = VECTOR('',#14064,1.);
#14064 = DIRECTION('',(0.,-1.,0.));
#14065 = ORIENTED_EDGE('',*,*,#14066,.T.);
#14066 = EDGE_CURVE('',#13953,#13114,#14067,.T.);
#14067 = LINE('',#14068,#14069);
#14068 = CARTESIAN_POINT('',(-94.5,105.3,3.5));
#14069 = VECTOR('',#14070,1.);
#14070 = DIRECTION('',(-0.204039421211,0.846001382232,0.492594737947));
#14071 = ORIENTED_EDGE('',*,*,#13113,.T.);
#14072 = PLANE('',#14073);
#14073 = AXIS2_PLACEMENT_3D('',#14074,#14075,#14076);
#14074 = CARTESIAN_POINT('',(-94.67677669529,24.7,3.926776695297));
#14075 = DIRECTION('',(-0.923879532511,0.,-0.382683432365));
#14076 = DIRECTION('',(-0.382683432365,0.,0.923879532511));
#14077 = ADVANCED_FACE('',(#14078),#14083,.T.);
#14078 = FACE_BOUND('',#14079,.T.);
#14079 = EDGE_LOOP('',(#14080,#14081,#14082));
#14080 = ORIENTED_EDGE('',*,*,#13372,.F.);
#14081 = ORIENTED_EDGE('',*,*,#14066,.F.);
#14082 = ORIENTED_EDGE('',*,*,#13952,.F.);
#14083 = PLANE('',#14084);
#14084 = AXIS2_PLACEMENT_3D('',#14085,#14086,#14087);
#14085 = CARTESIAN_POINT('',(-94.5,105.3,3.5));
#14086 = DIRECTION('',(-0.97754534379,-0.149005202651,-0.149005202651));
#14087 = DIRECTION('',(-0.150687414876,-7.229387481926E-17,
    0.988581459971));
#14088 = ADVANCED_FACE('',(#14089),#14094,.T.);
#14089 = FACE_BOUND('',#14090,.T.);
#14090 = EDGE_LOOP('',(#14091,#14092,#14093));
#14091 = ORIENTED_EDGE('',*,*,#14017,.F.);
#14092 = ORIENTED_EDGE('',*,*,#14054,.F.);
#14093 = ORIENTED_EDGE('',*,*,#13343,.F.);
#14094 = PLANE('',#14095);
#14095 = AXIS2_PLACEMENT_3D('',#14096,#14097,#14098);
#14096 = CARTESIAN_POINT('',(-94.85355339059,109.78382164201,
    4.353553390593));
#14097 = DIRECTION('',(-0.95512975481,0.209436328601,-0.209436328601));
#14098 = DIRECTION('',(-0.214186495298,-2.044433030803E-17,
    0.976792785207));
#14099 = ADVANCED_FACE('',(#14100),#14134,.T.);
#14100 = FACE_BOUND('',#14101,.T.);
#14101 = EDGE_LOOP('',(#14102,#14112,#14120,#14128));
#14102 = ORIENTED_EDGE('',*,*,#14103,.F.);
#14103 = EDGE_CURVE('',#14104,#14106,#14108,.T.);
#14104 = VERTEX_POINT('',#14105);
#14105 = CARTESIAN_POINT('',(-99.1464466094,110.4464466094,
    -10.74118095489));
#14106 = VERTEX_POINT('',#14107);
#14107 = CARTESIAN_POINT('',(-99.1464466094,110.4464466094,-8.5));
#14108 = LINE('',#14109,#14110);
#14109 = CARTESIAN_POINT('',(-99.1464466094,110.4464466094,-8.));
#14110 = VECTOR('',#14111,1.);
#14111 = DIRECTION('',(0.,0.,1.));
#14112 = ORIENTED_EDGE('',*,*,#14113,.F.);
#14113 = EDGE_CURVE('',#14114,#14104,#14116,.T.);
#14114 = VERTEX_POINT('',#14115);
#14115 = CARTESIAN_POINT('',(-94.85355339059,106.15355339059,
    -15.03407417371));
#14116 = LINE('',#14117,#14118);
#14117 = CARTESIAN_POINT('',(-98.21846483909,109.51846483909,
    -11.66916272521));
#14118 = VECTOR('',#14119,1.);
#14119 = DIRECTION('',(-0.57735026919,0.57735026919,0.57735026919));
#14120 = ORIENTED_EDGE('',*,*,#14121,.F.);
#14121 = EDGE_CURVE('',#14122,#14114,#14124,.T.);
#14122 = VERTEX_POINT('',#14123);
#14123 = CARTESIAN_POINT('',(-94.85355339059,106.15355339059,-8.5));
#14124 = LINE('',#14125,#14126);
#14125 = CARTESIAN_POINT('',(-94.85355339059,106.15355339059,-15.075));
#14126 = VECTOR('',#14127,1.);
#14127 = DIRECTION('',(-8.E-16,8.E-16,-1.));
#14128 = ORIENTED_EDGE('',*,*,#14129,.F.);
#14129 = EDGE_CURVE('',#14106,#14122,#14130,.T.);
#14130 = LINE('',#14131,#14132);
#14131 = CARTESIAN_POINT('',(-98.125,109.425,-8.5));
#14132 = VECTOR('',#14133,1.);
#14133 = DIRECTION('',(0.707106781187,-0.707106781187,0.));
#14134 = PLANE('',#14135);
#14135 = AXIS2_PLACEMENT_3D('',#14136,#14137,#14138);
#14136 = CARTESIAN_POINT('',(-99.5,110.8,8.));
#14137 = DIRECTION('',(-0.707106781187,-0.707106781187,0.));
#14138 = DIRECTION('',(0.707106781187,-0.707106781187,0.));
#14139 = ADVANCED_FACE('',(#14140),#14206,.T.);
#14140 = FACE_BOUND('',#14141,.T.);
#14141 = EDGE_LOOP('',(#14142,#14152,#14160,#14168,#14176,#14184,#14192,
    #14200));
#14142 = ORIENTED_EDGE('',*,*,#14143,.F.);
#14143 = EDGE_CURVE('',#14144,#14146,#14148,.T.);
#14144 = VERTEX_POINT('',#14145);
#14145 = CARTESIAN_POINT('',(-94.85355339059,125.81617835798,
    -15.6464466094));
#14146 = VERTEX_POINT('',#14147);
#14147 = CARTESIAN_POINT('',(-94.85355339059,128.83407417371,
    -15.6464466094));
#14148 = LINE('',#14149,#14150);
#14149 = CARTESIAN_POINT('',(-94.85355339059,58.9,-15.6464466094));
#14150 = VECTOR('',#14151,1.);
#14151 = DIRECTION('',(0.,1.,0.));
#14152 = ORIENTED_EDGE('',*,*,#14153,.F.);
#14153 = EDGE_CURVE('',#14154,#14144,#14156,.T.);
#14154 = VERTEX_POINT('',#14155);
#14155 = CARTESIAN_POINT('',(-96.85355339059,123.81617835798,
    -13.6464466094));
#14156 = LINE('',#14157,#14158);
#14157 = CARTESIAN_POINT('',(-97.91960634836,122.7501254002,
    -12.58039365163));
#14158 = VECTOR('',#14159,1.);
#14159 = DIRECTION('',(0.57735026919,0.57735026919,-0.57735026919));
#14160 = ORIENTED_EDGE('',*,*,#14161,.F.);
#14161 = EDGE_CURVE('',#14162,#14154,#14164,.T.);
#14162 = VERTEX_POINT('',#14163);
#14163 = CARTESIAN_POINT('',(-96.85355339059,111.78382164201,
    -13.6464466094));
#14164 = LINE('',#14165,#14166);
#14165 = CARTESIAN_POINT('',(-96.85355339059,120.67867965644,
    -13.6464466094));
#14166 = VECTOR('',#14167,1.);
#14167 = DIRECTION('',(0.,1.,0.));
#14168 = ORIENTED_EDGE('',*,*,#14169,.F.);
#14169 = EDGE_CURVE('',#14170,#14162,#14172,.T.);
#14170 = VERTEX_POINT('',#14171);
#14171 = CARTESIAN_POINT('',(-94.85355339059,109.78382164201,
    -15.6464466094));
#14172 = LINE('',#14173,#14174);
#14173 = CARTESIAN_POINT('',(-98.58627301503,113.51654126645,
    -11.91372698496));
#14174 = VECTOR('',#14175,1.);
#14175 = DIRECTION('',(-0.57735026919,0.57735026919,0.57735026919));
#14176 = ORIENTED_EDGE('',*,*,#14177,.F.);
#14177 = EDGE_CURVE('',#14178,#14170,#14180,.T.);
#14178 = VERTEX_POINT('',#14179);
#14179 = CARTESIAN_POINT('',(-94.85355339059,106.76592582628,
    -15.6464466094));
#14180 = LINE('',#14181,#14182);
#14181 = CARTESIAN_POINT('',(-94.85355339059,58.9,-15.6464466094));
#14182 = VECTOR('',#14183,1.);
#14183 = DIRECTION('',(0.,1.,0.));
#14184 = ORIENTED_EDGE('',*,*,#14185,.F.);
#14185 = EDGE_CURVE('',#14186,#14178,#14188,.T.);
#14186 = VERTEX_POINT('',#14187);
#14187 = CARTESIAN_POINT('',(-99.1464466094,111.0588190451,
    -11.35355339059));
#14188 = LINE('',#14189,#14190);
#14189 = CARTESIAN_POINT('',(-98.21846483909,110.13083727478,
    -12.28153516091));
#14190 = VECTOR('',#14191,1.);
#14191 = DIRECTION('',(0.57735026919,-0.57735026919,-0.57735026919));
#14192 = ORIENTED_EDGE('',*,*,#14193,.F.);
#14193 = EDGE_CURVE('',#14194,#14186,#14196,.T.);
#14194 = VERTEX_POINT('',#14195);
#14195 = CARTESIAN_POINT('',(-99.1464466094,124.54118095489,
    -11.35355339059));
#14196 = LINE('',#14197,#14198);
#14197 = CARTESIAN_POINT('',(-99.1464466094,114.3,-11.35355339059));
#14198 = VECTOR('',#14199,1.);
#14199 = DIRECTION('',(0.,-1.,0.));
#14200 = ORIENTED_EDGE('',*,*,#14201,.F.);
#14201 = EDGE_CURVE('',#14146,#14194,#14202,.T.);
#14202 = LINE('',#14203,#14204);
#14203 = CARTESIAN_POINT('',(-99.88513150575,123.80249605854,
    -10.61486849424));
#14204 = VECTOR('',#14205,1.);
#14205 = DIRECTION('',(-0.57735026919,-0.57735026919,0.57735026919));
#14206 = PLANE('',#14207);
#14207 = AXIS2_PLACEMENT_3D('',#14208,#14209,#14210);
#14208 = CARTESIAN_POINT('',(-96.26776695296,49.4,-14.23223304703));
#14209 = DIRECTION('',(-0.707106781187,0.,-0.707106781187));
#14210 = DIRECTION('',(-0.707106781187,0.,0.707106781187));
#14211 = ADVANCED_FACE('',(#14212),#14246,.T.);
#14212 = FACE_BOUND('',#14213,.T.);
#14213 = EDGE_LOOP('',(#14214,#14224,#14232,#14240));
#14214 = ORIENTED_EDGE('',*,*,#14215,.F.);
#14215 = EDGE_CURVE('',#14216,#14218,#14220,.T.);
#14216 = VERTEX_POINT('',#14217);
#14217 = CARTESIAN_POINT('',(-99.5,124.3,-10.5));
#14218 = VERTEX_POINT('',#14219);
#14219 = CARTESIAN_POINT('',(-99.5,124.3,-8.5));
#14220 = LINE('',#14221,#14222);
#14221 = CARTESIAN_POINT('',(-99.5,124.3,-8.));
#14222 = VECTOR('',#14223,1.);
#14223 = DIRECTION('',(0.,0.,1.));
#14224 = ORIENTED_EDGE('',*,*,#14225,.F.);
#14225 = EDGE_CURVE('',#14226,#14216,#14228,.T.);
#14226 = VERTEX_POINT('',#14227);
#14227 = CARTESIAN_POINT('',(-99.5,111.3,-10.5));
#14228 = LINE('',#14229,#14230);
#14229 = CARTESIAN_POINT('',(-99.5,114.3,-10.5));
#14230 = VECTOR('',#14231,1.);
#14231 = DIRECTION('',(0.,1.,0.));
#14232 = ORIENTED_EDGE('',*,*,#14233,.F.);
#14233 = EDGE_CURVE('',#14234,#14226,#14236,.T.);
#14234 = VERTEX_POINT('',#14235);
#14235 = CARTESIAN_POINT('',(-99.5,111.3,-8.5));
#14236 = LINE('',#14237,#14238);
#14237 = CARTESIAN_POINT('',(-99.5,111.3,-8.));
#14238 = VECTOR('',#14239,1.);
#14239 = DIRECTION('',(0.,0.,-1.));
#14240 = ORIENTED_EDGE('',*,*,#14241,.F.);
#14241 = EDGE_CURVE('',#14218,#14234,#14242,.T.);
#14242 = LINE('',#14243,#14244);
#14243 = CARTESIAN_POINT('',(-99.5,114.3,-8.5));
#14244 = VECTOR('',#14245,1.);
#14245 = DIRECTION('',(0.,-1.,0.));
#14246 = PLANE('',#14247);
#14247 = AXIS2_PLACEMENT_3D('',#14248,#14249,#14250);
#14248 = CARTESIAN_POINT('',(-99.5,56.4,8.));
#14249 = DIRECTION('',(-1.,0.,0.));
#14250 = DIRECTION('',(0.,-1.,0.));
#14251 = ADVANCED_FACE('',(#14252),#14318,.T.);
#14252 = FACE_BOUND('',#14253,.T.);
#14253 = EDGE_LOOP('',(#14254,#14264,#14272,#14280,#14288,#14296,#14304,
    #14312));
#14254 = ORIENTED_EDGE('',*,*,#14255,.F.);
#14255 = EDGE_CURVE('',#14256,#14258,#14260,.T.);
#14256 = VERTEX_POINT('',#14257);
#14257 = CARTESIAN_POINT('',(-99.,124.59289321881,-8.));
#14258 = VERTEX_POINT('',#14259);
#14259 = CARTESIAN_POINT('',(-95.,128.59289321881,-8.));
#14260 = LINE('',#14261,#14262);
#14261 = CARTESIAN_POINT('',(-100.2714466094,123.3214466094,-8.));
#14262 = VECTOR('',#14263,1.);
#14263 = DIRECTION('',(0.707106781187,0.707106781187,0.));
#14264 = ORIENTED_EDGE('',*,*,#14265,.F.);
#14265 = EDGE_CURVE('',#14266,#14256,#14268,.T.);
#14266 = VERTEX_POINT('',#14267);
#14267 = CARTESIAN_POINT('',(-99.,111.00710678118,-8.));
#14268 = LINE('',#14269,#14270);
#14269 = CARTESIAN_POINT('',(-99.,114.3,-8.));
#14270 = VECTOR('',#14271,1.);
#14271 = DIRECTION('',(0.,1.,0.));
#14272 = ORIENTED_EDGE('',*,*,#14273,.F.);
#14273 = EDGE_CURVE('',#14274,#14266,#14276,.T.);
#14274 = VERTEX_POINT('',#14275);
#14275 = CARTESIAN_POINT('',(-95.,107.00710678118,-8.));
#14276 = LINE('',#14277,#14278);
#14277 = CARTESIAN_POINT('',(-97.7714466094,109.77855339059,-8.));
#14278 = VECTOR('',#14279,1.);
#14279 = DIRECTION('',(-0.707106781187,0.707106781187,0.));
#14280 = ORIENTED_EDGE('',*,*,#14281,.F.);
#14281 = EDGE_CURVE('',#14282,#14274,#14284,.T.);
#14282 = VERTEX_POINT('',#14283);
#14283 = CARTESIAN_POINT('',(-95.,109.83553390593,-8.));
#14284 = LINE('',#14285,#14286);
#14285 = CARTESIAN_POINT('',(-95.,58.9,-8.));
#14286 = VECTOR('',#14287,1.);
#14287 = DIRECTION('',(0.,-1.,0.));
#14288 = ORIENTED_EDGE('',*,*,#14289,.F.);
#14289 = EDGE_CURVE('',#14290,#14282,#14292,.T.);
#14290 = VERTEX_POINT('',#14291);
#14291 = CARTESIAN_POINT('',(-97.,111.83553390593,-8.));
#14292 = LINE('',#14293,#14294);
#14293 = CARTESIAN_POINT('',(-98.41789321881,113.25342712474,-8.));
#14294 = VECTOR('',#14295,1.);
#14295 = DIRECTION('',(0.707106781187,-0.707106781187,0.));
#14296 = ORIENTED_EDGE('',*,*,#14297,.F.);
#14297 = EDGE_CURVE('',#14298,#14290,#14300,.T.);
#14298 = VERTEX_POINT('',#14299);
#14299 = CARTESIAN_POINT('',(-97.,123.76446609406,-8.));
#14300 = LINE('',#14301,#14302);
#14301 = CARTESIAN_POINT('',(-97.,120.67867965644,-8.));
#14302 = VECTOR('',#14303,1.);
#14303 = DIRECTION('',(0.,-1.,0.));
#14304 = ORIENTED_EDGE('',*,*,#14305,.F.);
#14305 = EDGE_CURVE('',#14306,#14298,#14308,.T.);
#14306 = VERTEX_POINT('',#14307);
#14307 = CARTESIAN_POINT('',(-95.,125.76446609406,-8.));
#14308 = LINE('',#14309,#14310);
#14309 = CARTESIAN_POINT('',(-97.41789321881,123.34657287525,-8.));
#14310 = VECTOR('',#14311,1.);
#14311 = DIRECTION('',(-0.707106781187,-0.707106781187,0.));
#14312 = ORIENTED_EDGE('',*,*,#14313,.F.);
#14313 = EDGE_CURVE('',#14258,#14306,#14314,.T.);
#14314 = LINE('',#14315,#14316);
#14315 = CARTESIAN_POINT('',(-95.,58.9,-8.));
#14316 = VECTOR('',#14317,1.);
#14317 = DIRECTION('',(0.,-1.,0.));
#14318 = PLANE('',#14319);
#14319 = AXIS2_PLACEMENT_3D('',#14320,#14321,#14322);
#14320 = CARTESIAN_POINT('',(-97.,49.4,-8.));
#14321 = DIRECTION('',(0.,0.,1.));
#14322 = DIRECTION('',(1.,0.,-0.));
#14323 = ADVANCED_FACE('',(#14324),#14358,.T.);
#14324 = FACE_BOUND('',#14325,.T.);
#14325 = EDGE_LOOP('',(#14326,#14336,#14344,#14352));
#14326 = ORIENTED_EDGE('',*,*,#14327,.F.);
#14327 = EDGE_CURVE('',#14328,#14330,#14332,.T.);
#14328 = VERTEX_POINT('',#14329);
#14329 = CARTESIAN_POINT('',(-94.85355339059,129.4464466094,
    -15.03407417371));
#14330 = VERTEX_POINT('',#14331);
#14331 = CARTESIAN_POINT('',(-94.85355339059,129.4464466094,-8.5));
#14332 = LINE('',#14333,#14334);
#14333 = CARTESIAN_POINT('',(-94.85355339059,129.4464466094,-15.075));
#14334 = VECTOR('',#14335,1.);
#14335 = DIRECTION('',(8.E-16,8.E-16,1.));
#14336 = ORIENTED_EDGE('',*,*,#14337,.F.);
#14337 = EDGE_CURVE('',#14338,#14328,#14340,.T.);
#14338 = VERTEX_POINT('',#14339);
#14339 = CARTESIAN_POINT('',(-99.1464466094,125.15355339059,
    -10.74118095489));
#14340 = LINE('',#14341,#14342);
#14341 = CARTESIAN_POINT('',(-99.88513150575,124.41486849424,
    -10.00249605854));
#14342 = VECTOR('',#14343,1.);
#14343 = DIRECTION('',(0.57735026919,0.57735026919,-0.57735026919));
#14344 = ORIENTED_EDGE('',*,*,#14345,.F.);
#14345 = EDGE_CURVE('',#14346,#14338,#14348,.T.);
#14346 = VERTEX_POINT('',#14347);
#14347 = CARTESIAN_POINT('',(-99.1464466094,125.15355339059,-8.5));
#14348 = LINE('',#14349,#14350);
#14349 = CARTESIAN_POINT('',(-99.1464466094,125.15355339059,-8.));
#14350 = VECTOR('',#14351,1.);
#14351 = DIRECTION('',(0.,0.,-1.));
#14352 = ORIENTED_EDGE('',*,*,#14353,.F.);
#14353 = EDGE_CURVE('',#14330,#14346,#14354,.T.);
#14354 = LINE('',#14355,#14356);
#14355 = CARTESIAN_POINT('',(-100.625,123.675,-8.5));
#14356 = VECTOR('',#14357,1.);
#14357 = DIRECTION('',(-0.707106781187,-0.707106781187,0.));
#14358 = PLANE('',#14359);
#14359 = AXIS2_PLACEMENT_3D('',#14360,#14361,#14362);
#14360 = CARTESIAN_POINT('',(-94.5,129.8,8.));
#14361 = DIRECTION('',(-0.707106781187,0.707106781187,0.));
#14362 = DIRECTION('',(-0.707106781187,-0.707106781187,0.));
#14363 = ADVANCED_FACE('',(#14364,#14370,#14376,#14382,#14388,#14394,
    #14400,#14434,#14468),#14474,.T.);
#14364 = FACE_BOUND('',#14365,.T.);
#14365 = EDGE_LOOP('',(#14366,#14367,#14368,#14369));
#14366 = ORIENTED_EDGE('',*,*,#11330,.F.);
#14367 = ORIENTED_EDGE('',*,*,#11279,.F.);
#14368 = ORIENTED_EDGE('',*,*,#11368,.F.);
#14369 = ORIENTED_EDGE('',*,*,#11226,.F.);
#14370 = FACE_BOUND('',#14371,.T.);
#14371 = EDGE_LOOP('',(#14372,#14373,#14374,#14375));
#14372 = ORIENTED_EDGE('',*,*,#11679,.F.);
#14373 = ORIENTED_EDGE('',*,*,#11063,.F.);
#14374 = ORIENTED_EDGE('',*,*,#11750,.F.);
#14375 = ORIENTED_EDGE('',*,*,#11650,.F.);
#14376 = FACE_BOUND('',#14377,.T.);
#14377 = EDGE_LOOP('',(#14378,#14379,#14380,#14381));
#14378 = ORIENTED_EDGE('',*,*,#12600,.F.);
#14379 = ORIENTED_EDGE('',*,*,#12436,.F.);
#14380 = ORIENTED_EDGE('',*,*,#12467,.F.);
#14381 = ORIENTED_EDGE('',*,*,#12507,.F.);
#14382 = FACE_BOUND('',#14383,.T.);
#14383 = EDGE_LOOP('',(#14384,#14385,#14386,#14387));
#14384 = ORIENTED_EDGE('',*,*,#12916,.F.);
#14385 = ORIENTED_EDGE('',*,*,#12865,.F.);
#14386 = ORIENTED_EDGE('',*,*,#12770,.F.);
#14387 = ORIENTED_EDGE('',*,*,#12229,.F.);
#14388 = FACE_BOUND('',#14389,.T.);
#14389 = EDGE_LOOP('',(#14390,#14391,#14392,#14393));
#14390 = ORIENTED_EDGE('',*,*,#13735,.F.);
#14391 = ORIENTED_EDGE('',*,*,#13578,.F.);
#14392 = ORIENTED_EDGE('',*,*,#13527,.F.);
#14393 = ORIENTED_EDGE('',*,*,#13620,.F.);
#14394 = FACE_BOUND('',#14395,.T.);
#14395 = EDGE_LOOP('',(#14396,#14397,#14398,#14399));
#14396 = ORIENTED_EDGE('',*,*,#14060,.F.);
#14397 = ORIENTED_EDGE('',*,*,#14009,.F.);
#14398 = ORIENTED_EDGE('',*,*,#13929,.F.);
#14399 = ORIENTED_EDGE('',*,*,#13960,.F.);
#14400 = FACE_BOUND('',#14401,.T.);
#14401 = EDGE_LOOP('',(#14402,#14412,#14420,#14428));
#14402 = ORIENTED_EDGE('',*,*,#14403,.F.);
#14403 = EDGE_CURVE('',#14404,#14406,#14408,.T.);
#14404 = VERTEX_POINT('',#14405);
#14405 = CARTESIAN_POINT('',(-94.5,130.3,-7.5));
#14406 = VERTEX_POINT('',#14407);
#14407 = CARTESIAN_POINT('',(-94.5,130.3,-16.5));
#14408 = LINE('',#14409,#14410);
#14409 = CARTESIAN_POINT('',(-94.5,130.3,-15.075));
#14410 = VECTOR('',#14411,1.);
#14411 = DIRECTION('',(-8.E-16,-8.E-16,-1.));
#14412 = ORIENTED_EDGE('',*,*,#14413,.F.);
#14413 = EDGE_CURVE('',#14414,#14404,#14416,.T.);
#14414 = VERTEX_POINT('',#14415);
#14415 = CARTESIAN_POINT('',(-94.5,125.05735931288,-7.5));
#14416 = LINE('',#14417,#14418);
#14417 = CARTESIAN_POINT('',(-94.5,58.9,-7.5));
#14418 = VECTOR('',#14419,1.);
#14419 = DIRECTION('',(0.,1.,0.));
#14420 = ORIENTED_EDGE('',*,*,#14421,.F.);
#14421 = EDGE_CURVE('',#14422,#14414,#14424,.T.);
#14422 = VERTEX_POINT('',#14423);
#14423 = CARTESIAN_POINT('',(-94.5,125.05735931288,-16.5));
#14424 = LINE('',#14425,#14426);
#14425 = CARTESIAN_POINT('',(-94.5,125.05735931288,-15.075));
#14426 = VECTOR('',#14427,1.);
#14427 = DIRECTION('',(8.E-16,8.E-16,1.));
#14428 = ORIENTED_EDGE('',*,*,#14429,.F.);
#14429 = EDGE_CURVE('',#14406,#14422,#14430,.T.);
#14430 = LINE('',#14431,#14432);
#14431 = CARTESIAN_POINT('',(-94.5,58.9,-16.5));
#14432 = VECTOR('',#14433,1.);
#14433 = DIRECTION('',(0.,-1.,0.));
#14434 = FACE_BOUND('',#14435,.T.);
#14435 = EDGE_LOOP('',(#14436,#14446,#14454,#14462));
#14436 = ORIENTED_EDGE('',*,*,#14437,.F.);
#14437 = EDGE_CURVE('',#14438,#14440,#14442,.T.);
#14438 = VERTEX_POINT('',#14439);
#14439 = CARTESIAN_POINT('',(-94.5,105.3,-16.5));
#14440 = VERTEX_POINT('',#14441);
#14441 = CARTESIAN_POINT('',(-94.5,105.3,-7.5));
#14442 = LINE('',#14443,#14444);
#14443 = CARTESIAN_POINT('',(-94.5,105.3,-15.075));
#14444 = VECTOR('',#14445,1.);
#14445 = DIRECTION('',(8.E-16,-8.E-16,1.));
#14446 = ORIENTED_EDGE('',*,*,#14447,.F.);
#14447 = EDGE_CURVE('',#14448,#14438,#14450,.T.);
#14448 = VERTEX_POINT('',#14449);
#14449 = CARTESIAN_POINT('',(-94.5,110.54264068711,-16.5));
#14450 = LINE('',#14451,#14452);
#14451 = CARTESIAN_POINT('',(-94.5,58.9,-16.5));
#14452 = VECTOR('',#14453,1.);
#14453 = DIRECTION('',(0.,-1.,0.));
#14454 = ORIENTED_EDGE('',*,*,#14455,.F.);
#14455 = EDGE_CURVE('',#14456,#14448,#14458,.T.);
#14456 = VERTEX_POINT('',#14457);
#14457 = CARTESIAN_POINT('',(-94.5,110.54264068711,-7.5));
#14458 = LINE('',#14459,#14460);
#14459 = CARTESIAN_POINT('',(-94.5,110.54264068711,-15.075));
#14460 = VECTOR('',#14461,1.);
#14461 = DIRECTION('',(-8.E-16,8.E-16,-1.));
#14462 = ORIENTED_EDGE('',*,*,#14463,.F.);
#14463 = EDGE_CURVE('',#14440,#14456,#14464,.T.);
#14464 = LINE('',#14465,#14466);
#14465 = CARTESIAN_POINT('',(-94.5,58.9,-7.5));
#14466 = VECTOR('',#14467,1.);
#14467 = DIRECTION('',(0.,1.,0.));
#14468 = FACE_BOUND('',#14469,.T.);
#14469 = EDGE_LOOP('',(#14470,#14471,#14472,#14473));
#14470 = ORIENTED_EDGE('',*,*,#3874,.F.);
#14471 = ORIENTED_EDGE('',*,*,#408,.F.);
#14472 = ORIENTED_EDGE('',*,*,#4101,.F.);
#14473 = ORIENTED_EDGE('',*,*,#1208,.F.);
#14474 = PLANE('',#14475);
#14475 = AXIS2_PLACEMENT_3D('',#14476,#14477,#14478);
#14476 = CARTESIAN_POINT('',(-94.5,0.,-22.15));
#14477 = DIRECTION('',(-1.,0.,0.));
#14478 = DIRECTION('',(0.,0.,1.));
#14479 = ADVANCED_FACE('',(#14480),#14514,.T.);
#14480 = FACE_BOUND('',#14481,.T.);
#14481 = EDGE_LOOP('',(#14482,#14492,#14500,#14508));
#14482 = ORIENTED_EDGE('',*,*,#14483,.F.);
#14483 = EDGE_CURVE('',#14484,#14486,#14488,.T.);
#14484 = VERTEX_POINT('',#14485);
#14485 = CARTESIAN_POINT('',(-94.85355339059,125.20380592228,-8.5));
#14486 = VERTEX_POINT('',#14487);
#14487 = CARTESIAN_POINT('',(-94.85355339059,125.20380592228,
    -15.03407417371));
#14488 = LINE('',#14489,#14490);
#14489 = CARTESIAN_POINT('',(-94.85355339059,125.20380592228,-15.075));
#14490 = VECTOR('',#14491,1.);
#14491 = DIRECTION('',(-8.E-16,-8.E-16,-1.));
#14492 = ORIENTED_EDGE('',*,*,#14493,.F.);
#14493 = EDGE_CURVE('',#14494,#14484,#14496,.T.);
#14494 = VERTEX_POINT('',#14495);
#14495 = CARTESIAN_POINT('',(-96.1464466094,123.91091270347,-8.5));
#14496 = LINE('',#14497,#14498);
#14497 = CARTESIAN_POINT('',(-97.06433982822,122.99301948466,-8.5));
#14498 = VECTOR('',#14499,1.);
#14499 = DIRECTION('',(0.707106781187,0.707106781187,0.));
#14500 = ORIENTED_EDGE('',*,*,#14501,.F.);
#14501 = EDGE_CURVE('',#14502,#14494,#14504,.T.);
#14502 = VERTEX_POINT('',#14503);
#14503 = CARTESIAN_POINT('',(-96.1464466094,123.91091270347,
    -13.74118095489));
#14504 = LINE('',#14505,#14506);
#14505 = CARTESIAN_POINT('',(-96.1464466094,123.91091270347,-8.));
#14506 = VECTOR('',#14507,1.);
#14507 = DIRECTION('',(0.,0.,1.));
#14508 = ORIENTED_EDGE('',*,*,#14509,.F.);
#14509 = EDGE_CURVE('',#14486,#14502,#14510,.T.);
#14510 = LINE('',#14511,#14512);
#14511 = CARTESIAN_POINT('',(-97.5113580579,122.54600125497,
    -12.3762695064));
#14512 = VECTOR('',#14513,1.);
#14513 = DIRECTION('',(-0.57735026919,-0.57735026919,0.57735026919));
#14514 = PLANE('',#14515);
#14515 = AXIS2_PLACEMENT_3D('',#14516,#14517,#14518);
#14516 = CARTESIAN_POINT('',(-96.5,123.55735931288,8.));
#14517 = DIRECTION('',(0.707106781187,-0.707106781187,0.));
#14518 = DIRECTION('',(0.707106781187,0.707106781187,0.));
#14519 = ADVANCED_FACE('',(#14520),#14554,.T.);
#14520 = FACE_BOUND('',#14521,.T.);
#14521 = EDGE_LOOP('',(#14522,#14532,#14540,#14548));
#14522 = ORIENTED_EDGE('',*,*,#14523,.F.);
#14523 = EDGE_CURVE('',#14524,#14526,#14528,.T.);
#14524 = VERTEX_POINT('',#14525);
#14525 = CARTESIAN_POINT('',(-96.5,112.54264068711,-13.5));
#14526 = VERTEX_POINT('',#14527);
#14527 = CARTESIAN_POINT('',(-96.5,112.54264068711,-8.5));
#14528 = LINE('',#14529,#14530);
#14529 = CARTESIAN_POINT('',(-96.5,112.54264068711,-8.));
#14530 = VECTOR('',#14531,1.);
#14531 = DIRECTION('',(0.,0.,1.));
#14532 = ORIENTED_EDGE('',*,*,#14533,.F.);
#14533 = EDGE_CURVE('',#14534,#14524,#14536,.T.);
#14534 = VERTEX_POINT('',#14535);
#14535 = CARTESIAN_POINT('',(-96.5,123.05735931288,-13.5));
#14536 = LINE('',#14537,#14538);
#14537 = CARTESIAN_POINT('',(-96.5,120.67867965644,-13.5));
#14538 = VECTOR('',#14539,1.);
#14539 = DIRECTION('',(0.,-1.,0.));
#14540 = ORIENTED_EDGE('',*,*,#14541,.F.);
#14541 = EDGE_CURVE('',#14542,#14534,#14544,.T.);
#14542 = VERTEX_POINT('',#14543);
#14543 = CARTESIAN_POINT('',(-96.5,123.05735931288,-8.5));
#14544 = LINE('',#14545,#14546);
#14545 = CARTESIAN_POINT('',(-96.5,123.05735931288,-8.));
#14546 = VECTOR('',#14547,1.);
#14547 = DIRECTION('',(0.,0.,-1.));
#14548 = ORIENTED_EDGE('',*,*,#14549,.F.);
#14549 = EDGE_CURVE('',#14526,#14542,#14550,.T.);
#14550 = LINE('',#14551,#14552);
#14551 = CARTESIAN_POINT('',(-96.5,120.67867965644,-8.5));
#14552 = VECTOR('',#14553,1.);
#14553 = DIRECTION('',(0.,1.,0.));
#14554 = PLANE('',#14555);
#14555 = AXIS2_PLACEMENT_3D('',#14556,#14557,#14558);
#14556 = CARTESIAN_POINT('',(-96.5,43.642640687119,8.));
#14557 = DIRECTION('',(1.,0.,0.));
#14558 = DIRECTION('',(-0.,1.,0.));
#14559 = ADVANCED_FACE('',(#14560),#14594,.T.);
#14560 = FACE_BOUND('',#14561,.T.);
#14561 = EDGE_LOOP('',(#14562,#14572,#14580,#14588));
#14562 = ORIENTED_EDGE('',*,*,#14563,.F.);
#14563 = EDGE_CURVE('',#14564,#14566,#14568,.T.);
#14564 = VERTEX_POINT('',#14565);
#14565 = CARTESIAN_POINT('',(-94.85355339059,110.39619407771,
    -15.03407417371));
#14566 = VERTEX_POINT('',#14567);
#14567 = CARTESIAN_POINT('',(-94.85355339059,110.39619407771,-8.5));
#14568 = LINE('',#14569,#14570);
#14569 = CARTESIAN_POINT('',(-94.85355339059,110.39619407771,-15.075));
#14570 = VECTOR('',#14571,1.);
#14571 = DIRECTION('',(8.E-16,-8.E-16,1.));
#14572 = ORIENTED_EDGE('',*,*,#14573,.F.);
#14573 = EDGE_CURVE('',#14574,#14564,#14576,.T.);
#14574 = VERTEX_POINT('',#14575);
#14575 = CARTESIAN_POINT('',(-96.1464466094,111.68908729652,
    -13.74118095489));
#14576 = LINE('',#14577,#14578);
#14577 = CARTESIAN_POINT('',(-98.17802472457,113.72066541169,
    -11.70960283973));
#14578 = VECTOR('',#14579,1.);
#14579 = DIRECTION('',(0.57735026919,-0.57735026919,-0.57735026919));
#14580 = ORIENTED_EDGE('',*,*,#14581,.F.);
#14581 = EDGE_CURVE('',#14582,#14574,#14584,.T.);
#14582 = VERTEX_POINT('',#14583);
#14583 = CARTESIAN_POINT('',(-96.1464466094,111.68908729652,-8.5));
#14584 = LINE('',#14585,#14586);
#14585 = CARTESIAN_POINT('',(-96.1464466094,111.68908729652,-8.));
#14586 = VECTOR('',#14587,1.);
#14587 = DIRECTION('',(0.,0.,-1.));
#14588 = ORIENTED_EDGE('',*,*,#14589,.F.);
#14589 = EDGE_CURVE('',#14566,#14582,#14590,.T.);
#14590 = LINE('',#14591,#14592);
#14591 = CARTESIAN_POINT('',(-98.06433982822,113.60698051534,-8.5));
#14592 = VECTOR('',#14593,1.);
#14593 = DIRECTION('',(-0.707106781187,0.707106781187,0.));
#14594 = PLANE('',#14595);
#14595 = AXIS2_PLACEMENT_3D('',#14596,#14597,#14598);
#14596 = CARTESIAN_POINT('',(-94.5,110.04264068711,8.));
#14597 = DIRECTION('',(0.707106781187,0.707106781187,0.));
#14598 = DIRECTION('',(-0.707106781187,0.707106781187,0.));
#14599 = ADVANCED_FACE('',(#14600),#14616,.T.);
#14600 = FACE_BOUND('',#14601,.T.);
#14601 = EDGE_LOOP('',(#14602,#14608,#14609,#14615));
#14602 = ORIENTED_EDGE('',*,*,#14603,.T.);
#14603 = EDGE_CURVE('',#14170,#14448,#14604,.T.);
#14604 = LINE('',#14605,#14606);
#14605 = CARTESIAN_POINT('',(-94.85355339059,109.78382164201,
    -15.6464466094));
#14606 = VECTOR('',#14607,1.);
#14607 = DIRECTION('',(0.295722408575,0.634698468918,-0.71393704948));
#14608 = ORIENTED_EDGE('',*,*,#14447,.T.);
#14609 = ORIENTED_EDGE('',*,*,#14610,.T.);
#14610 = EDGE_CURVE('',#14438,#14178,#14611,.T.);
#14611 = LINE('',#14612,#14613);
#14612 = CARTESIAN_POINT('',(-94.5,105.3,-16.5));
#14613 = VECTOR('',#14614,1.);
#14614 = DIRECTION('',(-0.204039421211,0.846001382232,0.492594737947));
#14615 = ORIENTED_EDGE('',*,*,#14177,.T.);
#14616 = PLANE('',#14617);
#14617 = AXIS2_PLACEMENT_3D('',#14618,#14619,#14620);
#14618 = CARTESIAN_POINT('',(-94.67677669529,24.7,-16.0732233047));
#14619 = DIRECTION('',(-0.923879532511,0.,-0.382683432365));
#14620 = DIRECTION('',(-0.382683432365,0.,0.923879532511));
#14621 = ADVANCED_FACE('',(#14622),#14638,.T.);
#14622 = FACE_BOUND('',#14623,.T.);
#14623 = EDGE_LOOP('',(#14624,#14630,#14631,#14637));
#14624 = ORIENTED_EDGE('',*,*,#14625,.T.);
#14625 = EDGE_CURVE('',#14564,#14170,#14626,.T.);
#14626 = LINE('',#14627,#14628);
#14627 = CARTESIAN_POINT('',(-94.85355339059,110.39619407771,
    -15.03407417371));
#14628 = VECTOR('',#14629,1.);
#14629 = DIRECTION('',(0.,-0.707106781187,-0.707106781187));
#14630 = ORIENTED_EDGE('',*,*,#14169,.T.);
#14631 = ORIENTED_EDGE('',*,*,#14632,.T.);
#14632 = EDGE_CURVE('',#14162,#14574,#14633,.T.);
#14633 = LINE('',#14634,#14635);
#14634 = CARTESIAN_POINT('',(-96.85355339059,111.78382164201,
    -13.6464466094));
#14635 = VECTOR('',#14636,1.);
#14636 = DIRECTION('',(0.982520050849,-0.131632727086,-0.131632727086));
#14637 = ORIENTED_EDGE('',*,*,#14573,.T.);
#14638 = PLANE('',#14639);
#14639 = AXIS2_PLACEMENT_3D('',#14640,#14641,#14642);
#14640 = CARTESIAN_POINT('',(-98.3821488698,113.61860333907,
    -11.81166491235));
#14641 = DIRECTION('',(0.,0.707106781187,-0.707106781187));
#14642 = DIRECTION('',(-1.,-1.47E-15,-1.47E-15));
#14643 = ADVANCED_FACE('',(#14644),#14660,.T.);
#14644 = FACE_BOUND('',#14645,.T.);
#14645 = EDGE_LOOP('',(#14646,#14652,#14653,#14659));
#14646 = ORIENTED_EDGE('',*,*,#14647,.T.);
#14647 = EDGE_CURVE('',#14104,#14186,#14648,.T.);
#14648 = LINE('',#14649,#14650);
#14649 = CARTESIAN_POINT('',(-99.1464466094,110.4464466094,
    -10.74118095489));
#14650 = VECTOR('',#14651,1.);
#14651 = DIRECTION('',(2.051E-14,0.707106781187,-0.707106781187));
#14652 = ORIENTED_EDGE('',*,*,#14185,.T.);
#14653 = ORIENTED_EDGE('',*,*,#14654,.T.);
#14654 = EDGE_CURVE('',#14178,#14114,#14655,.T.);
#14655 = LINE('',#14656,#14657);
#14656 = CARTESIAN_POINT('',(-94.85355339059,106.76592582628,
    -15.6464466094));
#14657 = VECTOR('',#14658,1.);
#14658 = DIRECTION('',(2.051E-14,-0.707106781187,0.707106781187));
#14659 = ORIENTED_EDGE('',*,*,#14113,.T.);
#14660 = PLANE('',#14661);
#14661 = AXIS2_PLACEMENT_3D('',#14662,#14663,#14664);
#14662 = CARTESIAN_POINT('',(-98.21846483909,109.82465105693,
    -11.97534894306));
#14663 = DIRECTION('',(-0.816496580928,-0.408248290464,-0.408248290464)
  );
#14664 = DIRECTION('',(-0.4472135955,8.240789003413E-17,0.894427191));
#14665 = ADVANCED_FACE('',(#14666),#14682,.T.);
#14666 = FACE_BOUND('',#14667,.T.);
#14667 = EDGE_LOOP('',(#14668,#14674,#14675,#14681));
#14668 = ORIENTED_EDGE('',*,*,#14669,.T.);
#14669 = EDGE_CURVE('',#14524,#14162,#14670,.T.);
#14670 = LINE('',#14671,#14672);
#14671 = CARTESIAN_POINT('',(-96.5,112.54264068711,-13.5));
#14672 = VECTOR('',#14673,1.);
#14673 = DIRECTION('',(-0.416016296563,-0.892880954628,-0.172319592204)
  );
#14674 = ORIENTED_EDGE('',*,*,#14161,.T.);
#14675 = ORIENTED_EDGE('',*,*,#14676,.T.);
#14676 = EDGE_CURVE('',#14154,#14534,#14677,.T.);
#14677 = LINE('',#14678,#14679);
#14678 = CARTESIAN_POINT('',(-96.85355339059,123.81617835798,
    -13.6464466094));
#14679 = VECTOR('',#14680,1.);
#14680 = DIRECTION('',(0.416016296563,-0.892880954628,0.172319592204));
#14681 = ORIENTED_EDGE('',*,*,#14533,.T.);
#14682 = PLANE('',#14683);
#14683 = AXIS2_PLACEMENT_3D('',#14684,#14685,#14686);
#14684 = CARTESIAN_POINT('',(-96.67677669529,52.27867965644,
    -13.5732233047));
#14685 = DIRECTION('',(0.382683432365,0.,-0.923879532511));
#14686 = DIRECTION('',(-0.923879532511,0.,-0.382683432365));
#14687 = ADVANCED_FACE('',(#14688),#14704,.T.);
#14688 = FACE_BOUND('',#14689,.T.);
#14689 = EDGE_LOOP('',(#14690,#14696,#14697,#14703));
#14690 = ORIENTED_EDGE('',*,*,#14691,.T.);
#14691 = EDGE_CURVE('',#14216,#14194,#14692,.T.);
#14692 = LINE('',#14693,#14694);
#14693 = CARTESIAN_POINT('',(-99.5,124.3,-10.5));
#14694 = VECTOR('',#14695,1.);
#14695 = DIRECTION('',(0.370274559652,0.252587513646,-0.893921863713));
#14696 = ORIENTED_EDGE('',*,*,#14193,.T.);
#14697 = ORIENTED_EDGE('',*,*,#14698,.T.);
#14698 = EDGE_CURVE('',#14186,#14226,#14699,.T.);
#14699 = LINE('',#14700,#14701);
#14700 = CARTESIAN_POINT('',(-99.1464466094,111.0588190451,
    -11.35355339059));
#14701 = VECTOR('',#14702,1.);
#14702 = DIRECTION('',(-0.370274559652,0.252587513646,0.893921863713));
#14703 = ORIENTED_EDGE('',*,*,#14225,.T.);
#14704 = PLANE('',#14705);
#14705 = AXIS2_PLACEMENT_3D('',#14706,#14707,#14708);
#14706 = CARTESIAN_POINT('',(-99.3232233047,45.9,-10.92677669529));
#14707 = DIRECTION('',(-0.923879532511,0.,-0.382683432365));
#14708 = DIRECTION('',(-0.382683432365,0.,0.923879532511));
#14709 = ADVANCED_FACE('',(#14710),#14726,.T.);
#14710 = FACE_BOUND('',#14711,.T.);
#14711 = EDGE_LOOP('',(#14712,#14718,#14719,#14725));
#14712 = ORIENTED_EDGE('',*,*,#14713,.T.);
#14713 = EDGE_CURVE('',#14122,#14274,#14714,.T.);
#14714 = LINE('',#14715,#14716);
#14715 = CARTESIAN_POINT('',(-94.85355339059,106.15355339059,-8.5));
#14716 = VECTOR('',#14717,1.);
#14717 = DIRECTION('',(-0.146446609407,0.853553390593,0.5));
#14718 = ORIENTED_EDGE('',*,*,#14273,.T.);
#14719 = ORIENTED_EDGE('',*,*,#14720,.T.);
#14720 = EDGE_CURVE('',#14266,#14106,#14721,.T.);
#14721 = LINE('',#14722,#14723);
#14722 = CARTESIAN_POINT('',(-99.,111.00710678118,-8.));
#14723 = VECTOR('',#14724,1.);
#14724 = DIRECTION('',(-0.191341716183,-0.732537816329,-0.653281482438)
  );
#14725 = ORIENTED_EDGE('',*,*,#14129,.T.);
#14726 = PLANE('',#14727);
#14727 = AXIS2_PLACEMENT_3D('',#14728,#14729,#14730);
#14728 = CARTESIAN_POINT('',(-97.9482233047,109.60177669529,-8.25));
#14729 = DIRECTION('',(-0.5,-0.5,0.707106781187));
#14730 = DIRECTION('',(0.816496580928,-1.104333381412E-15,0.57735026919)
  );
#14731 = ADVANCED_FACE('',(#14732),#14748,.T.);
#14732 = FACE_BOUND('',#14733,.T.);
#14733 = EDGE_LOOP('',(#14734,#14740,#14741,#14747));
#14734 = ORIENTED_EDGE('',*,*,#14735,.T.);
#14735 = EDGE_CURVE('',#14226,#14104,#14736,.T.);
#14736 = LINE('',#14737,#14738);
#14737 = CARTESIAN_POINT('',(-99.5,111.3,-10.5));
#14738 = VECTOR('',#14739,1.);
#14739 = DIRECTION('',(0.370274559652,-0.893921863713,-0.252587513646));
#14740 = ORIENTED_EDGE('',*,*,#14103,.T.);
#14741 = ORIENTED_EDGE('',*,*,#14742,.T.);
#14742 = EDGE_CURVE('',#14106,#14234,#14743,.T.);
#14743 = LINE('',#14744,#14745);
#14744 = CARTESIAN_POINT('',(-99.1464466094,110.4464466094,-8.5));
#14745 = VECTOR('',#14746,1.);
#14746 = DIRECTION('',(-0.382683432365,0.923879532511,0.));
#14747 = ORIENTED_EDGE('',*,*,#14233,.T.);
#14748 = PLANE('',#14749);
#14749 = AXIS2_PLACEMENT_3D('',#14750,#14751,#14752);
#14750 = CARTESIAN_POINT('',(-99.3232233047,110.8732233047,8.));
#14751 = DIRECTION('',(-0.923879532511,-0.382683432365,0.));
#14752 = DIRECTION('',(0.,0.,1.));
#14753 = ADVANCED_FACE('',(#14754),#14770,.T.);
#14754 = FACE_BOUND('',#14755,.T.);
#14755 = EDGE_LOOP('',(#14756,#14762,#14763,#14769));
#14756 = ORIENTED_EDGE('',*,*,#14757,.T.);
#14757 = EDGE_CURVE('',#14502,#14154,#14758,.T.);
#14758 = LINE('',#14759,#14760);
#14759 = CARTESIAN_POINT('',(-96.1464466094,123.91091270347,
    -13.74118095489));
#14760 = VECTOR('',#14761,1.);
#14761 = DIRECTION('',(-0.982520050849,-0.131632727086,0.131632727086));
#14762 = ORIENTED_EDGE('',*,*,#14153,.T.);
#14763 = ORIENTED_EDGE('',*,*,#14764,.T.);
#14764 = EDGE_CURVE('',#14144,#14486,#14765,.T.);
#14765 = LINE('',#14766,#14767);
#14766 = CARTESIAN_POINT('',(-94.85355339059,125.81617835798,
    -15.6464466094));
#14767 = VECTOR('',#14768,1.);
#14768 = DIRECTION('',(0.,-0.707106781187,0.707106781187));
#14769 = ORIENTED_EDGE('',*,*,#14509,.T.);
#14770 = PLANE('',#14771);
#14771 = AXIS2_PLACEMENT_3D('',#14772,#14773,#14774);
#14772 = CARTESIAN_POINT('',(-97.71548220313,122.64806332759,
    -12.47833157901));
#14773 = DIRECTION('',(0.,-0.707106781187,-0.707106781187));
#14774 = DIRECTION('',(-1.,-1.77E-15,1.77E-15));
#14775 = ADVANCED_FACE('',(#14776),#14792,.T.);
#14776 = FACE_BOUND('',#14777,.T.);
#14777 = EDGE_LOOP('',(#14778,#14784,#14785,#14791));
#14778 = ORIENTED_EDGE('',*,*,#14779,.T.);
#14779 = EDGE_CURVE('',#14328,#14146,#14780,.T.);
#14780 = LINE('',#14781,#14782);
#14781 = CARTESIAN_POINT('',(-94.85355339059,129.4464466094,
    -15.03407417371));
#14782 = VECTOR('',#14783,1.);
#14783 = DIRECTION('',(-2.051E-14,-0.707106781187,-0.707106781187));
#14784 = ORIENTED_EDGE('',*,*,#14201,.T.);
#14785 = ORIENTED_EDGE('',*,*,#14786,.T.);
#14786 = EDGE_CURVE('',#14194,#14338,#14787,.T.);
#14787 = LINE('',#14788,#14789);
#14788 = CARTESIAN_POINT('',(-99.1464466094,124.54118095489,
    -11.35355339059));
#14789 = VECTOR('',#14790,1.);
#14790 = DIRECTION('',(0.,0.707106781187,0.707106781187));
#14791 = ORIENTED_EDGE('',*,*,#14337,.T.);
#14792 = PLANE('',#14793);
#14793 = AXIS2_PLACEMENT_3D('',#14794,#14795,#14796);
#14794 = CARTESIAN_POINT('',(-99.88513150575,124.10868227639,
    -10.30868227639));
#14795 = DIRECTION('',(-0.816496580928,0.408248290464,-0.408248290464));
#14796 = DIRECTION('',(-0.4472135955,-5.618003557371E-18,0.894427191));
#14797 = ADVANCED_FACE('',(#14798),#14814,.T.);
#14798 = FACE_BOUND('',#14799,.T.);
#14799 = EDGE_LOOP('',(#14800,#14806,#14807,#14813));
#14800 = ORIENTED_EDGE('',*,*,#14801,.T.);
#14801 = EDGE_CURVE('',#14146,#14406,#14802,.T.);
#14802 = LINE('',#14803,#14804);
#14803 = CARTESIAN_POINT('',(-94.85355339059,128.83407417371,
    -15.6464466094));
#14804 = VECTOR('',#14805,1.);
#14805 = DIRECTION('',(0.204039421211,0.846001382232,-0.492594737947));
#14806 = ORIENTED_EDGE('',*,*,#14429,.T.);
#14807 = ORIENTED_EDGE('',*,*,#14808,.T.);
#14808 = EDGE_CURVE('',#14422,#14144,#14809,.T.);
#14809 = LINE('',#14810,#14811);
#14810 = CARTESIAN_POINT('',(-94.5,125.05735931288,-16.5));
#14811 = VECTOR('',#14812,1.);
#14812 = DIRECTION('',(-0.295722408575,0.634698468918,0.71393704948));
#14813 = ORIENTED_EDGE('',*,*,#14143,.T.);
#14814 = PLANE('',#14815);
#14815 = AXIS2_PLACEMENT_3D('',#14816,#14817,#14818);
#14816 = CARTESIAN_POINT('',(-94.67677669529,24.7,-16.0732233047));
#14817 = DIRECTION('',(-0.923879532511,0.,-0.382683432365));
#14818 = DIRECTION('',(-0.382683432365,0.,0.923879532511));
#14819 = ADVANCED_FACE('',(#14820),#14836,.T.);
#14820 = FACE_BOUND('',#14821,.T.);
#14821 = EDGE_LOOP('',(#14822,#14828,#14829,#14835));
#14822 = ORIENTED_EDGE('',*,*,#14823,.T.);
#14823 = EDGE_CURVE('',#14234,#14266,#14824,.T.);
#14824 = LINE('',#14825,#14826);
#14825 = CARTESIAN_POINT('',(-99.5,111.3,-8.5));
#14826 = VECTOR('',#14827,1.);
#14827 = DIRECTION('',(0.653281482438,-0.382683432365,0.653281482438));
#14828 = ORIENTED_EDGE('',*,*,#14265,.T.);
#14829 = ORIENTED_EDGE('',*,*,#14830,.T.);
#14830 = EDGE_CURVE('',#14256,#14218,#14831,.T.);
#14831 = LINE('',#14832,#14833);
#14832 = CARTESIAN_POINT('',(-99.,124.59289321881,-8.));
#14833 = VECTOR('',#14834,1.);
#14834 = DIRECTION('',(-0.653281482438,-0.382683432365,-0.653281482438)
  );
#14835 = ORIENTED_EDGE('',*,*,#14241,.T.);
#14836 = PLANE('',#14837);
#14837 = AXIS2_PLACEMENT_3D('',#14838,#14839,#14840);
#14838 = CARTESIAN_POINT('',(-99.25,45.9,-8.25));
#14839 = DIRECTION('',(-0.707106781187,0.,0.707106781187));
#14840 = DIRECTION('',(0.707106781187,0.,0.707106781187));
#14841 = ADVANCED_FACE('',(#14842),#14858,.T.);
#14842 = FACE_BOUND('',#14843,.T.);
#14843 = EDGE_LOOP('',(#14844,#14850,#14851,#14857));
#14844 = ORIENTED_EDGE('',*,*,#14845,.T.);
#14845 = EDGE_CURVE('',#14338,#14216,#14846,.T.);
#14846 = LINE('',#14847,#14848);
#14847 = CARTESIAN_POINT('',(-99.1464466094,125.15355339059,
    -10.74118095489));
#14848 = VECTOR('',#14849,1.);
#14849 = DIRECTION('',(-0.370274559652,-0.893921863713,0.252587513646));
#14850 = ORIENTED_EDGE('',*,*,#14215,.T.);
#14851 = ORIENTED_EDGE('',*,*,#14852,.T.);
#14852 = EDGE_CURVE('',#14218,#14346,#14853,.T.);
#14853 = LINE('',#14854,#14855);
#14854 = CARTESIAN_POINT('',(-99.5,124.3,-8.5));
#14855 = VECTOR('',#14856,1.);
#14856 = DIRECTION('',(0.382683432365,0.923879532511,0.));
#14857 = ORIENTED_EDGE('',*,*,#14345,.T.);
#14858 = PLANE('',#14859);
#14859 = AXIS2_PLACEMENT_3D('',#14860,#14861,#14862);
#14860 = CARTESIAN_POINT('',(-99.3232233047,124.72677669529,8.));
#14861 = DIRECTION('',(-0.923879532511,0.382683432365,0.));
#14862 = DIRECTION('',(0.,0.,1.));
#14863 = ADVANCED_FACE('',(#14864),#14880,.T.);
#14864 = FACE_BOUND('',#14865,.T.);
#14865 = EDGE_LOOP('',(#14866,#14872,#14873,#14879));
#14866 = ORIENTED_EDGE('',*,*,#14867,.T.);
#14867 = EDGE_CURVE('',#14298,#14494,#14868,.T.);
#14868 = LINE('',#14869,#14870);
#14869 = CARTESIAN_POINT('',(-97.,123.76446609406,-8.));
#14870 = VECTOR('',#14871,1.);
#14871 = DIRECTION('',(0.853553390593,0.146446609407,-0.5));
#14872 = ORIENTED_EDGE('',*,*,#14493,.T.);
#14873 = ORIENTED_EDGE('',*,*,#14874,.T.);
#14874 = EDGE_CURVE('',#14484,#14306,#14875,.T.);
#14875 = LINE('',#14876,#14877);
#14876 = CARTESIAN_POINT('',(-94.85355339059,125.20380592228,-8.5));
#14877 = VECTOR('',#14878,1.);
#14878 = DIRECTION('',(-0.191341716183,0.732537816329,0.653281482438));
#14879 = ORIENTED_EDGE('',*,*,#14305,.T.);
#14880 = PLANE('',#14881);
#14881 = AXIS2_PLACEMENT_3D('',#14882,#14883,#14884);
#14882 = CARTESIAN_POINT('',(-97.24111652351,123.16979617995,-8.25));
#14883 = DIRECTION('',(0.5,-0.5,0.707106781187));
#14884 = DIRECTION('',(0.816496580928,-2.794935103122E-18,-0.57735026919
    ));
#14885 = ADVANCED_FACE('',(#14886),#14902,.T.);
#14886 = FACE_BOUND('',#14887,.T.);
#14887 = EDGE_LOOP('',(#14888,#14894,#14895,#14901));
#14888 = ORIENTED_EDGE('',*,*,#14889,.T.);
#14889 = EDGE_CURVE('',#14306,#14414,#14890,.T.);
#14890 = LINE('',#14891,#14892);
#14891 = CARTESIAN_POINT('',(-95.,125.76446609406,-8.));
#14892 = VECTOR('',#14893,1.);
#14893 = DIRECTION('',(0.5,-0.707106781187,0.5));
#14894 = ORIENTED_EDGE('',*,*,#14413,.T.);
#14895 = ORIENTED_EDGE('',*,*,#14896,.T.);
#14896 = EDGE_CURVE('',#14404,#14258,#14897,.T.);
#14897 = LINE('',#14898,#14899);
#14898 = CARTESIAN_POINT('',(-94.5,130.3,-7.5));
#14899 = VECTOR('',#14900,1.);
#14900 = DIRECTION('',(-0.270598050073,-0.923879532511,-0.270598050073)
  );
#14901 = ORIENTED_EDGE('',*,*,#14313,.T.);
#14902 = PLANE('',#14903);
#14903 = AXIS2_PLACEMENT_3D('',#14904,#14905,#14906);
#14904 = CARTESIAN_POINT('',(-94.75,24.7,-7.75));
#14905 = DIRECTION('',(-0.707106781187,0.,0.707106781187));
#14906 = DIRECTION('',(0.707106781187,0.,0.707106781187));
#14907 = ADVANCED_FACE('',(#14908),#14924,.T.);
#14908 = FACE_BOUND('',#14909,.T.);
#14909 = EDGE_LOOP('',(#14910,#14916,#14917,#14923));
#14910 = ORIENTED_EDGE('',*,*,#14911,.T.);
#14911 = EDGE_CURVE('',#14346,#14256,#14912,.T.);
#14912 = LINE('',#14913,#14914);
#14913 = CARTESIAN_POINT('',(-99.1464466094,125.15355339059,-8.5));
#14914 = VECTOR('',#14915,1.);
#14915 = DIRECTION('',(0.191341716183,-0.732537816329,0.653281482438));
#14916 = ORIENTED_EDGE('',*,*,#14255,.T.);
#14917 = ORIENTED_EDGE('',*,*,#14918,.T.);
#14918 = EDGE_CURVE('',#14258,#14330,#14919,.T.);
#14919 = LINE('',#14920,#14921);
#14920 = CARTESIAN_POINT('',(-95.,128.59289321881,-8.));
#14921 = VECTOR('',#14922,1.);
#14922 = DIRECTION('',(0.146446609407,0.853553390593,-0.5));
#14923 = ORIENTED_EDGE('',*,*,#14353,.T.);
#14924 = PLANE('',#14925);
#14925 = AXIS2_PLACEMENT_3D('',#14926,#14927,#14928);
#14926 = CARTESIAN_POINT('',(-100.4482233047,123.4982233047,-8.25));
#14927 = DIRECTION('',(-0.5,0.5,0.707106781187));
#14928 = DIRECTION('',(0.816496580928,-4.828349648967E-16,0.57735026919)
  );
#14929 = ADVANCED_FACE('',(#14930),#14946,.T.);
#14930 = FACE_BOUND('',#14931,.T.);
#14931 = EDGE_LOOP('',(#14932,#14938,#14939,#14945));
#14932 = ORIENTED_EDGE('',*,*,#14933,.T.);
#14933 = EDGE_CURVE('',#14330,#14404,#14934,.T.);
#14934 = LINE('',#14935,#14936);
#14935 = CARTESIAN_POINT('',(-94.85355339059,129.4464466094,-8.5));
#14936 = VECTOR('',#14937,1.);
#14937 = DIRECTION('',(0.259688343688,0.626943121322,0.734509555268));
#14938 = ORIENTED_EDGE('',*,*,#14403,.T.);
#14939 = ORIENTED_EDGE('',*,*,#14940,.T.);
#14940 = EDGE_CURVE('',#14406,#14328,#14941,.T.);
#14941 = LINE('',#14942,#14943);
#14942 = CARTESIAN_POINT('',(-94.5,130.3,-16.5));
#14943 = VECTOR('',#14944,1.);
#14944 = DIRECTION('',(-0.204039421211,-0.492594737947,0.846001382232));
#14945 = ORIENTED_EDGE('',*,*,#14327,.T.);
#14946 = PLANE('',#14947);
#14947 = AXIS2_PLACEMENT_3D('',#14948,#14949,#14950);
#14948 = CARTESIAN_POINT('',(-94.67677669529,129.8732233047,-7.075));
#14949 = DIRECTION('',(-0.923879532511,0.382683432365,4.3E-16));
#14950 = DIRECTION('',(4.66098105401E-16,1.61621766185E-18,1.));
#14951 = ADVANCED_FACE('',(#14952),#14957,.T.);
#14952 = FACE_BOUND('',#14953,.T.);
#14953 = EDGE_LOOP('',(#14954,#14955,#14956));
#14954 = ORIENTED_EDGE('',*,*,#14896,.F.);
#14955 = ORIENTED_EDGE('',*,*,#14933,.F.);
#14956 = ORIENTED_EDGE('',*,*,#14918,.F.);
#14957 = PLANE('',#14958);
#14958 = AXIS2_PLACEMENT_3D('',#14959,#14960,#14961);
#14959 = CARTESIAN_POINT('',(-94.85355339059,129.4464466094,-8.5));
#14960 = DIRECTION('',(-0.961007183383,0.242609246693,0.132687402965));
#14961 = DIRECTION('',(0.136773639673,1.182094627363E-17,0.990602327622)
  );
#14962 = ADVANCED_FACE('',(#14963),#14979,.T.);
#14963 = FACE_BOUND('',#14964,.T.);
#14964 = EDGE_LOOP('',(#14965,#14971,#14972,#14978));
#14965 = ORIENTED_EDGE('',*,*,#14966,.T.);
#14966 = EDGE_CURVE('',#14486,#14422,#14967,.T.);
#14967 = LINE('',#14968,#14969);
#14968 = CARTESIAN_POINT('',(-94.85355339059,125.20380592228,
    -15.03407417371));
#14969 = VECTOR('',#14970,1.);
#14970 = DIRECTION('',(0.233360434026,-9.666105669464E-02,
    -0.967574052954));
#14971 = ORIENTED_EDGE('',*,*,#14421,.T.);
#14972 = ORIENTED_EDGE('',*,*,#14973,.T.);
#14973 = EDGE_CURVE('',#14414,#14484,#14974,.T.);
#14974 = LINE('',#14975,#14976);
#14975 = CARTESIAN_POINT('',(-94.5,125.05735931288,-7.5));
#14976 = VECTOR('',#14977,1.);
#14977 = DIRECTION('',(-0.330200775874,0.136773639673,-0.933948831094));
#14978 = ORIENTED_EDGE('',*,*,#14483,.T.);
#14979 = PLANE('',#14980);
#14980 = AXIS2_PLACEMENT_3D('',#14981,#14982,#14983);
#14981 = CARTESIAN_POINT('',(-94.67677669529,125.13058261758,-7.075));
#14982 = DIRECTION('',(-0.382683432365,-0.923879532511,1.05E-15));
#14983 = DIRECTION('',(1.233261292982E-18,-1.137022643861E-15,-1.));
#14984 = ADVANCED_FACE('',(#14985),#14990,.T.);
#14985 = FACE_BOUND('',#14986,.T.);
#14986 = EDGE_LOOP('',(#14987,#14988,#14989));
#14987 = ORIENTED_EDGE('',*,*,#14874,.F.);
#14988 = ORIENTED_EDGE('',*,*,#14973,.F.);
#14989 = ORIENTED_EDGE('',*,*,#14889,.F.);
#14990 = PLANE('',#14991);
#14991 = AXIS2_PLACEMENT_3D('',#14992,#14993,#14994);
#14992 = CARTESIAN_POINT('',(-94.5,125.05735931288,-7.5));
#14993 = DIRECTION('',(-0.864584498274,-0.440859983096,0.241114331072));
#14994 = DIRECTION('',(0.268628351327,1.09407842887E-17,0.96324389895));
#14995 = ADVANCED_FACE('',(#14996),#15001,.T.);
#14996 = FACE_BOUND('',#14997,.T.);
#14997 = EDGE_LOOP('',(#14998,#14999,#15000));
#14998 = ORIENTED_EDGE('',*,*,#14830,.F.);
#14999 = ORIENTED_EDGE('',*,*,#14911,.F.);
#15000 = ORIENTED_EDGE('',*,*,#14852,.F.);
#15001 = PLANE('',#15002);
#15002 = AXIS2_PLACEMENT_3D('',#15003,#15004,#15005);
#15003 = CARTESIAN_POINT('',(-99.1464466094,125.15355339059,-8.5));
#15004 = DIRECTION('',(-0.756975158958,0.31354937722,0.573302186256));
#15005 = DIRECTION('',(0.60374805522,-3.065855510522E-18,0.797175191421)
  );
#15006 = ADVANCED_FACE('',(#15007),#15012,.T.);
#15007 = FACE_BOUND('',#15008,.T.);
#15008 = EDGE_LOOP('',(#15009,#15010,#15011));
#15009 = ORIENTED_EDGE('',*,*,#14779,.F.);
#15010 = ORIENTED_EDGE('',*,*,#14940,.F.);
#15011 = ORIENTED_EDGE('',*,*,#14801,.F.);
#15012 = PLANE('',#15013);
#15013 = AXIS2_PLACEMENT_3D('',#15014,#15015,#15016);
#15014 = CARTESIAN_POINT('',(-94.5,130.3,-16.5));
#15015 = DIRECTION('',(-0.97754534379,0.149005202651,-0.149005202651));
#15016 = DIRECTION('',(-0.150687414876,-1.1650965321E-17,0.988581459971)
  );
#15017 = ADVANCED_FACE('',(#15018),#15034,.T.);
#15018 = FACE_BOUND('',#15019,.T.);
#15019 = EDGE_LOOP('',(#15020,#15026,#15027,#15033));
#15020 = ORIENTED_EDGE('',*,*,#15021,.T.);
#15021 = EDGE_CURVE('',#14534,#14502,#15022,.T.);
#15022 = LINE('',#15023,#15024);
#15023 = CARTESIAN_POINT('',(-96.5,123.05735931288,-13.5));
#15024 = VECTOR('',#15025,1.);
#15025 = DIRECTION('',(0.370274559652,0.893921863713,-0.252587513646));
#15026 = ORIENTED_EDGE('',*,*,#14501,.T.);
#15027 = ORIENTED_EDGE('',*,*,#15028,.T.);
#15028 = EDGE_CURVE('',#14494,#14542,#15029,.T.);
#15029 = LINE('',#15030,#15031);
#15030 = CARTESIAN_POINT('',(-96.1464466094,123.91091270347,-8.5));
#15031 = VECTOR('',#15032,1.);
#15032 = DIRECTION('',(-0.382683432365,-0.923879532511,0.));
#15033 = ORIENTED_EDGE('',*,*,#14541,.T.);
#15034 = PLANE('',#15035);
#15035 = AXIS2_PLACEMENT_3D('',#15036,#15037,#15038);
#15036 = CARTESIAN_POINT('',(-96.3232233047,123.48413600817,8.));
#15037 = DIRECTION('',(0.923879532511,-0.382683432365,0.));
#15038 = DIRECTION('',(0.,0.,-1.));
#15039 = ADVANCED_FACE('',(#15040),#15056,.T.);
#15040 = FACE_BOUND('',#15041,.T.);
#15041 = EDGE_LOOP('',(#15042,#15048,#15049,#15055));
#15042 = ORIENTED_EDGE('',*,*,#15043,.T.);
#15043 = EDGE_CURVE('',#14290,#14526,#15044,.T.);
#15044 = LINE('',#15045,#15046);
#15045 = CARTESIAN_POINT('',(-97.,111.83553390593,-8.));
#15046 = VECTOR('',#15047,1.);
#15047 = DIRECTION('',(0.5,0.707106781187,-0.5));
#15048 = ORIENTED_EDGE('',*,*,#14549,.T.);
#15049 = ORIENTED_EDGE('',*,*,#15050,.T.);
#15050 = EDGE_CURVE('',#14542,#14298,#15051,.T.);
#15051 = LINE('',#15052,#15053);
#15052 = CARTESIAN_POINT('',(-96.5,123.05735931288,-8.5));
#15053 = VECTOR('',#15054,1.);
#15054 = DIRECTION('',(-0.5,0.707106781187,0.5));
#15055 = ORIENTED_EDGE('',*,*,#14297,.T.);
#15056 = PLANE('',#15057);
#15057 = AXIS2_PLACEMENT_3D('',#15058,#15059,#15060);
#15058 = CARTESIAN_POINT('',(-96.75,52.27867965644,-8.25));
#15059 = DIRECTION('',(0.707106781187,0.,0.707106781187));
#15060 = DIRECTION('',(0.707106781187,0.,-0.707106781187));
#15061 = ADVANCED_FACE('',(#15062),#15067,.T.);
#15062 = FACE_BOUND('',#15063,.T.);
#15063 = EDGE_LOOP('',(#15064,#15065,#15066));
#15064 = ORIENTED_EDGE('',*,*,#14867,.F.);
#15065 = ORIENTED_EDGE('',*,*,#15050,.F.);
#15066 = ORIENTED_EDGE('',*,*,#15028,.F.);
#15067 = PLANE('',#15068);
#15068 = AXIS2_PLACEMENT_3D('',#15069,#15070,#15071);
#15069 = CARTESIAN_POINT('',(-96.5,123.05735931288,-8.5));
#15070 = DIRECTION('',(0.520840998147,-0.215739405272,0.825942591021));
#15071 = DIRECTION('',(0.845861810898,-7.832950644247E-17,
    -0.533402096794));
#15072 = ADVANCED_FACE('',(#15073),#15078,.T.);
#15073 = FACE_BOUND('',#15074,.T.);
#15074 = EDGE_LOOP('',(#15075,#15076,#15077));
#15075 = ORIENTED_EDGE('',*,*,#14808,.F.);
#15076 = ORIENTED_EDGE('',*,*,#14966,.F.);
#15077 = ORIENTED_EDGE('',*,*,#14764,.F.);
#15078 = PLANE('',#15079);
#15079 = AXIS2_PLACEMENT_3D('',#15080,#15081,#15082);
#15080 = CARTESIAN_POINT('',(-94.85355339059,125.20380592228,
    -15.03407417371));
#15081 = DIRECTION('',(-0.95512975481,-0.209436328601,-0.209436328601));
#15082 = DIRECTION('',(-0.214186495298,2.288326672342E-17,0.976792785207
    ));
#15083 = ADVANCED_FACE('',(#15084),#15089,.T.);
#15084 = FACE_BOUND('',#15085,.T.);
#15085 = EDGE_LOOP('',(#15086,#15087,#15088));
#15086 = ORIENTED_EDGE('',*,*,#14720,.F.);
#15087 = ORIENTED_EDGE('',*,*,#14823,.F.);
#15088 = ORIENTED_EDGE('',*,*,#14742,.F.);
#15089 = PLANE('',#15090);
#15090 = AXIS2_PLACEMENT_3D('',#15091,#15092,#15093);
#15091 = CARTESIAN_POINT('',(-99.5,111.3,-8.5));
#15092 = DIRECTION('',(-0.756975158958,-0.31354937722,0.573302186256));
#15093 = DIRECTION('',(0.60374805522,1.297538283308E-16,0.797175191421)
  );
#15094 = ADVANCED_FACE('',(#15095),#15100,.T.);
#15095 = FACE_BOUND('',#15096,.T.);
#15096 = EDGE_LOOP('',(#15097,#15098,#15099));
#15097 = ORIENTED_EDGE('',*,*,#14691,.F.);
#15098 = ORIENTED_EDGE('',*,*,#14845,.F.);
#15099 = ORIENTED_EDGE('',*,*,#14786,.F.);
#15100 = PLANE('',#15101);
#15101 = AXIS2_PLACEMENT_3D('',#15102,#15103,#15104);
#15102 = CARTESIAN_POINT('',(-99.1464466094,125.15355339059,
    -10.74118095489));
#15103 = DIRECTION('',(-0.909615800965,0.293767845956,-0.293767845956));
#15104 = DIRECTION('',(-0.307328147952,-1.755381823377E-16,0.95160359892
    ));
#15105 = ADVANCED_FACE('',(#15106),#15122,.T.);
#15106 = FACE_BOUND('',#15107,.T.);
#15107 = EDGE_LOOP('',(#15108,#15114,#15115,#15121));
#15108 = ORIENTED_EDGE('',*,*,#15109,.T.);
#15109 = EDGE_CURVE('',#14574,#14524,#15110,.T.);
#15110 = LINE('',#15111,#15112);
#15111 = CARTESIAN_POINT('',(-96.1464466094,111.68908729652,
    -13.74118095489));
#15112 = VECTOR('',#15113,1.);
#15113 = DIRECTION('',(-0.370274559652,0.893921863713,0.252587513646));
#15114 = ORIENTED_EDGE('',*,*,#14523,.T.);
#15115 = ORIENTED_EDGE('',*,*,#15116,.T.);
#15116 = EDGE_CURVE('',#14526,#14582,#15117,.T.);
#15117 = LINE('',#15118,#15119);
#15118 = CARTESIAN_POINT('',(-96.5,112.54264068711,-8.5));
#15119 = VECTOR('',#15120,1.);
#15120 = DIRECTION('',(0.382683432365,-0.923879532511,0.));
#15121 = ORIENTED_EDGE('',*,*,#14581,.T.);
#15122 = PLANE('',#15123);
#15123 = AXIS2_PLACEMENT_3D('',#15124,#15125,#15126);
#15124 = CARTESIAN_POINT('',(-96.3232233047,112.11586399182,8.));
#15125 = DIRECTION('',(0.923879532511,0.382683432365,0.));
#15126 = DIRECTION('',(0.,0.,-1.));
#15127 = ADVANCED_FACE('',(#15128),#15144,.T.);
#15128 = FACE_BOUND('',#15129,.T.);
#15129 = EDGE_LOOP('',(#15130,#15136,#15137,#15143));
#15130 = ORIENTED_EDGE('',*,*,#15131,.T.);
#15131 = EDGE_CURVE('',#14282,#14566,#15132,.T.);
#15132 = LINE('',#15133,#15134);
#15133 = CARTESIAN_POINT('',(-95.,109.83553390593,-8.));
#15134 = VECTOR('',#15135,1.);
#15135 = DIRECTION('',(0.191341716183,0.732537816329,-0.653281482438));
#15136 = ORIENTED_EDGE('',*,*,#14589,.T.);
#15137 = ORIENTED_EDGE('',*,*,#15138,.T.);
#15138 = EDGE_CURVE('',#14582,#14290,#15139,.T.);
#15139 = LINE('',#15140,#15141);
#15140 = CARTESIAN_POINT('',(-96.1464466094,111.68908729652,-8.5));
#15141 = VECTOR('',#15142,1.);
#15142 = DIRECTION('',(-0.853553390593,0.146446609407,0.5));
#15143 = ORIENTED_EDGE('',*,*,#14289,.T.);
#15144 = PLANE('',#15145);
#15145 = AXIS2_PLACEMENT_3D('',#15146,#15147,#15148);
#15146 = CARTESIAN_POINT('',(-98.24111652351,113.43020382004,-8.25));
#15147 = DIRECTION('',(0.5,0.5,0.707106781187));
#15148 = DIRECTION('',(0.816496580928,1.368462918677E-15,-0.57735026919)
  );
#15149 = ADVANCED_FACE('',(#15150),#15155,.T.);
#15150 = FACE_BOUND('',#15151,.T.);
#15151 = EDGE_LOOP('',(#15152,#15153,#15154));
#15152 = ORIENTED_EDGE('',*,*,#15043,.F.);
#15153 = ORIENTED_EDGE('',*,*,#15138,.F.);
#15154 = ORIENTED_EDGE('',*,*,#15116,.F.);
#15155 = PLANE('',#15156);
#15156 = AXIS2_PLACEMENT_3D('',#15157,#15158,#15159);
#15157 = CARTESIAN_POINT('',(-96.1464466094,111.68908729652,-8.5));
#15158 = DIRECTION('',(0.520840998147,0.215739405272,0.825942591021));
#15159 = DIRECTION('',(0.845861810898,8.940717139594E-17,-0.533402096794
    ));
#15160 = ADVANCED_FACE('',(#15161),#15166,.T.);
#15161 = FACE_BOUND('',#15162,.T.);
#15162 = EDGE_LOOP('',(#15163,#15164,#15165));
#15163 = ORIENTED_EDGE('',*,*,#14757,.F.);
#15164 = ORIENTED_EDGE('',*,*,#15021,.F.);
#15165 = ORIENTED_EDGE('',*,*,#14676,.F.);
#15166 = PLANE('',#15167);
#15167 = AXIS2_PLACEMENT_3D('',#15168,#15169,#15170);
#15168 = CARTESIAN_POINT('',(-96.5,123.05735931288,-13.5));
#15169 = DIRECTION('',(-9.846595692484E-02,-0.232612298039,
    -0.967572206157));
#15170 = DIRECTION('',(-0.994861716238,4.840854996834E-17,0.101243101315
    ));
#15171 = ADVANCED_FACE('',(#15172),#15188,.T.);
#15172 = FACE_BOUND('',#15173,.T.);
#15173 = EDGE_LOOP('',(#15174,#15180,#15181,#15187));
#15174 = ORIENTED_EDGE('',*,*,#15175,.T.);
#15175 = EDGE_CURVE('',#14274,#14440,#15176,.T.);
#15176 = LINE('',#15177,#15178);
#15177 = CARTESIAN_POINT('',(-95.,107.00710678118,-8.));
#15178 = VECTOR('',#15179,1.);
#15179 = DIRECTION('',(0.270598050073,-0.923879532511,0.270598050073));
#15180 = ORIENTED_EDGE('',*,*,#14463,.T.);
#15181 = ORIENTED_EDGE('',*,*,#15182,.T.);
#15182 = EDGE_CURVE('',#14456,#14282,#15183,.T.);
#15183 = LINE('',#15184,#15185);
#15184 = CARTESIAN_POINT('',(-94.5,110.54264068711,-7.5));
#15185 = VECTOR('',#15186,1.);
#15186 = DIRECTION('',(-0.5,-0.707106781187,-0.5));
#15187 = ORIENTED_EDGE('',*,*,#14281,.T.);
#15188 = PLANE('',#15189);
#15189 = AXIS2_PLACEMENT_3D('',#15190,#15191,#15192);
#15190 = CARTESIAN_POINT('',(-94.75,24.7,-7.75));
#15191 = DIRECTION('',(-0.707106781187,0.,0.707106781187));
#15192 = DIRECTION('',(0.707106781187,0.,0.707106781187));
#15193 = ADVANCED_FACE('',(#15194),#15210,.T.);
#15194 = FACE_BOUND('',#15195,.T.);
#15195 = EDGE_LOOP('',(#15196,#15202,#15203,#15209));
#15196 = ORIENTED_EDGE('',*,*,#15197,.T.);
#15197 = EDGE_CURVE('',#14114,#14438,#15198,.T.);
#15198 = LINE('',#15199,#15200);
#15199 = CARTESIAN_POINT('',(-94.85355339059,106.15355339059,
    -15.03407417371));
#15200 = VECTOR('',#15201,1.);
#15201 = DIRECTION('',(0.204039421211,-0.492594737947,-0.846001382232));
#15202 = ORIENTED_EDGE('',*,*,#14437,.T.);
#15203 = ORIENTED_EDGE('',*,*,#15204,.T.);
#15204 = EDGE_CURVE('',#14440,#14122,#15205,.T.);
#15205 = LINE('',#15206,#15207);
#15206 = CARTESIAN_POINT('',(-94.5,105.3,-7.5));
#15207 = VECTOR('',#15208,1.);
#15208 = DIRECTION('',(-0.259688343688,0.626943121322,-0.734509555268));
#15209 = ORIENTED_EDGE('',*,*,#14121,.T.);
#15210 = PLANE('',#15211);
#15211 = AXIS2_PLACEMENT_3D('',#15212,#15213,#15214);
#15212 = CARTESIAN_POINT('',(-94.67677669529,105.72677669529,-7.075));
#15213 = DIRECTION('',(-0.923879532511,-0.382683432365,4.3E-16));
#15214 = DIRECTION('',(4.66098105401E-16,-1.616217661853E-18,1.));
#15215 = ADVANCED_FACE('',(#15216),#15221,.T.);
#15216 = FACE_BOUND('',#15217,.T.);
#15217 = EDGE_LOOP('',(#15218,#15219,#15220));
#15218 = ORIENTED_EDGE('',*,*,#14713,.F.);
#15219 = ORIENTED_EDGE('',*,*,#15204,.F.);
#15220 = ORIENTED_EDGE('',*,*,#15175,.F.);
#15221 = PLANE('',#15222);
#15222 = AXIS2_PLACEMENT_3D('',#15223,#15224,#15225);
#15223 = CARTESIAN_POINT('',(-94.5,105.3,-7.5));
#15224 = DIRECTION('',(-0.961007183383,-0.242609246693,0.132687402965));
#15225 = DIRECTION('',(0.136773639673,2.960090094942E-17,0.990602327622)
  );
#15226 = ADVANCED_FACE('',(#15227),#15232,.T.);
#15227 = FACE_BOUND('',#15228,.T.);
#15228 = EDGE_LOOP('',(#15229,#15230,#15231));
#15229 = ORIENTED_EDGE('',*,*,#14647,.F.);
#15230 = ORIENTED_EDGE('',*,*,#14735,.F.);
#15231 = ORIENTED_EDGE('',*,*,#14698,.F.);
#15232 = PLANE('',#15233);
#15233 = AXIS2_PLACEMENT_3D('',#15234,#15235,#15236);
#15234 = CARTESIAN_POINT('',(-99.5,111.3,-10.5));
#15235 = DIRECTION('',(-0.909615800965,-0.293767845956,-0.293767845956)
  );
#15236 = DIRECTION('',(-0.307328147952,-8.000277204965E-17,0.95160359892
    ));
#15237 = ADVANCED_FACE('',(#15238),#15254,.T.);
#15238 = FACE_BOUND('',#15239,.T.);
#15239 = EDGE_LOOP('',(#15240,#15246,#15247,#15253));
#15240 = ORIENTED_EDGE('',*,*,#15241,.T.);
#15241 = EDGE_CURVE('',#14566,#14456,#15242,.T.);
#15242 = LINE('',#15243,#15244);
#15243 = CARTESIAN_POINT('',(-94.85355339059,110.39619407771,-8.5));
#15244 = VECTOR('',#15245,1.);
#15245 = DIRECTION('',(0.330200775874,0.136773639673,0.933948831094));
#15246 = ORIENTED_EDGE('',*,*,#14455,.T.);
#15247 = ORIENTED_EDGE('',*,*,#15248,.T.);
#15248 = EDGE_CURVE('',#14448,#14564,#15249,.T.);
#15249 = LINE('',#15250,#15251);
#15250 = CARTESIAN_POINT('',(-94.5,110.54264068711,-16.5));
#15251 = VECTOR('',#15252,1.);
#15252 = DIRECTION('',(-0.233360434026,-9.666105669464E-02,
    0.967574052954));
#15253 = ORIENTED_EDGE('',*,*,#14563,.T.);
#15254 = PLANE('',#15255);
#15255 = AXIS2_PLACEMENT_3D('',#15256,#15257,#15258);
#15256 = CARTESIAN_POINT('',(-94.67677669529,110.46941738241,-7.075));
#15257 = DIRECTION('',(-0.382683432365,0.923879532511,1.05E-15));
#15258 = DIRECTION('',(-1.233261292989E-18,-1.137022643861E-15,1.));
#15259 = ADVANCED_FACE('',(#15260),#15265,.T.);
#15260 = FACE_BOUND('',#15261,.T.);
#15261 = EDGE_LOOP('',(#15262,#15263,#15264));
#15262 = ORIENTED_EDGE('',*,*,#15182,.F.);
#15263 = ORIENTED_EDGE('',*,*,#15241,.F.);
#15264 = ORIENTED_EDGE('',*,*,#15131,.F.);
#15265 = PLANE('',#15266);
#15266 = AXIS2_PLACEMENT_3D('',#15267,#15268,#15269);
#15267 = CARTESIAN_POINT('',(-94.85355339059,110.39619407771,-8.5));
#15268 = DIRECTION('',(-0.864584498274,0.440859983096,0.241114331072));
#15269 = DIRECTION('',(0.268628351327,-2.367576669103E-16,0.96324389895)
  );
#15270 = ADVANCED_FACE('',(#15271),#15276,.T.);
#15271 = FACE_BOUND('',#15272,.T.);
#15272 = EDGE_LOOP('',(#15273,#15274,#15275));
#15273 = ORIENTED_EDGE('',*,*,#14669,.F.);
#15274 = ORIENTED_EDGE('',*,*,#15109,.F.);
#15275 = ORIENTED_EDGE('',*,*,#14632,.F.);
#15276 = PLANE('',#15277);
#15277 = AXIS2_PLACEMENT_3D('',#15278,#15279,#15280);
#15278 = CARTESIAN_POINT('',(-96.1464466094,111.68908729652,
    -13.74118095489));
#15279 = DIRECTION('',(-9.846595692483E-02,0.232612298039,
    -0.967572206157));
#15280 = DIRECTION('',(-0.994861716238,1.94666868885E-17,0.101243101315)
  );
#15281 = ADVANCED_FACE('',(#15282),#15287,.T.);
#15282 = FACE_BOUND('',#15283,.T.);
#15283 = EDGE_LOOP('',(#15284,#15285,#15286));
#15284 = ORIENTED_EDGE('',*,*,#14610,.F.);
#15285 = ORIENTED_EDGE('',*,*,#15197,.F.);
#15286 = ORIENTED_EDGE('',*,*,#14654,.F.);
#15287 = PLANE('',#15288);
#15288 = AXIS2_PLACEMENT_3D('',#15289,#15290,#15291);
#15289 = CARTESIAN_POINT('',(-94.85355339059,106.15355339059,
    -15.03407417371));
#15290 = DIRECTION('',(-0.97754534379,-0.149005202651,-0.149005202651));
#15291 = DIRECTION('',(-0.150687414876,-2.709161045115E-18,
    0.988581459971));
#15292 = ADVANCED_FACE('',(#15293),#15298,.T.);
#15293 = FACE_BOUND('',#15294,.T.);
#15294 = EDGE_LOOP('',(#15295,#15296,#15297));
#15295 = ORIENTED_EDGE('',*,*,#14625,.F.);
#15296 = ORIENTED_EDGE('',*,*,#15248,.F.);
#15297 = ORIENTED_EDGE('',*,*,#14603,.F.);
#15298 = PLANE('',#15299);
#15299 = AXIS2_PLACEMENT_3D('',#15300,#15301,#15302);
#15300 = CARTESIAN_POINT('',(-94.5,110.54264068711,-16.5));
#15301 = DIRECTION('',(-0.95512975481,0.209436328601,-0.209436328601));
#15302 = DIRECTION('',(-0.214186495298,-1.547523688303E-16,
    0.976792785207));
#15303 = ADVANCED_FACE('',(#15304,#15315,#15321,#15327,#15333,#15339,
    #15345,#15351,#15357,#15363),#15373,.T.);
#15304 = FACE_BOUND('',#15305,.T.);
#15305 = EDGE_LOOP('',(#15306));
#15306 = ORIENTED_EDGE('',*,*,#15307,.F.);
#15307 = EDGE_CURVE('',#15308,#15308,#15310,.T.);
#15308 = VERTEX_POINT('',#15309);
#15309 = CARTESIAN_POINT('',(-72.35,-4.,5.5));
#15310 = CIRCLE('',#15311,4.);
#15311 = AXIS2_PLACEMENT_3D('',#15312,#15313,#15314);
#15312 = CARTESIAN_POINT('',(-76.35,-4.,5.5));
#15313 = DIRECTION('',(0.,-1.,0.));
#15314 = DIRECTION('',(1.,0.,0.));
#15315 = FACE_BOUND('',#15316,.T.);
#15316 = EDGE_LOOP('',(#15317,#15318,#15319,#15320));
#15317 = ORIENTED_EDGE('',*,*,#1491,.F.);
#15318 = ORIENTED_EDGE('',*,*,#1531,.F.);
#15319 = ORIENTED_EDGE('',*,*,#1564,.F.);
#15320 = ORIENTED_EDGE('',*,*,#1593,.F.);
#15321 = FACE_BOUND('',#15322,.T.);
#15322 = EDGE_LOOP('',(#15323,#15324,#15325,#15326));
#15323 = ORIENTED_EDGE('',*,*,#1868,.F.);
#15324 = ORIENTED_EDGE('',*,*,#1901,.F.);
#15325 = ORIENTED_EDGE('',*,*,#1932,.F.);
#15326 = ORIENTED_EDGE('',*,*,#1956,.F.);
#15327 = FACE_BOUND('',#15328,.T.);
#15328 = EDGE_LOOP('',(#15329,#15330,#15331,#15332));
#15329 = ORIENTED_EDGE('',*,*,#2210,.F.);
#15330 = ORIENTED_EDGE('',*,*,#2250,.F.);
#15331 = ORIENTED_EDGE('',*,*,#2283,.F.);
#15332 = ORIENTED_EDGE('',*,*,#2312,.F.);
#15333 = FACE_BOUND('',#15334,.T.);
#15334 = EDGE_LOOP('',(#15335,#15336,#15337,#15338));
#15335 = ORIENTED_EDGE('',*,*,#2377,.F.);
#15336 = ORIENTED_EDGE('',*,*,#2417,.F.);
#15337 = ORIENTED_EDGE('',*,*,#2450,.F.);
#15338 = ORIENTED_EDGE('',*,*,#2479,.F.);
#15339 = FACE_BOUND('',#15340,.T.);
#15340 = EDGE_LOOP('',(#15341,#15342,#15343,#15344));
#15341 = ORIENTED_EDGE('',*,*,#2043,.F.);
#15342 = ORIENTED_EDGE('',*,*,#2083,.F.);
#15343 = ORIENTED_EDGE('',*,*,#2116,.F.);
#15344 = ORIENTED_EDGE('',*,*,#2145,.F.);
#15345 = FACE_BOUND('',#15346,.T.);
#15346 = EDGE_LOOP('',(#15347,#15348,#15349,#15350));
#15347 = ORIENTED_EDGE('',*,*,#1675,.F.);
#15348 = ORIENTED_EDGE('',*,*,#1715,.F.);
#15349 = ORIENTED_EDGE('',*,*,#1748,.F.);
#15350 = ORIENTED_EDGE('',*,*,#1777,.F.);
#15351 = FACE_BOUND('',#15352,.T.);
#15352 = EDGE_LOOP('',(#15353,#15354,#15355,#15356));
#15353 = ORIENTED_EDGE('',*,*,#1294,.F.);
#15354 = ORIENTED_EDGE('',*,*,#1356,.F.);
#15355 = ORIENTED_EDGE('',*,*,#1254,.F.);
#15356 = ORIENTED_EDGE('',*,*,#1341,.F.);
#15357 = FACE_BOUND('',#15358,.T.);
#15358 = EDGE_LOOP('',(#15359,#15360,#15361,#15362));
#15359 = ORIENTED_EDGE('',*,*,#3430,.F.);
#15360 = ORIENTED_EDGE('',*,*,#3413,.F.);
#15361 = ORIENTED_EDGE('',*,*,#3381,.F.);
#15362 = ORIENTED_EDGE('',*,*,#3357,.F.);
#15363 = FACE_BOUND('',#15364,.T.);
#15364 = EDGE_LOOP('',(#15365,#15366,#15367,#15368,#15369,#15370,#15371,
    #15372));
#15365 = ORIENTED_EDGE('',*,*,#930,.F.);
#15366 = ORIENTED_EDGE('',*,*,#945,.F.);
#15367 = ORIENTED_EDGE('',*,*,#797,.F.);
#15368 = ORIENTED_EDGE('',*,*,#812,.F.);
#15369 = ORIENTED_EDGE('',*,*,#726,.F.);
#15370 = ORIENTED_EDGE('',*,*,#989,.F.);
#15371 = ORIENTED_EDGE('',*,*,#859,.F.);
#15372 = ORIENTED_EDGE('',*,*,#967,.F.);
#15373 = PLANE('',#15374);
#15374 = AXIS2_PLACEMENT_3D('',#15375,#15376,#15377);
#15375 = CARTESIAN_POINT('',(-1.776E-14,-4.,0.));
#15376 = DIRECTION('',(0.,-1.,0.));
#15377 = DIRECTION('',(0.,0.,-1.));
#15378 = ADVANCED_FACE('',(#15379),#15423,.F.);
#15379 = FACE_BOUND('',#15380,.F.);
#15380 = EDGE_LOOP('',(#15381,#15392,#15399,#15406,#15407,#15416));
#15381 = ORIENTED_EDGE('',*,*,#15382,.F.);
#15382 = EDGE_CURVE('',#15383,#15385,#15387,.T.);
#15383 = VERTEX_POINT('',#15384);
#15384 = CARTESIAN_POINT('',(-72.85,-1.5,5.5));
#15385 = VERTEX_POINT('',#15386);
#15386 = CARTESIAN_POINT('',(-75.1,-1.5,2.230825792344));
#15387 = CIRCLE('',#15388,3.5);
#15388 = AXIS2_PLACEMENT_3D('',#15389,#15390,#15391);
#15389 = CARTESIAN_POINT('',(-76.35,-1.5,5.5));
#15390 = DIRECTION('',(-0.,1.,0.));
#15391 = DIRECTION('',(1.,0.,0.));
#15392 = ORIENTED_EDGE('',*,*,#15393,.F.);
#15393 = EDGE_CURVE('',#15394,#15383,#15396,.T.);
#15394 = VERTEX_POINT('',#15395);
#15395 = CARTESIAN_POINT('',(-72.85,-3.5,5.5));
#15396 = B_SPLINE_CURVE_WITH_KNOTS('',1,(#15397,#15398),.UNSPECIFIED.,
  .F.,.F.,(2,2),(0.5,2.5),.PIECEWISE_BEZIER_KNOTS.);
#15397 = CARTESIAN_POINT('',(-72.85,-3.5,5.5));
#15398 = CARTESIAN_POINT('',(-72.85,-1.5,5.5));
#15399 = ORIENTED_EDGE('',*,*,#15400,.T.);
#15400 = EDGE_CURVE('',#15394,#15394,#15401,.T.);
#15401 = CIRCLE('',#15402,3.5);
#15402 = AXIS2_PLACEMENT_3D('',#15403,#15404,#15405);
#15403 = CARTESIAN_POINT('',(-76.35,-3.5,5.5));
#15404 = DIRECTION('',(-0.,1.,0.));
#15405 = DIRECTION('',(1.,0.,0.));
#15406 = ORIENTED_EDGE('',*,*,#15393,.T.);
#15407 = ORIENTED_EDGE('',*,*,#15408,.F.);
#15408 = EDGE_CURVE('',#15409,#15383,#15411,.T.);
#15409 = VERTEX_POINT('',#15410);
#15410 = CARTESIAN_POINT('',(-77.6,-1.5,2.230825792344));
#15411 = CIRCLE('',#15412,3.5);
#15412 = AXIS2_PLACEMENT_3D('',#15413,#15414,#15415);
#15413 = CARTESIAN_POINT('',(-76.35,-1.5,5.5));
#15414 = DIRECTION('',(-0.,1.,0.));
#15415 = DIRECTION('',(1.,0.,0.));
#15416 = ORIENTED_EDGE('',*,*,#15417,.F.);
#15417 = EDGE_CURVE('',#15385,#15409,#15418,.T.);
#15418 = CIRCLE('',#15419,3.5);
#15419 = AXIS2_PLACEMENT_3D('',#15420,#15421,#15422);
#15420 = CARTESIAN_POINT('',(-76.35,-1.5,5.5));
#15421 = DIRECTION('',(-0.,1.,0.));
#15422 = DIRECTION('',(1.,0.,0.));
#15423 = CYLINDRICAL_SURFACE('',#15424,3.5);
#15424 = AXIS2_PLACEMENT_3D('',#15425,#15426,#15427);
#15425 = CARTESIAN_POINT('',(-76.35,-4.,5.5));
#15426 = DIRECTION('',(0.,1.,0.));
#15427 = DIRECTION('',(1.,0.,0.));
#15428 = ADVANCED_FACE('',(#15429),#15439,.F.);
#15429 = FACE_BOUND('',#15430,.F.);
#15430 = EDGE_LOOP('',(#15431,#15432,#15437,#15438));
#15431 = ORIENTED_EDGE('',*,*,#15400,.F.);
#15432 = ORIENTED_EDGE('',*,*,#15433,.T.);
#15433 = EDGE_CURVE('',#15394,#15308,#15434,.T.);
#15434 = B_SPLINE_CURVE_WITH_KNOTS('',1,(#15435,#15436),.UNSPECIFIED.,
  .F.,.F.,(2,2),(-0.353553390593,0.353553390593),
  .PIECEWISE_BEZIER_KNOTS.);
#15435 = CARTESIAN_POINT('',(-72.85,-3.5,5.5));
#15436 = CARTESIAN_POINT('',(-72.35,-4.,5.5));
#15437 = ORIENTED_EDGE('',*,*,#15307,.F.);
#15438 = ORIENTED_EDGE('',*,*,#15433,.F.);
#15439 = CONICAL_SURFACE('',#15440,3.75,0.785398163397);
#15440 = AXIS2_PLACEMENT_3D('',#15441,#15442,#15443);
#15441 = CARTESIAN_POINT('',(-76.35,-3.75,5.5));
#15442 = DIRECTION('',(0.,-1.,0.));
#15443 = DIRECTION('',(1.,0.,0.));
#15444 = ADVANCED_FACE('',(#15445),#15472,.F.);
#15445 = FACE_BOUND('',#15446,.F.);
#15446 = EDGE_LOOP('',(#15447,#15458,#15464,#15465,#15466));
#15447 = ORIENTED_EDGE('',*,*,#15448,.F.);
#15448 = EDGE_CURVE('',#15449,#15451,#15453,.T.);
#15449 = VERTEX_POINT('',#15450);
#15450 = CARTESIAN_POINT('',(-77.6,-0.5,1.177095883552));
#15451 = VERTEX_POINT('',#15452);
#15452 = CARTESIAN_POINT('',(-75.1,-0.5,1.177095883552));
#15453 = CIRCLE('',#15454,4.5);
#15454 = AXIS2_PLACEMENT_3D('',#15455,#15456,#15457);
#15455 = CARTESIAN_POINT('',(-76.35,-0.5,5.5));
#15456 = DIRECTION('',(-0.,1.,0.));
#15457 = DIRECTION('',(1.,0.,0.));
#15458 = ORIENTED_EDGE('',*,*,#15459,.F.);
#15459 = EDGE_CURVE('',#15409,#15449,#15460,.T.);
#15460 = ( BOUNDED_CURVE() B_SPLINE_CURVE(2,(#15461,#15462,#15463),
.UNSPECIFIED.,.F.,.F.) B_SPLINE_CURVE_WITH_KNOTS((3,3),(0.,
0.145271197295),.PIECEWISE_BEZIER_KNOTS.) CURVE() 
GEOMETRIC_REPRESENTATION_ITEM() RATIONAL_B_SPLINE_CURVE((1.,
1.008789113399,1.)) REPRESENTATION_ITEM('') );
#15461 = CARTESIAN_POINT('',(-77.6,-1.5,2.230825792344));
#15462 = CARTESIAN_POINT('',(-77.6,-1.069396670042,1.769818957248));
#15463 = CARTESIAN_POINT('',(-77.6,-0.5,1.177095883552));
#15464 = ORIENTED_EDGE('',*,*,#15408,.T.);
#15465 = ORIENTED_EDGE('',*,*,#15382,.T.);
#15466 = ORIENTED_EDGE('',*,*,#15467,.F.);
#15467 = EDGE_CURVE('',#15451,#15385,#15468,.T.);
#15468 = ( BOUNDED_CURVE() B_SPLINE_CURVE(2,(#15469,#15470,#15471),
.UNSPECIFIED.,.F.,.F.) B_SPLINE_CURVE_WITH_KNOTS((3,3),(0.,
0.145271197295),.PIECEWISE_BEZIER_KNOTS.) CURVE() 
GEOMETRIC_REPRESENTATION_ITEM() RATIONAL_B_SPLINE_CURVE((1.,
1.008789113398,1.)) REPRESENTATION_ITEM('') );
#15469 = CARTESIAN_POINT('',(-75.1,-0.5,1.177095883552));
#15470 = CARTESIAN_POINT('',(-75.1,-1.069396670043,1.769818957248));
#15471 = CARTESIAN_POINT('',(-75.1,-1.5,2.230825792344));
#15472 = CONICAL_SURFACE('',#15473,4.,0.785398163397);
#15473 = AXIS2_PLACEMENT_3D('',#15474,#15475,#15476);
#15474 = CARTESIAN_POINT('',(-76.35,-1.,5.5));
#15475 = DIRECTION('',(0.,1.,0.));
#15476 = DIRECTION('',(1.84E-15,-0.,1.));
#15477 = ADVANCED_FACE('',(#15478),#15494,.F.);
#15478 = FACE_BOUND('',#15479,.F.);
#15479 = EDGE_LOOP('',(#15480,#15481,#15487,#15488));
#15480 = ORIENTED_EDGE('',*,*,#619,.T.);
#15481 = ORIENTED_EDGE('',*,*,#15482,.F.);
#15482 = EDGE_CURVE('',#15449,#612,#15483,.T.);
#15483 = LINE('',#15484,#15485);
#15484 = CARTESIAN_POINT('',(-77.6,11.,1.177095883552));
#15485 = VECTOR('',#15486,1.);
#15486 = DIRECTION('',(0.,1.,0.));
#15487 = ORIENTED_EDGE('',*,*,#15448,.T.);
#15488 = ORIENTED_EDGE('',*,*,#15489,.F.);
#15489 = EDGE_CURVE('',#620,#15451,#15490,.T.);
#15490 = LINE('',#15491,#15492);
#15491 = CARTESIAN_POINT('',(-75.1,11.,1.177095883552));
#15492 = VECTOR('',#15493,1.);
#15493 = DIRECTION('',(0.,-1.,0.));
#15494 = CYLINDRICAL_SURFACE('',#15495,4.5);
#15495 = AXIS2_PLACEMENT_3D('',#15496,#15497,#15498);
#15496 = CARTESIAN_POINT('',(-76.35,11.,5.5));
#15497 = DIRECTION('',(0.,-1.,0.));
#15498 = DIRECTION('',(-3.230251E-10,0.,1.));
#15499 = ADVANCED_FACE('',(#15500),#15519,.F.);
#15500 = FACE_BOUND('',#15501,.T.);
#15501 = EDGE_LOOP('',(#15502,#15503,#15504,#15505,#15513));
#15502 = ORIENTED_EDGE('',*,*,#611,.F.);
#15503 = ORIENTED_EDGE('',*,*,#15482,.F.);
#15504 = ORIENTED_EDGE('',*,*,#15459,.F.);
#15505 = ORIENTED_EDGE('',*,*,#15506,.T.);
#15506 = EDGE_CURVE('',#15409,#15507,#15509,.T.);
#15507 = VERTEX_POINT('',#15508);
#15508 = CARTESIAN_POINT('',(-77.6,-1.5,0.25));
#15509 = LINE('',#15510,#15511);
#15510 = CARTESIAN_POINT('',(-77.6,-1.5,5.75));
#15511 = VECTOR('',#15512,1.);
#15512 = DIRECTION('',(1.61E-15,0.,-1.));
#15513 = ORIENTED_EDGE('',*,*,#15514,.T.);
#15514 = EDGE_CURVE('',#15507,#601,#15515,.T.);
#15515 = LINE('',#15516,#15517);
#15516 = CARTESIAN_POINT('',(-77.6,-1.5,0.25));
#15517 = VECTOR('',#15518,1.);
#15518 = DIRECTION('',(0.,1.,0.));
#15519 = PLANE('',#15520);
#15520 = AXIS2_PLACEMENT_3D('',#15521,#15522,#15523);
#15521 = CARTESIAN_POINT('',(-77.6,-1.5,0.25));
#15522 = DIRECTION('',(-1.,0.,0.));
#15523 = DIRECTION('',(0.,0.,1.));
#15524 = ADVANCED_FACE('',(#15525),#15543,.F.);
#15525 = FACE_BOUND('',#15526,.T.);
#15526 = EDGE_LOOP('',(#15527,#15528,#15529,#15537));
#15527 = ORIENTED_EDGE('',*,*,#600,.F.);
#15528 = ORIENTED_EDGE('',*,*,#15514,.F.);
#15529 = ORIENTED_EDGE('',*,*,#15530,.T.);
#15530 = EDGE_CURVE('',#15507,#15531,#15533,.T.);
#15531 = VERTEX_POINT('',#15532);
#15532 = CARTESIAN_POINT('',(-75.1,-1.5,0.25));
#15533 = LINE('',#15534,#15535);
#15534 = CARTESIAN_POINT('',(-77.6,-1.5,0.25));
#15535 = VECTOR('',#15536,1.);
#15536 = DIRECTION('',(1.,0.,1.2E-16));
#15537 = ORIENTED_EDGE('',*,*,#15538,.T.);
#15538 = EDGE_CURVE('',#15531,#603,#15539,.T.);
#15539 = LINE('',#15540,#15541);
#15540 = CARTESIAN_POINT('',(-75.1,-1.5,0.25));
#15541 = VECTOR('',#15542,1.);
#15542 = DIRECTION('',(0.,1.,0.));
#15543 = PLANE('',#15544);
#15544 = AXIS2_PLACEMENT_3D('',#15545,#15546,#15547);
#15545 = CARTESIAN_POINT('',(-75.1,-1.5,0.25));
#15546 = DIRECTION('',(0.,0.,-1.));
#15547 = DIRECTION('',(-1.,0.,0.));
#15548 = ADVANCED_FACE('',(#15549),#15560,.T.);
#15549 = FACE_BOUND('',#15550,.T.);
#15550 = EDGE_LOOP('',(#15551,#15552,#15558,#15559));
#15551 = ORIENTED_EDGE('',*,*,#15417,.F.);
#15552 = ORIENTED_EDGE('',*,*,#15553,.F.);
#15553 = EDGE_CURVE('',#15531,#15385,#15554,.T.);
#15554 = LINE('',#15555,#15556);
#15555 = CARTESIAN_POINT('',(-75.1,-1.5,0.25));
#15556 = VECTOR('',#15557,1.);
#15557 = DIRECTION('',(0.,0.,1.));
#15558 = ORIENTED_EDGE('',*,*,#15530,.F.);
#15559 = ORIENTED_EDGE('',*,*,#15506,.F.);
#15560 = PLANE('',#15561);
#15561 = AXIS2_PLACEMENT_3D('',#15562,#15563,#15564);
#15562 = CARTESIAN_POINT('',(-76.35,-1.5,3.));
#15563 = DIRECTION('',(0.,1.,0.));
#15564 = DIRECTION('',(-1.,0.,0.));
#15565 = ADVANCED_FACE('',(#15566),#15573,.F.);
#15566 = FACE_BOUND('',#15567,.T.);
#15567 = EDGE_LOOP('',(#15568,#15569,#15570,#15571,#15572));
#15568 = ORIENTED_EDGE('',*,*,#642,.F.);
#15569 = ORIENTED_EDGE('',*,*,#15538,.F.);
#15570 = ORIENTED_EDGE('',*,*,#15553,.T.);
#15571 = ORIENTED_EDGE('',*,*,#15467,.F.);
#15572 = ORIENTED_EDGE('',*,*,#15489,.F.);
#15573 = PLANE('',#15574);
#15574 = AXIS2_PLACEMENT_3D('',#15575,#15576,#15577);
#15575 = CARTESIAN_POINT('',(-75.1,-1.5,5.75));
#15576 = DIRECTION('',(1.,0.,0.));
#15577 = DIRECTION('',(0.,0.,-1.));
#15578 = ( GEOMETRIC_REPRESENTATION_CONTEXT(3) 
GLOBAL_UNCERTAINTY_ASSIGNED_CONTEXT((#15582)) 
GLOBAL_UNIT_ASSIGNED_CONTEXT((#15579,#15580,#15581)) 
REPRESENTATION_CONTEXT('Context #1',
  '3D Context with UNIT and UNCERTAINTY') );
#15579 = ( LENGTH_UNIT() NAMED_UNIT(*) SI_UNIT(.MILLI.,.METRE.) );
#15580 = ( NAMED_UNIT(*) PLANE_ANGLE_UNIT() SI_UNIT($,.RADIAN.) );
#15581 = ( NAMED_UNIT(*) SI_UNIT($,.STERADIAN.) SOLID_ANGLE_UNIT() );
#15582 = UNCERTAINTY_MEASURE_WITH_UNIT(LENGTH_MEASURE(2.E-04),#15579,
  'distance_accuracy_value','confusion accuracy');
#15583 = CONTEXT_DEPENDENT_SHAPE_REPRESENTATION(#15584,#15586);
#15584 = ( REPRESENTATION_RELATIONSHIP('','',#44,#10) 
REPRESENTATION_RELATIONSHIP_WITH_TRANSFORMATION(#15585) 
SHAPE_REPRESENTATION_RELATIONSHIP() );
#15585 = ITEM_DEFINED_TRANSFORMATION('','',#11,#15);
#15586 = PRODUCT_DEFINITION_SHAPE('Placement','Placement of an item',
  #15587);
#15587 = NEXT_ASSEMBLY_USAGE_OCCURRENCE('1','macmini-mount-body001','',
  #5,#39,$);
#15588 = PRODUCT_RELATED_PRODUCT_CATEGORY('part',$,(#41));
#15589 = SHAPE_DEFINITION_REPRESENTATION(#15590,#15596);
#15590 = PRODUCT_DEFINITION_SHAPE('','',#15591);
#15591 = PRODUCT_DEFINITION('design','',#15592,#15595);
#15592 = PRODUCT_DEFINITION_FORMATION('','',#15593);
#15593 = PRODUCT('macmini-cable-clip','macmini-cable-clip','',(#15594));
#15594 = PRODUCT_CONTEXT('',#2,'mechanical');
#15595 = PRODUCT_DEFINITION_CONTEXT('part definition',#2,'design');
#15596 = ADVANCED_BREP_SHAPE_REPRESENTATION('',(#11,#15597),#16867);
#15597 = MANIFOLD_SOLID_BREP('',#15598);
#15598 = CLOSED_SHELL('',(#15599,#15647,#15721,#15776,#15815,#15839,
    #15861,#15878,#15890,#15921,#15952,#15983,#16014,#16045,#16077,
    #16101,#16133,#16157,#16268,#16292,#16317,#16341,#16375,#16406,
    #16428,#16450,#16467,#16489,#16506,#16518,#16535,#16552,#16569,
    #16586,#16603,#16620,#16632,#16719,#16736,#16758,#16775,#16787,
    #16804,#16821,#16838,#16855));
#15599 = ADVANCED_FACE('',(#15600),#15642,.T.);
#15600 = FACE_BOUND('',#15601,.T.);
#15601 = EDGE_LOOP('',(#15602,#15612,#15620,#15628,#15636));
#15602 = ORIENTED_EDGE('',*,*,#15603,.F.);
#15603 = EDGE_CURVE('',#15604,#15606,#15608,.T.);
#15604 = VERTEX_POINT('',#15605);
#15605 = CARTESIAN_POINT('',(-98.05,-3.8,-4.));
#15606 = VERTEX_POINT('',#15607);
#15607 = CARTESIAN_POINT('',(-98.05,-3.8,-5.000000000001E-02));
#15608 = LINE('',#15609,#15610);
#15609 = CARTESIAN_POINT('',(-98.05,-3.8,-4.25));
#15610 = VECTOR('',#15611,1.);
#15611 = DIRECTION('',(0.,0.,1.));
#15612 = ORIENTED_EDGE('',*,*,#15613,.F.);
#15613 = EDGE_CURVE('',#15614,#15604,#15616,.T.);
#15614 = VERTEX_POINT('',#15615);
#15615 = CARTESIAN_POINT('',(-98.05,0.,-4.));
#15616 = LINE('',#15617,#15618);
#15617 = CARTESIAN_POINT('',(-98.05,0.,-4.));
#15618 = VECTOR('',#15619,1.);
#15619 = DIRECTION('',(0.,-1.,0.));
#15620 = ORIENTED_EDGE('',*,*,#15621,.T.);
#15621 = EDGE_CURVE('',#15614,#15622,#15624,.T.);
#15622 = VERTEX_POINT('',#15623);
#15623 = CARTESIAN_POINT('',(-98.05,0.,-0.3));
#15624 = LINE('',#15625,#15626);
#15625 = CARTESIAN_POINT('',(-98.05,0.,-4.));
#15626 = VECTOR('',#15627,1.);
#15627 = DIRECTION('',(0.,0.,1.));
#15628 = ORIENTED_EDGE('',*,*,#15629,.T.);
#15629 = EDGE_CURVE('',#15622,#15630,#15632,.T.);
#15630 = VERTEX_POINT('',#15631);
#15631 = CARTESIAN_POINT('',(-98.05,0.25,-5.000000000001E-02));
#15632 = LINE('',#15633,#15634);
#15633 = CARTESIAN_POINT('',(-98.05,-0.8625,-1.1625));
#15634 = VECTOR('',#15635,1.);
#15635 = DIRECTION('',(0.,0.707106781187,0.707106781187));
#15636 = ORIENTED_EDGE('',*,*,#15637,.T.);
#15637 = EDGE_CURVE('',#15630,#15606,#15638,.T.);
#15638 = LINE('',#15639,#15640);
#15639 = CARTESIAN_POINT('',(-98.05,0.,-5.E-02));
#15640 = VECTOR('',#15641,1.);
#15641 = DIRECTION('',(0.,-1.,0.));
#15642 = PLANE('',#15643);
#15643 = AXIS2_PLACEMENT_3D('',#15644,#15645,#15646);
#15644 = CARTESIAN_POINT('',(-98.05,0.,-4.));
#15645 = DIRECTION('',(1.,0.,0.));
#15646 = DIRECTION('',(0.,0.,1.));
#15647 = ADVANCED_FACE('',(#15648),#15716,.F.);
#15648 = FACE_BOUND('',#15649,.T.);
#15649 = EDGE_LOOP('',(#15650,#15660,#15668,#15676,#15685,#15693,#15701,
    #15709));
#15650 = ORIENTED_EDGE('',*,*,#15651,.F.);
#15651 = EDGE_CURVE('',#15652,#15654,#15656,.T.);
#15652 = VERTEX_POINT('',#15653);
#15653 = CARTESIAN_POINT('',(-98.25,-4.,-5.000000000001E-02));
#15654 = VERTEX_POINT('',#15655);
#15655 = CARTESIAN_POINT('',(-98.25,-4.,-4.));
#15656 = LINE('',#15657,#15658);
#15657 = CARTESIAN_POINT('',(-98.25,-4.,-4.25));
#15658 = VECTOR('',#15659,1.);
#15659 = DIRECTION('',(0.,0.,-1.));
#15660 = ORIENTED_EDGE('',*,*,#15661,.T.);
#15661 = EDGE_CURVE('',#15652,#15662,#15664,.T.);
#15662 = VERTEX_POINT('',#15663);
#15663 = CARTESIAN_POINT('',(-100.9999999999,-4.,-5.000000000001E-02));
#15664 = LINE('',#15665,#15666);
#15665 = CARTESIAN_POINT('',(-98.05,-4.,-5.E-02));
#15666 = VECTOR('',#15667,1.);
#15667 = DIRECTION('',(-1.,0.,-7.E-17));
#15668 = ORIENTED_EDGE('',*,*,#15669,.T.);
#15669 = EDGE_CURVE('',#15662,#15670,#15672,.T.);
#15670 = VERTEX_POINT('',#15671);
#15671 = CARTESIAN_POINT('',(-100.9999999999,-4.,-1.05));
#15672 = LINE('',#15673,#15674);
#15673 = CARTESIAN_POINT('',(-100.9999999999,-4.,-2.775));
#15674 = VECTOR('',#15675,1.);
#15675 = DIRECTION('',(0.,0.,-1.));
#15676 = ORIENTED_EDGE('',*,*,#15677,.T.);
#15677 = EDGE_CURVE('',#15670,#15678,#15680,.T.);
#15678 = VERTEX_POINT('',#15679);
#15679 = CARTESIAN_POINT('',(-105.,-4.,-1.05));
#15680 = CIRCLE('',#15681,2.000000000013);
#15681 = AXIS2_PLACEMENT_3D('',#15682,#15683,#15684);
#15682 = CARTESIAN_POINT('',(-103.,-4.,-1.05));
#15683 = DIRECTION('',(0.,1.,0.));
#15684 = DIRECTION('',(1.,-0.,6.9E-16));
#15685 = ORIENTED_EDGE('',*,*,#15686,.T.);
#15686 = EDGE_CURVE('',#15678,#15687,#15689,.T.);
#15687 = VERTEX_POINT('',#15688);
#15688 = CARTESIAN_POINT('',(-105.,-4.,-5.000000000001E-02));
#15689 = LINE('',#15690,#15691);
#15690 = CARTESIAN_POINT('',(-105.,-4.,-1.775));
#15691 = VECTOR('',#15692,1.);
#15692 = DIRECTION('',(0.,0.,1.));
#15693 = ORIENTED_EDGE('',*,*,#15694,.T.);
#15694 = EDGE_CURVE('',#15687,#15695,#15697,.T.);
#15695 = VERTEX_POINT('',#15696);
#15696 = CARTESIAN_POINT('',(-107.75,-4.,-5.000000000001E-02));
#15697 = LINE('',#15698,#15699);
#15698 = CARTESIAN_POINT('',(-98.05,-4.,-5.E-02));
#15699 = VECTOR('',#15700,1.);
#15700 = DIRECTION('',(-1.,0.,-7.E-17));
#15701 = ORIENTED_EDGE('',*,*,#15702,.F.);
#15702 = EDGE_CURVE('',#15703,#15695,#15705,.T.);
#15703 = VERTEX_POINT('',#15704);
#15704 = CARTESIAN_POINT('',(-107.75,-4.,-4.));
#15705 = LINE('',#15706,#15707);
#15706 = CARTESIAN_POINT('',(-107.75,-4.,-2.275));
#15707 = VECTOR('',#15708,1.);
#15708 = DIRECTION('',(0.,0.,1.));
#15709 = ORIENTED_EDGE('',*,*,#15710,.F.);
#15710 = EDGE_CURVE('',#15654,#15703,#15711,.T.);
#15711 = CIRCLE('',#15712,4.75);
#15712 = AXIS2_PLACEMENT_3D('',#15713,#15714,#15715);
#15713 = CARTESIAN_POINT('',(-103.,-4.,-4.));
#15714 = DIRECTION('',(-0.,1.,0.));
#15715 = DIRECTION('',(1.,0.,0.));
#15716 = PLANE('',#15717);
#15717 = AXIS2_PLACEMENT_3D('',#15718,#15719,#15720);
#15718 = CARTESIAN_POINT('',(-103.,-4.,-4.5));
#15719 = DIRECTION('',(0.,1.,0.));
#15720 = DIRECTION('',(-1.,0.,0.));
#15721 = ADVANCED_FACE('',(#15722),#15771,.T.);
#15722 = FACE_BOUND('',#15723,.T.);
#15723 = EDGE_LOOP('',(#15724,#15734,#15740,#15741,#15749,#15757,#15765)
  );
#15724 = ORIENTED_EDGE('',*,*,#15725,.T.);
#15725 = EDGE_CURVE('',#15726,#15728,#15730,.T.);
#15726 = VERTEX_POINT('',#15727);
#15727 = CARTESIAN_POINT('',(-107.95,0.25,-5.000000000001E-02));
#15728 = VERTEX_POINT('',#15729);
#15729 = CARTESIAN_POINT('',(-107.95,-3.8,-5.000000000001E-02));
#15730 = LINE('',#15731,#15732);
#15731 = CARTESIAN_POINT('',(-107.95,0.,-5.E-02));
#15732 = VECTOR('',#15733,1.);
#15733 = DIRECTION('',(0.,-1.,0.));
#15734 = ORIENTED_EDGE('',*,*,#15735,.F.);
#15735 = EDGE_CURVE('',#15695,#15728,#15736,.T.);
#15736 = LINE('',#15737,#15738);
#15737 = CARTESIAN_POINT('',(-106.375,-5.375,-5.E-02));
#15738 = VECTOR('',#15739,1.);
#15739 = DIRECTION('',(-0.707106781187,0.707106781187,-5.E-17));
#15740 = ORIENTED_EDGE('',*,*,#15694,.F.);
#15741 = ORIENTED_EDGE('',*,*,#15742,.T.);
#15742 = EDGE_CURVE('',#15687,#15743,#15745,.T.);
#15743 = VERTEX_POINT('',#15744);
#15744 = CARTESIAN_POINT('',(-105.,1.75,-5.000000000001E-02));
#15745 = LINE('',#15746,#15747);
#15746 = CARTESIAN_POINT('',(-105.,0.,-5.E-02));
#15747 = VECTOR('',#15748,1.);
#15748 = DIRECTION('',(0.,1.,0.));
#15749 = ORIENTED_EDGE('',*,*,#15750,.F.);
#15750 = EDGE_CURVE('',#15751,#15743,#15753,.T.);
#15751 = VERTEX_POINT('',#15752);
#15752 = CARTESIAN_POINT('',(-109.,1.75,-5.000000000001E-02));
#15753 = LINE('',#15754,#15755);
#15754 = CARTESIAN_POINT('',(-100.525,1.75,-5.E-02));
#15755 = VECTOR('',#15756,1.);
#15756 = DIRECTION('',(1.,0.,7.E-17));
#15757 = ORIENTED_EDGE('',*,*,#15758,.F.);
#15758 = EDGE_CURVE('',#15759,#15751,#15761,.T.);
#15759 = VERTEX_POINT('',#15760);
#15760 = CARTESIAN_POINT('',(-109.,0.25,-5.000000000001E-02));
#15761 = LINE('',#15762,#15763);
#15762 = CARTESIAN_POINT('',(-109.,0.,-5.E-02));
#15763 = VECTOR('',#15764,1.);
#15764 = DIRECTION('',(0.,1.,0.));
#15765 = ORIENTED_EDGE('',*,*,#15766,.F.);
#15766 = EDGE_CURVE('',#15726,#15759,#15767,.T.);
#15767 = LINE('',#15768,#15769);
#15768 = CARTESIAN_POINT('',(-100.525,0.25,-5.E-02));
#15769 = VECTOR('',#15770,1.);
#15770 = DIRECTION('',(-1.,0.,-7.E-17));
#15771 = PLANE('',#15772);
#15772 = AXIS2_PLACEMENT_3D('',#15773,#15774,#15775);
#15773 = CARTESIAN_POINT('',(-98.05,0.,-5.E-02));
#15774 = DIRECTION('',(-7.E-17,0.,1.));
#15775 = DIRECTION('',(-1.,0.,-7.E-17));
#15776 = ADVANCED_FACE('',(#15777),#15810,.T.);
#15777 = FACE_BOUND('',#15778,.T.);
#15778 = EDGE_LOOP('',(#15779,#15787,#15788,#15796,#15804));
#15779 = ORIENTED_EDGE('',*,*,#15780,.F.);
#15780 = EDGE_CURVE('',#15728,#15781,#15783,.T.);
#15781 = VERTEX_POINT('',#15782);
#15782 = CARTESIAN_POINT('',(-107.95,-3.8,-4.));
#15783 = LINE('',#15784,#15785);
#15784 = CARTESIAN_POINT('',(-107.95,-3.8,-2.275));
#15785 = VECTOR('',#15786,1.);
#15786 = DIRECTION('',(0.,0.,-1.));
#15787 = ORIENTED_EDGE('',*,*,#15725,.F.);
#15788 = ORIENTED_EDGE('',*,*,#15789,.T.);
#15789 = EDGE_CURVE('',#15726,#15790,#15792,.T.);
#15790 = VERTEX_POINT('',#15791);
#15791 = CARTESIAN_POINT('',(-107.95,0.,-0.3));
#15792 = LINE('',#15793,#15794);
#15793 = CARTESIAN_POINT('',(-107.95,0.125,-0.175));
#15794 = VECTOR('',#15795,1.);
#15795 = DIRECTION('',(0.,-0.707106781187,-0.707106781187));
#15796 = ORIENTED_EDGE('',*,*,#15797,.T.);
#15797 = EDGE_CURVE('',#15790,#15798,#15800,.T.);
#15798 = VERTEX_POINT('',#15799);
#15799 = CARTESIAN_POINT('',(-107.95,0.,-4.));
#15800 = LINE('',#15801,#15802);
#15801 = CARTESIAN_POINT('',(-107.95,0.,4.));
#15802 = VECTOR('',#15803,1.);
#15803 = DIRECTION('',(0.,0.,-1.));
#15804 = ORIENTED_EDGE('',*,*,#15805,.T.);
#15805 = EDGE_CURVE('',#15798,#15781,#15806,.T.);
#15806 = LINE('',#15807,#15808);
#15807 = CARTESIAN_POINT('',(-107.95,0.,-4.));
#15808 = VECTOR('',#15809,1.);
#15809 = DIRECTION('',(0.,-1.,0.));
#15810 = PLANE('',#15811);
#15811 = AXIS2_PLACEMENT_3D('',#15812,#15813,#15814);
#15812 = CARTESIAN_POINT('',(-107.95,0.,-5.E-02));
#15813 = DIRECTION('',(-1.,0.,0.));
#15814 = DIRECTION('',(0.,0.,-1.));
#15815 = ADVANCED_FACE('',(#15816),#15834,.T.);
#15816 = FACE_BOUND('',#15817,.T.);
#15817 = EDGE_LOOP('',(#15818,#15825,#15826,#15833));
#15818 = ORIENTED_EDGE('',*,*,#15819,.F.);
#15819 = EDGE_CURVE('',#15781,#15604,#15820,.T.);
#15820 = CIRCLE('',#15821,4.95);
#15821 = AXIS2_PLACEMENT_3D('',#15822,#15823,#15824);
#15822 = CARTESIAN_POINT('',(-103.,-3.8,-4.));
#15823 = DIRECTION('',(0.,-1.,0.));
#15824 = DIRECTION('',(1.,0.,0.));
#15825 = ORIENTED_EDGE('',*,*,#15805,.F.);
#15826 = ORIENTED_EDGE('',*,*,#15827,.F.);
#15827 = EDGE_CURVE('',#15614,#15798,#15828,.T.);
#15828 = CIRCLE('',#15829,4.95);
#15829 = AXIS2_PLACEMENT_3D('',#15830,#15831,#15832);
#15830 = CARTESIAN_POINT('',(-103.,0.,-4.));
#15831 = DIRECTION('',(-0.,1.,0.));
#15832 = DIRECTION('',(1.,0.,0.));
#15833 = ORIENTED_EDGE('',*,*,#15613,.T.);
#15834 = CYLINDRICAL_SURFACE('',#15835,4.95);
#15835 = AXIS2_PLACEMENT_3D('',#15836,#15837,#15838);
#15836 = CARTESIAN_POINT('',(-103.,0.,-4.));
#15837 = DIRECTION('',(0.,-1.,0.));
#15838 = DIRECTION('',(1.,0.,0.));
#15839 = ADVANCED_FACE('',(#15840),#15856,.T.);
#15840 = FACE_BOUND('',#15841,.T.);
#15841 = EDGE_LOOP('',(#15842,#15848,#15849,#15855));
#15842 = ORIENTED_EDGE('',*,*,#15843,.T.);
#15843 = EDGE_CURVE('',#15606,#15652,#15844,.T.);
#15844 = LINE('',#15845,#15846);
#15845 = CARTESIAN_POINT('',(-97.15,-2.9,-5.E-02));
#15846 = VECTOR('',#15847,1.);
#15847 = DIRECTION('',(-0.707106781187,-0.707106781187,-5.E-17));
#15848 = ORIENTED_EDGE('',*,*,#15651,.T.);
#15849 = ORIENTED_EDGE('',*,*,#15850,.F.);
#15850 = EDGE_CURVE('',#15604,#15654,#15851,.T.);
#15851 = LINE('',#15852,#15853);
#15852 = CARTESIAN_POINT('',(-98.05,-3.8,-4.));
#15853 = VECTOR('',#15854,1.);
#15854 = DIRECTION('',(-0.707106781187,-0.707106781187,-3.93E-15));
#15855 = ORIENTED_EDGE('',*,*,#15603,.T.);
#15856 = PLANE('',#15857);
#15857 = AXIS2_PLACEMENT_3D('',#15858,#15859,#15860);
#15858 = CARTESIAN_POINT('',(-98.15,-3.9,-4.25));
#15859 = DIRECTION('',(0.707106781187,-0.707106781187,0.));
#15860 = DIRECTION('',(0.,0.,-1.));
#15861 = ADVANCED_FACE('',(#15862),#15873,.T.);
#15862 = FACE_BOUND('',#15863,.T.);
#15863 = EDGE_LOOP('',(#15864,#15865,#15866,#15872));
#15864 = ORIENTED_EDGE('',*,*,#15850,.T.);
#15865 = ORIENTED_EDGE('',*,*,#15710,.T.);
#15866 = ORIENTED_EDGE('',*,*,#15867,.F.);
#15867 = EDGE_CURVE('',#15781,#15703,#15868,.T.);
#15868 = LINE('',#15869,#15870);
#15869 = CARTESIAN_POINT('',(-107.95,-3.8,-4.));
#15870 = VECTOR('',#15871,1.);
#15871 = DIRECTION('',(0.707106781187,-0.707106781187,0.));
#15872 = ORIENTED_EDGE('',*,*,#15819,.T.);
#15873 = CONICAL_SURFACE('',#15874,4.85,0.785398163397);
#15874 = AXIS2_PLACEMENT_3D('',#15875,#15876,#15877);
#15875 = CARTESIAN_POINT('',(-103.,-3.9,-4.));
#15876 = DIRECTION('',(0.,1.,0.));
#15877 = DIRECTION('',(1.,0.,0.));
#15878 = ADVANCED_FACE('',(#15879),#15885,.T.);
#15879 = FACE_BOUND('',#15880,.T.);
#15880 = EDGE_LOOP('',(#15881,#15882,#15883,#15884));
#15881 = ORIENTED_EDGE('',*,*,#15735,.T.);
#15882 = ORIENTED_EDGE('',*,*,#15780,.T.);
#15883 = ORIENTED_EDGE('',*,*,#15867,.T.);
#15884 = ORIENTED_EDGE('',*,*,#15702,.T.);
#15885 = PLANE('',#15886);
#15886 = AXIS2_PLACEMENT_3D('',#15887,#15888,#15889);
#15887 = CARTESIAN_POINT('',(-107.85,-3.9,-2.275));
#15888 = DIRECTION('',(-0.707106781187,-0.707106781187,0.));
#15889 = DIRECTION('',(0.,0.,1.));
#15890 = ADVANCED_FACE('',(#15891),#15916,.T.);
#15891 = FACE_BOUND('',#15892,.T.);
#15892 = EDGE_LOOP('',(#15893,#15901,#15902,#15910));
#15893 = ORIENTED_EDGE('',*,*,#15894,.F.);
#15894 = EDGE_CURVE('',#15759,#15895,#15897,.T.);
#15895 = VERTEX_POINT('',#15896);
#15896 = CARTESIAN_POINT('',(-110.,0.25,-1.05));
#15897 = LINE('',#15898,#15899);
#15898 = CARTESIAN_POINT('',(-109.25,0.25,-0.3));
#15899 = VECTOR('',#15900,1.);
#15900 = DIRECTION('',(-0.707106781187,0.,-0.707106781187));
#15901 = ORIENTED_EDGE('',*,*,#15758,.T.);
#15902 = ORIENTED_EDGE('',*,*,#15903,.F.);
#15903 = EDGE_CURVE('',#15904,#15751,#15906,.T.);
#15904 = VERTEX_POINT('',#15905);
#15905 = CARTESIAN_POINT('',(-110.,1.75,-1.05));
#15906 = LINE('',#15907,#15908);
#15907 = CARTESIAN_POINT('',(-109.25,1.75,-0.3));
#15908 = VECTOR('',#15909,1.);
#15909 = DIRECTION('',(0.707106781187,0.,0.707106781187));
#15910 = ORIENTED_EDGE('',*,*,#15911,.T.);
#15911 = EDGE_CURVE('',#15904,#15895,#15912,.T.);
#15912 = LINE('',#15913,#15914);
#15913 = CARTESIAN_POINT('',(-110.,0.,-1.05));
#15914 = VECTOR('',#15915,1.);
#15915 = DIRECTION('',(0.,-1.,0.));
#15916 = PLANE('',#15917);
#15917 = AXIS2_PLACEMENT_3D('',#15918,#15919,#15920);
#15918 = CARTESIAN_POINT('',(-109.5,0.,-0.55));
#15919 = DIRECTION('',(-0.707106781187,0.,0.707106781187));
#15920 = DIRECTION('',(0.707106781187,0.,0.707106781187));
#15921 = ADVANCED_FACE('',(#15922),#15947,.T.);
#15922 = FACE_BOUND('',#15923,.T.);
#15923 = EDGE_LOOP('',(#15924,#15932,#15933,#15941));
#15924 = ORIENTED_EDGE('',*,*,#15925,.F.);
#15925 = EDGE_CURVE('',#15895,#15926,#15928,.T.);
#15926 = VERTEX_POINT('',#15927);
#15927 = CARTESIAN_POINT('',(-110.,0.25,-11.05));
#15928 = LINE('',#15929,#15930);
#15929 = CARTESIAN_POINT('',(-110.,0.25,-9.05));
#15930 = VECTOR('',#15931,1.);
#15931 = DIRECTION('',(0.,0.,-1.));
#15932 = ORIENTED_EDGE('',*,*,#15911,.F.);
#15933 = ORIENTED_EDGE('',*,*,#15934,.F.);
#15934 = EDGE_CURVE('',#15935,#15904,#15937,.T.);
#15935 = VERTEX_POINT('',#15936);
#15936 = CARTESIAN_POINT('',(-110.,1.75,-11.05));
#15937 = LINE('',#15938,#15939);
#15938 = CARTESIAN_POINT('',(-110.,1.75,-9.05));
#15939 = VECTOR('',#15940,1.);
#15940 = DIRECTION('',(0.,0.,1.));
#15941 = ORIENTED_EDGE('',*,*,#15942,.F.);
#15942 = EDGE_CURVE('',#15926,#15935,#15943,.T.);
#15943 = LINE('',#15944,#15945);
#15944 = CARTESIAN_POINT('',(-110.,0.,-11.05));
#15945 = VECTOR('',#15946,1.);
#15946 = DIRECTION('',(0.,1.,0.));
#15947 = PLANE('',#15948);
#15948 = AXIS2_PLACEMENT_3D('',#15949,#15950,#15951);
#15949 = CARTESIAN_POINT('',(-110.,0.,-12.05));
#15950 = DIRECTION('',(-1.,0.,0.));
#15951 = DIRECTION('',(0.,0.,1.));
#15952 = ADVANCED_FACE('',(#15953),#15978,.T.);
#15953 = FACE_BOUND('',#15954,.T.);
#15954 = EDGE_LOOP('',(#15955,#15963,#15964,#15972));
#15955 = ORIENTED_EDGE('',*,*,#15956,.F.);
#15956 = EDGE_CURVE('',#15926,#15957,#15959,.T.);
#15957 = VERTEX_POINT('',#15958);
#15958 = CARTESIAN_POINT('',(-109.,0.25,-12.05));
#15959 = LINE('',#15960,#15961);
#15960 = CARTESIAN_POINT('',(-109.25,0.25,-11.8));
#15961 = VECTOR('',#15962,1.);
#15962 = DIRECTION('',(0.707106781187,0.,-0.707106781187));
#15963 = ORIENTED_EDGE('',*,*,#15942,.T.);
#15964 = ORIENTED_EDGE('',*,*,#15965,.F.);
#15965 = EDGE_CURVE('',#15966,#15935,#15968,.T.);
#15966 = VERTEX_POINT('',#15967);
#15967 = CARTESIAN_POINT('',(-109.,1.75,-12.05));
#15968 = LINE('',#15969,#15970);
#15969 = CARTESIAN_POINT('',(-109.25,1.75,-11.8));
#15970 = VECTOR('',#15971,1.);
#15971 = DIRECTION('',(-0.707106781187,0.,0.707106781187));
#15972 = ORIENTED_EDGE('',*,*,#15973,.T.);
#15973 = EDGE_CURVE('',#15966,#15957,#15974,.T.);
#15974 = LINE('',#15975,#15976);
#15975 = CARTESIAN_POINT('',(-109.,0.,-12.05));
#15976 = VECTOR('',#15977,1.);
#15977 = DIRECTION('',(0.,-1.,0.));
#15978 = PLANE('',#15979);
#15979 = AXIS2_PLACEMENT_3D('',#15980,#15981,#15982);
#15980 = CARTESIAN_POINT('',(-109.5,0.,-11.55));
#15981 = DIRECTION('',(-0.707106781187,0.,-0.707106781187));
#15982 = DIRECTION('',(-0.707106781187,0.,0.707106781187));
#15983 = ADVANCED_FACE('',(#15984),#16009,.T.);
#15984 = FACE_BOUND('',#15985,.T.);
#15985 = EDGE_LOOP('',(#15986,#15994,#15995,#16003));
#15986 = ORIENTED_EDGE('',*,*,#15987,.F.);
#15987 = EDGE_CURVE('',#15957,#15988,#15990,.T.);
#15988 = VERTEX_POINT('',#15989);
#15989 = CARTESIAN_POINT('',(-97.,0.25,-12.05));
#15990 = LINE('',#15991,#15992);
#15991 = CARTESIAN_POINT('',(-99.5,0.25,-12.05));
#15992 = VECTOR('',#15993,1.);
#15993 = DIRECTION('',(1.,0.,-1.11E-15));
#15994 = ORIENTED_EDGE('',*,*,#15973,.F.);
#15995 = ORIENTED_EDGE('',*,*,#15996,.F.);
#15996 = EDGE_CURVE('',#15997,#15966,#15999,.T.);
#15997 = VERTEX_POINT('',#15998);
#15998 = CARTESIAN_POINT('',(-97.,1.75,-12.05));
#15999 = LINE('',#16000,#16001);
#16000 = CARTESIAN_POINT('',(-99.5,1.75,-12.05));
#16001 = VECTOR('',#16002,1.);
#16002 = DIRECTION('',(-1.,0.,1.11E-15));
#16003 = ORIENTED_EDGE('',*,*,#16004,.F.);
#16004 = EDGE_CURVE('',#15988,#15997,#16005,.T.);
#16005 = LINE('',#16006,#16007);
#16006 = CARTESIAN_POINT('',(-97.,0.,-12.05));
#16007 = VECTOR('',#16008,1.);
#16008 = DIRECTION('',(0.,1.,0.));
#16009 = PLANE('',#16010);
#16010 = AXIS2_PLACEMENT_3D('',#16011,#16012,#16013);
#16011 = CARTESIAN_POINT('',(-96.,0.,-12.05));
#16012 = DIRECTION('',(0.,0.,-1.));
#16013 = DIRECTION('',(-1.,0.,0.));
#16014 = ADVANCED_FACE('',(#16015),#16040,.T.);
#16015 = FACE_BOUND('',#16016,.T.);
#16016 = EDGE_LOOP('',(#16017,#16025,#16026,#16034));
#16017 = ORIENTED_EDGE('',*,*,#16018,.F.);
#16018 = EDGE_CURVE('',#15988,#16019,#16021,.T.);
#16019 = VERTEX_POINT('',#16020);
#16020 = CARTESIAN_POINT('',(-96.,0.25,-11.05));
#16021 = LINE('',#16022,#16023);
#16022 = CARTESIAN_POINT('',(-96.75,0.25,-11.8));
#16023 = VECTOR('',#16024,1.);
#16024 = DIRECTION('',(0.707106781187,0.,0.707106781187));
#16025 = ORIENTED_EDGE('',*,*,#16004,.T.);
#16026 = ORIENTED_EDGE('',*,*,#16027,.F.);
#16027 = EDGE_CURVE('',#16028,#15997,#16030,.T.);
#16028 = VERTEX_POINT('',#16029);
#16029 = CARTESIAN_POINT('',(-96.,1.75,-11.05));
#16030 = LINE('',#16031,#16032);
#16031 = CARTESIAN_POINT('',(-96.75,1.75,-11.8));
#16032 = VECTOR('',#16033,1.);
#16033 = DIRECTION('',(-0.707106781187,0.,-0.707106781187));
#16034 = ORIENTED_EDGE('',*,*,#16035,.T.);
#16035 = EDGE_CURVE('',#16028,#16019,#16036,.T.);
#16036 = LINE('',#16037,#16038);
#16037 = CARTESIAN_POINT('',(-96.,0.,-11.05));
#16038 = VECTOR('',#16039,1.);
#16039 = DIRECTION('',(0.,-1.,0.));
#16040 = PLANE('',#16041);
#16041 = AXIS2_PLACEMENT_3D('',#16042,#16043,#16044);
#16042 = CARTESIAN_POINT('',(-96.5,0.,-11.55));
#16043 = DIRECTION('',(0.707106781187,0.,-0.707106781187));
#16044 = DIRECTION('',(-0.707106781187,0.,-0.707106781187));
#16045 = ADVANCED_FACE('',(#16046),#16072,.F.);
#16046 = FACE_BOUND('',#16047,.F.);
#16047 = EDGE_LOOP('',(#16048,#16057,#16064,#16071));
#16048 = ORIENTED_EDGE('',*,*,#16049,.T.);
#16049 = EDGE_CURVE('',#16050,#16050,#16052,.T.);
#16050 = VERTEX_POINT('',#16051);
#16051 = CARTESIAN_POINT('',(-99.46776695296,0.,-9.782233047034));
#16052 = CIRCLE('',#16053,1.2);
#16053 = AXIS2_PLACEMENT_3D('',#16054,#16055,#16056);
#16054 = CARTESIAN_POINT('',(-98.26776695296,0.,-9.782233047034));
#16055 = DIRECTION('',(0.,1.,0.));
#16056 = DIRECTION('',(-1.,0.,0.));
#16057 = ORIENTED_EDGE('',*,*,#16058,.F.);
#16058 = EDGE_CURVE('',#16059,#16050,#16061,.T.);
#16059 = VERTEX_POINT('',#16060);
#16060 = CARTESIAN_POINT('',(-99.46776695296,1.75,-9.782233047034));
#16061 = B_SPLINE_CURVE_WITH_KNOTS('',1,(#16062,#16063),.UNSPECIFIED.,
  .F.,.F.,(2,2),(0.25,2.),.PIECEWISE_BEZIER_KNOTS.);
#16062 = CARTESIAN_POINT('',(-99.46776695296,1.75,-9.782233047034));
#16063 = CARTESIAN_POINT('',(-99.46776695296,0.,-9.782233047034));
#16064 = ORIENTED_EDGE('',*,*,#16065,.T.);
#16065 = EDGE_CURVE('',#16059,#16059,#16066,.T.);
#16066 = CIRCLE('',#16067,1.2);
#16067 = AXIS2_PLACEMENT_3D('',#16068,#16069,#16070);
#16068 = CARTESIAN_POINT('',(-98.26776695296,1.75,-9.782233047034));
#16069 = DIRECTION('',(0.,-1.,0.));
#16070 = DIRECTION('',(-1.,0.,0.));
#16071 = ORIENTED_EDGE('',*,*,#16058,.T.);
#16072 = CYLINDRICAL_SURFACE('',#16073,1.2);
#16073 = AXIS2_PLACEMENT_3D('',#16074,#16075,#16076);
#16074 = CARTESIAN_POINT('',(-98.26776695296,2.,-9.782233047034));
#16075 = DIRECTION('',(0.,-1.,0.));
#16076 = DIRECTION('',(-1.,0.,0.));
#16077 = ADVANCED_FACE('',(#16078),#16096,.F.);
#16078 = FACE_BOUND('',#16079,.F.);
#16079 = EDGE_LOOP('',(#16080,#16081,#16088,#16095));
#16080 = ORIENTED_EDGE('',*,*,#16065,.F.);
#16081 = ORIENTED_EDGE('',*,*,#16082,.T.);
#16082 = EDGE_CURVE('',#16059,#16083,#16085,.T.);
#16083 = VERTEX_POINT('',#16084);
#16084 = CARTESIAN_POINT('',(-99.71776695296,2.,-9.782233047034));
#16085 = B_SPLINE_CURVE_WITH_KNOTS('',1,(#16086,#16087),.UNSPECIFIED.,
  .F.,.F.,(2,2),(-0.176776695297,0.176776695297),
  .PIECEWISE_BEZIER_KNOTS.);
#16086 = CARTESIAN_POINT('',(-99.46776695296,1.75,-9.782233047034));
#16087 = CARTESIAN_POINT('',(-99.71776695296,2.,-9.782233047034));
#16088 = ORIENTED_EDGE('',*,*,#16089,.F.);
#16089 = EDGE_CURVE('',#16083,#16083,#16090,.T.);
#16090 = CIRCLE('',#16091,1.45);
#16091 = AXIS2_PLACEMENT_3D('',#16092,#16093,#16094);
#16092 = CARTESIAN_POINT('',(-98.26776695296,2.,-9.782233047034));
#16093 = DIRECTION('',(0.,1.,0.));
#16094 = DIRECTION('',(-1.,0.,0.));
#16095 = ORIENTED_EDGE('',*,*,#16082,.F.);
#16096 = CONICAL_SURFACE('',#16097,1.325,0.785398163397);
#16097 = AXIS2_PLACEMENT_3D('',#16098,#16099,#16100);
#16098 = CARTESIAN_POINT('',(-98.26776695296,1.875,-9.782233047034));
#16099 = DIRECTION('',(0.,1.,0.));
#16100 = DIRECTION('',(-1.,0.,0.));
#16101 = ADVANCED_FACE('',(#16102),#16128,.F.);
#16102 = FACE_BOUND('',#16103,.F.);
#16103 = EDGE_LOOP('',(#16104,#16113,#16120,#16127));
#16104 = ORIENTED_EDGE('',*,*,#16105,.T.);
#16105 = EDGE_CURVE('',#16106,#16106,#16108,.T.);
#16106 = VERTEX_POINT('',#16107);
#16107 = CARTESIAN_POINT('',(-108.932233047,0.,-9.782233047034));
#16108 = CIRCLE('',#16109,1.2);
#16109 = AXIS2_PLACEMENT_3D('',#16110,#16111,#16112);
#16110 = CARTESIAN_POINT('',(-107.732233047,0.,-9.782233047034));
#16111 = DIRECTION('',(0.,1.,0.));
#16112 = DIRECTION('',(-1.,0.,0.));
#16113 = ORIENTED_EDGE('',*,*,#16114,.F.);
#16114 = EDGE_CURVE('',#16115,#16106,#16117,.T.);
#16115 = VERTEX_POINT('',#16116);
#16116 = CARTESIAN_POINT('',(-108.932233047,1.75,-9.782233047034));
#16117 = B_SPLINE_CURVE_WITH_KNOTS('',1,(#16118,#16119),.UNSPECIFIED.,
  .F.,.F.,(2,2),(0.25,2.),.PIECEWISE_BEZIER_KNOTS.);
#16118 = CARTESIAN_POINT('',(-108.932233047,1.75,-9.782233047034));
#16119 = CARTESIAN_POINT('',(-108.932233047,0.,-9.782233047034));
#16120 = ORIENTED_EDGE('',*,*,#16121,.T.);
#16121 = EDGE_CURVE('',#16115,#16115,#16122,.T.);
#16122 = CIRCLE('',#16123,1.2);
#16123 = AXIS2_PLACEMENT_3D('',#16124,#16125,#16126);
#16124 = CARTESIAN_POINT('',(-107.732233047,1.75,-9.782233047034));
#16125 = DIRECTION('',(0.,-1.,0.));
#16126 = DIRECTION('',(-1.,0.,0.));
#16127 = ORIENTED_EDGE('',*,*,#16114,.T.);
#16128 = CYLINDRICAL_SURFACE('',#16129,1.2);
#16129 = AXIS2_PLACEMENT_3D('',#16130,#16131,#16132);
#16130 = CARTESIAN_POINT('',(-107.732233047,2.,-9.782233047034));
#16131 = DIRECTION('',(0.,-1.,0.));
#16132 = DIRECTION('',(-1.,0.,0.));
#16133 = ADVANCED_FACE('',(#16134),#16152,.F.);
#16134 = FACE_BOUND('',#16135,.F.);
#16135 = EDGE_LOOP('',(#16136,#16137,#16144,#16151));
#16136 = ORIENTED_EDGE('',*,*,#16121,.F.);
#16137 = ORIENTED_EDGE('',*,*,#16138,.T.);
#16138 = EDGE_CURVE('',#16115,#16139,#16141,.T.);
#16139 = VERTEX_POINT('',#16140);
#16140 = CARTESIAN_POINT('',(-109.182233047,2.,-9.782233047034));
#16141 = B_SPLINE_CURVE_WITH_KNOTS('',1,(#16142,#16143),.UNSPECIFIED.,
  .F.,.F.,(2,2),(-0.176776695297,0.176776695297),
  .PIECEWISE_BEZIER_KNOTS.);
#16142 = CARTESIAN_POINT('',(-108.932233047,1.75,-9.782233047034));
#16143 = CARTESIAN_POINT('',(-109.182233047,2.,-9.782233047034));
#16144 = ORIENTED_EDGE('',*,*,#16145,.F.);
#16145 = EDGE_CURVE('',#16139,#16139,#16146,.T.);
#16146 = CIRCLE('',#16147,1.45);
#16147 = AXIS2_PLACEMENT_3D('',#16148,#16149,#16150);
#16148 = CARTESIAN_POINT('',(-107.732233047,2.,-9.782233047034));
#16149 = DIRECTION('',(0.,1.,0.));
#16150 = DIRECTION('',(-1.,0.,0.));
#16151 = ORIENTED_EDGE('',*,*,#16138,.F.);
#16152 = CONICAL_SURFACE('',#16153,1.325,0.785398163397);
#16153 = AXIS2_PLACEMENT_3D('',#16154,#16155,#16156);
#16154 = CARTESIAN_POINT('',(-107.732233047,1.875,-9.782233047034));
#16155 = DIRECTION('',(0.,1.,0.));
#16156 = DIRECTION('',(-1.,0.,0.));
#16157 = ADVANCED_FACE('',(#16158,#16161,#16164),#16263,.T.);
#16158 = FACE_BOUND('',#16159,.T.);
#16159 = EDGE_LOOP('',(#16160));
#16160 = ORIENTED_EDGE('',*,*,#16089,.F.);
#16161 = FACE_BOUND('',#16162,.T.);
#16162 = EDGE_LOOP('',(#16163));
#16163 = ORIENTED_EDGE('',*,*,#16145,.F.);
#16164 = FACE_BOUND('',#16165,.T.);
#16165 = EDGE_LOOP('',(#16166,#16176,#16185,#16193,#16201,#16209,#16217,
    #16225,#16233,#16241,#16249,#16257));
#16166 = ORIENTED_EDGE('',*,*,#16167,.F.);
#16167 = EDGE_CURVE('',#16168,#16170,#16172,.T.);
#16168 = VERTEX_POINT('',#16169);
#16169 = CARTESIAN_POINT('',(-105.25,2.,-1.05));
#16170 = VERTEX_POINT('',#16171);
#16171 = CARTESIAN_POINT('',(-105.25,2.,-0.3));
#16172 = LINE('',#16173,#16174);
#16173 = CARTESIAN_POINT('',(-105.25,2.,-2.55));
#16174 = VECTOR('',#16175,1.);
#16175 = DIRECTION('',(0.,0.,1.));
#16176 = ORIENTED_EDGE('',*,*,#16177,.F.);
#16177 = EDGE_CURVE('',#16178,#16168,#16180,.T.);
#16178 = VERTEX_POINT('',#16179);
#16179 = CARTESIAN_POINT('',(-100.7499999999,2.,-1.05));
#16180 = CIRCLE('',#16181,2.250000000013);
#16181 = AXIS2_PLACEMENT_3D('',#16182,#16183,#16184);
#16182 = CARTESIAN_POINT('',(-103.,2.,-1.05));
#16183 = DIRECTION('',(0.,1.,0.));
#16184 = DIRECTION('',(1.,-0.,6.9E-16));
#16185 = ORIENTED_EDGE('',*,*,#16186,.F.);
#16186 = EDGE_CURVE('',#16187,#16178,#16189,.T.);
#16187 = VERTEX_POINT('',#16188);
#16188 = CARTESIAN_POINT('',(-100.7499999999,2.,-0.3));
#16189 = LINE('',#16190,#16191);
#16190 = CARTESIAN_POINT('',(-100.7499999999,2.,-3.55));
#16191 = VECTOR('',#16192,1.);
#16192 = DIRECTION('',(0.,0.,-1.));
#16193 = ORIENTED_EDGE('',*,*,#16194,.F.);
#16194 = EDGE_CURVE('',#16195,#16187,#16197,.T.);
#16195 = VERTEX_POINT('',#16196);
#16196 = CARTESIAN_POINT('',(-97.10355339059,2.,-0.3));
#16197 = LINE('',#16198,#16199);
#16198 = CARTESIAN_POINT('',(-100.525,2.,-0.3));
#16199 = VECTOR('',#16200,1.);
#16200 = DIRECTION('',(-1.,0.,-7.E-17));
#16201 = ORIENTED_EDGE('',*,*,#16202,.F.);
#16202 = EDGE_CURVE('',#16203,#16195,#16205,.T.);
#16203 = VERTEX_POINT('',#16204);
#16204 = CARTESIAN_POINT('',(-96.25,2.,-1.153553390593));
#16205 = LINE('',#16206,#16207);
#16206 = CARTESIAN_POINT('',(-96.92677669529,2.,-0.476776695297));
#16207 = VECTOR('',#16208,1.);
#16208 = DIRECTION('',(-0.707106781187,0.,0.707106781187));
#16209 = ORIENTED_EDGE('',*,*,#16210,.F.);
#16210 = EDGE_CURVE('',#16211,#16203,#16213,.T.);
#16211 = VERTEX_POINT('',#16212);
#16212 = CARTESIAN_POINT('',(-96.25,2.,-10.9464466094));
#16213 = LINE('',#16214,#16215);
#16214 = CARTESIAN_POINT('',(-96.25,2.,-3.05));
#16215 = VECTOR('',#16216,1.);
#16216 = DIRECTION('',(0.,0.,1.));
#16217 = ORIENTED_EDGE('',*,*,#16218,.F.);
#16218 = EDGE_CURVE('',#16219,#16211,#16221,.T.);
#16219 = VERTEX_POINT('',#16220);
#16220 = CARTESIAN_POINT('',(-97.10355339059,2.,-11.8));
#16221 = LINE('',#16222,#16223);
#16222 = CARTESIAN_POINT('',(-96.92677669529,2.,-11.6232233047));
#16223 = VECTOR('',#16224,1.);
#16224 = DIRECTION('',(0.707106781187,0.,0.707106781187));
#16225 = ORIENTED_EDGE('',*,*,#16226,.F.);
#16226 = EDGE_CURVE('',#16227,#16219,#16229,.T.);
#16227 = VERTEX_POINT('',#16228);
#16228 = CARTESIAN_POINT('',(-108.8964466094,2.,-11.8));
#16229 = LINE('',#16230,#16231);
#16230 = CARTESIAN_POINT('',(-99.5,2.,-11.8));
#16231 = VECTOR('',#16232,1.);
#16232 = DIRECTION('',(1.,0.,-1.11E-15));
#16233 = ORIENTED_EDGE('',*,*,#16234,.F.);
#16234 = EDGE_CURVE('',#16235,#16227,#16237,.T.);
#16235 = VERTEX_POINT('',#16236);
#16236 = CARTESIAN_POINT('',(-109.75,2.,-10.9464466094));
#16237 = LINE('',#16238,#16239);
#16238 = CARTESIAN_POINT('',(-109.0732233047,2.,-11.6232233047));
#16239 = VECTOR('',#16240,1.);
#16240 = DIRECTION('',(0.707106781187,0.,-0.707106781187));
#16241 = ORIENTED_EDGE('',*,*,#16242,.F.);
#16242 = EDGE_CURVE('',#16243,#16235,#16245,.T.);
#16243 = VERTEX_POINT('',#16244);
#16244 = CARTESIAN_POINT('',(-109.75,2.,-1.153553390593));
#16245 = LINE('',#16246,#16247);
#16246 = CARTESIAN_POINT('',(-109.75,2.,-9.05));
#16247 = VECTOR('',#16248,1.);
#16248 = DIRECTION('',(0.,0.,-1.));
#16249 = ORIENTED_EDGE('',*,*,#16250,.F.);
#16250 = EDGE_CURVE('',#16251,#16243,#16253,.T.);
#16251 = VERTEX_POINT('',#16252);
#16252 = CARTESIAN_POINT('',(-108.8964466094,2.,-0.3));
#16253 = LINE('',#16254,#16255);
#16254 = CARTESIAN_POINT('',(-109.0732233047,2.,-0.476776695297));
#16255 = VECTOR('',#16256,1.);
#16256 = DIRECTION('',(-0.707106781187,0.,-0.707106781187));
#16257 = ORIENTED_EDGE('',*,*,#16258,.F.);
#16258 = EDGE_CURVE('',#16170,#16251,#16259,.T.);
#16259 = LINE('',#16260,#16261);
#16260 = CARTESIAN_POINT('',(-100.525,2.,-0.3));
#16261 = VECTOR('',#16262,1.);
#16262 = DIRECTION('',(-1.,0.,-7.E-17));
#16263 = PLANE('',#16264);
#16264 = AXIS2_PLACEMENT_3D('',#16265,#16266,#16267);
#16265 = CARTESIAN_POINT('',(-103.,2.,-6.05));
#16266 = DIRECTION('',(0.,1.,0.));
#16267 = DIRECTION('',(-1.,0.,0.));
#16268 = ADVANCED_FACE('',(#16269),#16287,.F.);
#16269 = FACE_BOUND('',#16270,.T.);
#16270 = EDGE_LOOP('',(#16271,#16279,#16280,#16281));
#16271 = ORIENTED_EDGE('',*,*,#16272,.F.);
#16272 = EDGE_CURVE('',#15743,#16273,#16275,.T.);
#16273 = VERTEX_POINT('',#16274);
#16274 = CARTESIAN_POINT('',(-105.,1.75,-1.05));
#16275 = LINE('',#16276,#16277);
#16276 = CARTESIAN_POINT('',(-105.,1.75,-2.55));
#16277 = VECTOR('',#16278,1.);
#16278 = DIRECTION('',(0.,0.,-1.));
#16279 = ORIENTED_EDGE('',*,*,#15742,.F.);
#16280 = ORIENTED_EDGE('',*,*,#15686,.F.);
#16281 = ORIENTED_EDGE('',*,*,#16282,.F.);
#16282 = EDGE_CURVE('',#16273,#15678,#16283,.T.);
#16283 = LINE('',#16284,#16285);
#16284 = CARTESIAN_POINT('',(-105.,0.,-1.05));
#16285 = VECTOR('',#16286,1.);
#16286 = DIRECTION('',(0.,-1.,0.));
#16287 = PLANE('',#16288);
#16288 = AXIS2_PLACEMENT_3D('',#16289,#16290,#16291);
#16289 = CARTESIAN_POINT('',(-105.,0.,0.95));
#16290 = DIRECTION('',(-1.,0.,0.));
#16291 = DIRECTION('',(0.,0.,-1.));
#16292 = ADVANCED_FACE('',(#16293),#16312,.F.);
#16293 = FACE_BOUND('',#16294,.F.);
#16294 = EDGE_LOOP('',(#16295,#16303,#16304,#16305));
#16295 = ORIENTED_EDGE('',*,*,#16296,.T.);
#16296 = EDGE_CURVE('',#16297,#15670,#16299,.T.);
#16297 = VERTEX_POINT('',#16298);
#16298 = CARTESIAN_POINT('',(-100.9999999999,1.75,-1.05));
#16299 = LINE('',#16300,#16301);
#16300 = CARTESIAN_POINT('',(-100.9999999999,0.,-1.05));
#16301 = VECTOR('',#16302,1.);
#16302 = DIRECTION('',(0.,-1.,0.));
#16303 = ORIENTED_EDGE('',*,*,#15677,.T.);
#16304 = ORIENTED_EDGE('',*,*,#16282,.F.);
#16305 = ORIENTED_EDGE('',*,*,#16306,.T.);
#16306 = EDGE_CURVE('',#16273,#16297,#16307,.T.);
#16307 = CIRCLE('',#16308,2.000000000013);
#16308 = AXIS2_PLACEMENT_3D('',#16309,#16310,#16311);
#16309 = CARTESIAN_POINT('',(-103.,1.75,-1.05));
#16310 = DIRECTION('',(0.,-1.,0.));
#16311 = DIRECTION('',(1.,0.,6.9E-16));
#16312 = CYLINDRICAL_SURFACE('',#16313,2.000000000013);
#16313 = AXIS2_PLACEMENT_3D('',#16314,#16315,#16316);
#16314 = CARTESIAN_POINT('',(-103.,0.,-1.05));
#16315 = DIRECTION('',(0.,-1.,0.));
#16316 = DIRECTION('',(1.,0.,6.9E-16));
#16317 = ADVANCED_FACE('',(#16318),#16336,.F.);
#16318 = FACE_BOUND('',#16319,.T.);
#16319 = EDGE_LOOP('',(#16320,#16328,#16329,#16330));
#16320 = ORIENTED_EDGE('',*,*,#16321,.F.);
#16321 = EDGE_CURVE('',#16297,#16322,#16324,.T.);
#16322 = VERTEX_POINT('',#16323);
#16323 = CARTESIAN_POINT('',(-100.9999999999,1.75,-5.000000000001E-02));
#16324 = LINE('',#16325,#16326);
#16325 = CARTESIAN_POINT('',(-100.9999999999,1.75,-3.55));
#16326 = VECTOR('',#16327,1.);
#16327 = DIRECTION('',(0.,0.,1.));
#16328 = ORIENTED_EDGE('',*,*,#16296,.T.);
#16329 = ORIENTED_EDGE('',*,*,#15669,.F.);
#16330 = ORIENTED_EDGE('',*,*,#16331,.T.);
#16331 = EDGE_CURVE('',#15662,#16322,#16332,.T.);
#16332 = LINE('',#16333,#16334);
#16333 = CARTESIAN_POINT('',(-100.9999999999,0.,-5.E-02));
#16334 = VECTOR('',#16335,1.);
#16335 = DIRECTION('',(0.,1.,0.));
#16336 = PLANE('',#16337);
#16337 = AXIS2_PLACEMENT_3D('',#16338,#16339,#16340);
#16338 = CARTESIAN_POINT('',(-100.9999999999,0.,-1.05));
#16339 = DIRECTION('',(1.,0.,0.));
#16340 = DIRECTION('',(0.,0.,1.));
#16341 = ADVANCED_FACE('',(#16342),#16370,.T.);
#16342 = FACE_BOUND('',#16343,.T.);
#16343 = EDGE_LOOP('',(#16344,#16352,#16360,#16366,#16367,#16368,#16369)
  );
#16344 = ORIENTED_EDGE('',*,*,#16345,.F.);
#16345 = EDGE_CURVE('',#16346,#15630,#16348,.T.);
#16346 = VERTEX_POINT('',#16347);
#16347 = CARTESIAN_POINT('',(-97.,0.25,-5.000000000001E-02));
#16348 = LINE('',#16349,#16350);
#16349 = CARTESIAN_POINT('',(-100.525,0.25,-5.E-02));
#16350 = VECTOR('',#16351,1.);
#16351 = DIRECTION('',(-1.,0.,-7.E-17));
#16352 = ORIENTED_EDGE('',*,*,#16353,.F.);
#16353 = EDGE_CURVE('',#16354,#16346,#16356,.T.);
#16354 = VERTEX_POINT('',#16355);
#16355 = CARTESIAN_POINT('',(-97.,1.75,-5.000000000001E-02));
#16356 = LINE('',#16357,#16358);
#16357 = CARTESIAN_POINT('',(-97.,0.,-5.E-02));
#16358 = VECTOR('',#16359,1.);
#16359 = DIRECTION('',(0.,-1.,0.));
#16360 = ORIENTED_EDGE('',*,*,#16361,.F.);
#16361 = EDGE_CURVE('',#16322,#16354,#16362,.T.);
#16362 = LINE('',#16363,#16364);
#16363 = CARTESIAN_POINT('',(-100.525,1.75,-5.E-02));
#16364 = VECTOR('',#16365,1.);
#16365 = DIRECTION('',(1.,0.,7.E-17));
#16366 = ORIENTED_EDGE('',*,*,#16331,.F.);
#16367 = ORIENTED_EDGE('',*,*,#15661,.F.);
#16368 = ORIENTED_EDGE('',*,*,#15843,.F.);
#16369 = ORIENTED_EDGE('',*,*,#15637,.F.);
#16370 = PLANE('',#16371);
#16371 = AXIS2_PLACEMENT_3D('',#16372,#16373,#16374);
#16372 = CARTESIAN_POINT('',(-98.05,0.,-5.E-02));
#16373 = DIRECTION('',(-7.E-17,0.,1.));
#16374 = DIRECTION('',(-1.,0.,-7.E-17));
#16375 = ADVANCED_FACE('',(#16376),#16401,.T.);
#16376 = FACE_BOUND('',#16377,.T.);
#16377 = EDGE_LOOP('',(#16378,#16386,#16394,#16400));
#16378 = ORIENTED_EDGE('',*,*,#16379,.F.);
#16379 = EDGE_CURVE('',#16380,#16346,#16382,.T.);
#16380 = VERTEX_POINT('',#16381);
#16381 = CARTESIAN_POINT('',(-96.,0.25,-1.05));
#16382 = LINE('',#16383,#16384);
#16383 = CARTESIAN_POINT('',(-96.75,0.25,-0.3));
#16384 = VECTOR('',#16385,1.);
#16385 = DIRECTION('',(-0.707106781187,0.,0.707106781187));
#16386 = ORIENTED_EDGE('',*,*,#16387,.T.);
#16387 = EDGE_CURVE('',#16380,#16388,#16390,.T.);
#16388 = VERTEX_POINT('',#16389);
#16389 = CARTESIAN_POINT('',(-96.,1.75,-1.05));
#16390 = LINE('',#16391,#16392);
#16391 = CARTESIAN_POINT('',(-96.,0.,-1.05));
#16392 = VECTOR('',#16393,1.);
#16393 = DIRECTION('',(0.,1.,0.));
#16394 = ORIENTED_EDGE('',*,*,#16395,.F.);
#16395 = EDGE_CURVE('',#16354,#16388,#16396,.T.);
#16396 = LINE('',#16397,#16398);
#16397 = CARTESIAN_POINT('',(-96.75,1.75,-0.3));
#16398 = VECTOR('',#16399,1.);
#16399 = DIRECTION('',(0.707106781187,0.,-0.707106781187));
#16400 = ORIENTED_EDGE('',*,*,#16353,.T.);
#16401 = PLANE('',#16402);
#16402 = AXIS2_PLACEMENT_3D('',#16403,#16404,#16405);
#16403 = CARTESIAN_POINT('',(-96.5,0.,-0.55));
#16404 = DIRECTION('',(0.707106781187,0.,0.707106781187));
#16405 = DIRECTION('',(0.707106781187,0.,-0.707106781187));
#16406 = ADVANCED_FACE('',(#16407),#16423,.T.);
#16407 = FACE_BOUND('',#16408,.T.);
#16408 = EDGE_LOOP('',(#16409,#16415,#16416,#16422));
#16409 = ORIENTED_EDGE('',*,*,#16410,.F.);
#16410 = EDGE_CURVE('',#16019,#16380,#16411,.T.);
#16411 = LINE('',#16412,#16413);
#16412 = CARTESIAN_POINT('',(-96.,0.25,-3.05));
#16413 = VECTOR('',#16414,1.);
#16414 = DIRECTION('',(0.,0.,1.));
#16415 = ORIENTED_EDGE('',*,*,#16035,.F.);
#16416 = ORIENTED_EDGE('',*,*,#16417,.F.);
#16417 = EDGE_CURVE('',#16388,#16028,#16418,.T.);
#16418 = LINE('',#16419,#16420);
#16419 = CARTESIAN_POINT('',(-96.,1.75,-3.05));
#16420 = VECTOR('',#16421,1.);
#16421 = DIRECTION('',(0.,0.,-1.));
#16422 = ORIENTED_EDGE('',*,*,#16387,.F.);
#16423 = PLANE('',#16424);
#16424 = AXIS2_PLACEMENT_3D('',#16425,#16426,#16427);
#16425 = CARTESIAN_POINT('',(-96.,0.,-5.000000000001E-02));
#16426 = DIRECTION('',(1.,0.,0.));
#16427 = DIRECTION('',(0.,0.,-1.));
#16428 = ADVANCED_FACE('',(#16429),#16445,.T.);
#16429 = FACE_BOUND('',#16430,.T.);
#16430 = EDGE_LOOP('',(#16431,#16432,#16438,#16439));
#16431 = ORIENTED_EDGE('',*,*,#15903,.T.);
#16432 = ORIENTED_EDGE('',*,*,#16433,.F.);
#16433 = EDGE_CURVE('',#16251,#15751,#16434,.T.);
#16434 = LINE('',#16435,#16436);
#16435 = CARTESIAN_POINT('',(-108.8964466094,2.,-0.3));
#16436 = VECTOR('',#16437,1.);
#16437 = DIRECTION('',(-0.281084637715,-0.678598344546,0.678598344546));
#16438 = ORIENTED_EDGE('',*,*,#16250,.T.);
#16439 = ORIENTED_EDGE('',*,*,#16440,.T.);
#16440 = EDGE_CURVE('',#16243,#15904,#16441,.T.);
#16441 = LINE('',#16442,#16443);
#16442 = CARTESIAN_POINT('',(-109.75,2.,-1.153553390593));
#16443 = VECTOR('',#16444,1.);
#16444 = DIRECTION('',(-0.678598344546,-0.678598344546,0.281084637715));
#16445 = PLANE('',#16446);
#16446 = AXIS2_PLACEMENT_3D('',#16447,#16448,#16449);
#16447 = CARTESIAN_POINT('',(-109.1616116523,1.875,-0.388388347648));
#16448 = DIRECTION('',(-0.5,0.707106781187,0.5));
#16449 = DIRECTION('',(0.707106781187,-2.220446049249E-16,0.707106781187
    ));
#16450 = ADVANCED_FACE('',(#16451),#16462,.T.);
#16451 = FACE_BOUND('',#16452,.T.);
#16452 = EDGE_LOOP('',(#16453,#16454,#16460,#16461));
#16453 = ORIENTED_EDGE('',*,*,#15750,.T.);
#16454 = ORIENTED_EDGE('',*,*,#16455,.F.);
#16455 = EDGE_CURVE('',#16170,#15743,#16456,.T.);
#16456 = LINE('',#16457,#16458);
#16457 = CARTESIAN_POINT('',(-105.25,2.,-0.3));
#16458 = VECTOR('',#16459,1.);
#16459 = DIRECTION('',(0.57735026919,-0.57735026919,0.57735026919));
#16460 = ORIENTED_EDGE('',*,*,#16258,.T.);
#16461 = ORIENTED_EDGE('',*,*,#16433,.T.);
#16462 = PLANE('',#16463);
#16463 = AXIS2_PLACEMENT_3D('',#16464,#16465,#16466);
#16464 = CARTESIAN_POINT('',(-100.525,1.875,-0.175));
#16465 = DIRECTION('',(0.,0.707106781187,0.707106781187));
#16466 = DIRECTION('',(1.,-3.E-17,3.E-17));
#16467 = ADVANCED_FACE('',(#16468),#16484,.T.);
#16468 = FACE_BOUND('',#16469,.T.);
#16469 = EDGE_LOOP('',(#16470,#16471,#16477,#16478));
#16470 = ORIENTED_EDGE('',*,*,#16186,.T.);
#16471 = ORIENTED_EDGE('',*,*,#16472,.F.);
#16472 = EDGE_CURVE('',#16297,#16178,#16473,.T.);
#16473 = LINE('',#16474,#16475);
#16474 = CARTESIAN_POINT('',(-100.9999999999,1.75,-1.05));
#16475 = VECTOR('',#16476,1.);
#16476 = DIRECTION('',(0.707106781187,0.707106781187,-1.18E-15));
#16477 = ORIENTED_EDGE('',*,*,#16321,.T.);
#16478 = ORIENTED_EDGE('',*,*,#16479,.F.);
#16479 = EDGE_CURVE('',#16187,#16322,#16480,.T.);
#16480 = LINE('',#16481,#16482);
#16481 = CARTESIAN_POINT('',(-100.7499999999,2.,-0.3));
#16482 = VECTOR('',#16483,1.);
#16483 = DIRECTION('',(-0.57735026919,-0.57735026919,0.57735026919));
#16484 = PLANE('',#16485);
#16485 = AXIS2_PLACEMENT_3D('',#16486,#16487,#16488);
#16486 = CARTESIAN_POINT('',(-100.8749999999,1.875,-3.55));
#16487 = DIRECTION('',(-0.707106781187,0.707106781187,0.));
#16488 = DIRECTION('',(0.,0.,1.));
#16489 = ADVANCED_FACE('',(#16490),#16501,.F.);
#16490 = FACE_BOUND('',#16491,.F.);
#16491 = EDGE_LOOP('',(#16492,#16493,#16499,#16500));
#16492 = ORIENTED_EDGE('',*,*,#16306,.F.);
#16493 = ORIENTED_EDGE('',*,*,#16494,.T.);
#16494 = EDGE_CURVE('',#16273,#16168,#16495,.T.);
#16495 = LINE('',#16496,#16497);
#16496 = CARTESIAN_POINT('',(-105.,1.75,-1.05));
#16497 = VECTOR('',#16498,1.);
#16498 = DIRECTION('',(-0.707106781187,0.707106781187,3.9E-16));
#16499 = ORIENTED_EDGE('',*,*,#16177,.F.);
#16500 = ORIENTED_EDGE('',*,*,#16472,.F.);
#16501 = CONICAL_SURFACE('',#16502,2.125000000013,0.785398163397);
#16502 = AXIS2_PLACEMENT_3D('',#16503,#16504,#16505);
#16503 = CARTESIAN_POINT('',(-103.,1.875,-1.05));
#16504 = DIRECTION('',(0.,1.,0.));
#16505 = DIRECTION('',(1.,-0.,6.9E-16));
#16506 = ADVANCED_FACE('',(#16507),#16513,.T.);
#16507 = FACE_BOUND('',#16508,.T.);
#16508 = EDGE_LOOP('',(#16509,#16510,#16511,#16512));
#16509 = ORIENTED_EDGE('',*,*,#16272,.T.);
#16510 = ORIENTED_EDGE('',*,*,#16494,.T.);
#16511 = ORIENTED_EDGE('',*,*,#16167,.T.);
#16512 = ORIENTED_EDGE('',*,*,#16455,.T.);
#16513 = PLANE('',#16514);
#16514 = AXIS2_PLACEMENT_3D('',#16515,#16516,#16517);
#16515 = CARTESIAN_POINT('',(-105.125,1.875,-2.55));
#16516 = DIRECTION('',(0.707106781187,0.707106781187,0.));
#16517 = DIRECTION('',(0.,0.,-1.));
#16518 = ADVANCED_FACE('',(#16519),#16530,.T.);
#16519 = FACE_BOUND('',#16520,.T.);
#16520 = EDGE_LOOP('',(#16521,#16522,#16528,#16529));
#16521 = ORIENTED_EDGE('',*,*,#16361,.T.);
#16522 = ORIENTED_EDGE('',*,*,#16523,.F.);
#16523 = EDGE_CURVE('',#16195,#16354,#16524,.T.);
#16524 = LINE('',#16525,#16526);
#16525 = CARTESIAN_POINT('',(-97.10355339059,2.,-0.3));
#16526 = VECTOR('',#16527,1.);
#16527 = DIRECTION('',(0.281084637715,-0.678598344546,0.678598344546));
#16528 = ORIENTED_EDGE('',*,*,#16194,.T.);
#16529 = ORIENTED_EDGE('',*,*,#16479,.T.);
#16530 = PLANE('',#16531);
#16531 = AXIS2_PLACEMENT_3D('',#16532,#16533,#16534);
#16532 = CARTESIAN_POINT('',(-100.525,1.875,-0.175));
#16533 = DIRECTION('',(0.,0.707106781187,0.707106781187));
#16534 = DIRECTION('',(1.,-3.E-17,3.E-17));
#16535 = ADVANCED_FACE('',(#16536),#16547,.T.);
#16536 = FACE_BOUND('',#16537,.T.);
#16537 = EDGE_LOOP('',(#16538,#16539,#16545,#16546));
#16538 = ORIENTED_EDGE('',*,*,#16395,.T.);
#16539 = ORIENTED_EDGE('',*,*,#16540,.F.);
#16540 = EDGE_CURVE('',#16203,#16388,#16541,.T.);
#16541 = LINE('',#16542,#16543);
#16542 = CARTESIAN_POINT('',(-96.25,2.,-1.153553390593));
#16543 = VECTOR('',#16544,1.);
#16544 = DIRECTION('',(0.678598344546,-0.678598344546,0.281084637715));
#16545 = ORIENTED_EDGE('',*,*,#16202,.T.);
#16546 = ORIENTED_EDGE('',*,*,#16523,.T.);
#16547 = PLANE('',#16548);
#16548 = AXIS2_PLACEMENT_3D('',#16549,#16550,#16551);
#16549 = CARTESIAN_POINT('',(-96.83838834764,1.875,-0.388388347648));
#16550 = DIRECTION('',(0.5,0.707106781187,0.5));
#16551 = DIRECTION('',(0.707106781187,6.661338147749E-16,-0.707106781187
    ));
#16552 = ADVANCED_FACE('',(#16553),#16564,.T.);
#16553 = FACE_BOUND('',#16554,.T.);
#16554 = EDGE_LOOP('',(#16555,#16556,#16557,#16558));
#16555 = ORIENTED_EDGE('',*,*,#16210,.T.);
#16556 = ORIENTED_EDGE('',*,*,#16540,.T.);
#16557 = ORIENTED_EDGE('',*,*,#16417,.T.);
#16558 = ORIENTED_EDGE('',*,*,#16559,.F.);
#16559 = EDGE_CURVE('',#16211,#16028,#16560,.T.);
#16560 = LINE('',#16561,#16562);
#16561 = CARTESIAN_POINT('',(-96.25,2.,-10.9464466094));
#16562 = VECTOR('',#16563,1.);
#16563 = DIRECTION('',(0.678598344546,-0.678598344546,-0.281084637715));
#16564 = PLANE('',#16565);
#16565 = AXIS2_PLACEMENT_3D('',#16566,#16567,#16568);
#16566 = CARTESIAN_POINT('',(-96.125,1.875,-3.05));
#16567 = DIRECTION('',(0.707106781187,0.707106781187,0.));
#16568 = DIRECTION('',(0.,0.,-1.));
#16569 = ADVANCED_FACE('',(#16570),#16581,.T.);
#16570 = FACE_BOUND('',#16571,.T.);
#16571 = EDGE_LOOP('',(#16572,#16573,#16574,#16575));
#16572 = ORIENTED_EDGE('',*,*,#16218,.T.);
#16573 = ORIENTED_EDGE('',*,*,#16559,.T.);
#16574 = ORIENTED_EDGE('',*,*,#16027,.T.);
#16575 = ORIENTED_EDGE('',*,*,#16576,.F.);
#16576 = EDGE_CURVE('',#16219,#15997,#16577,.T.);
#16577 = LINE('',#16578,#16579);
#16578 = CARTESIAN_POINT('',(-97.10355339059,2.,-11.8));
#16579 = VECTOR('',#16580,1.);
#16580 = DIRECTION('',(0.281084637715,-0.678598344546,-0.678598344546));
#16581 = PLANE('',#16582);
#16582 = AXIS2_PLACEMENT_3D('',#16583,#16584,#16585);
#16583 = CARTESIAN_POINT('',(-96.83838834764,1.875,-11.71161165235));
#16584 = DIRECTION('',(0.5,0.707106781187,-0.5));
#16585 = DIRECTION('',(-0.707106781187,-3.330669073872E-16,
    -0.707106781187));
#16586 = ADVANCED_FACE('',(#16587),#16598,.T.);
#16587 = FACE_BOUND('',#16588,.T.);
#16588 = EDGE_LOOP('',(#16589,#16590,#16591,#16592));
#16589 = ORIENTED_EDGE('',*,*,#16226,.T.);
#16590 = ORIENTED_EDGE('',*,*,#16576,.T.);
#16591 = ORIENTED_EDGE('',*,*,#15996,.T.);
#16592 = ORIENTED_EDGE('',*,*,#16593,.F.);
#16593 = EDGE_CURVE('',#16227,#15966,#16594,.T.);
#16594 = LINE('',#16595,#16596);
#16595 = CARTESIAN_POINT('',(-108.8964466094,2.,-11.8));
#16596 = VECTOR('',#16597,1.);
#16597 = DIRECTION('',(-0.281084637715,-0.678598344546,-0.678598344546)
  );
#16598 = PLANE('',#16599);
#16599 = AXIS2_PLACEMENT_3D('',#16600,#16601,#16602);
#16600 = CARTESIAN_POINT('',(-99.5,1.875,-11.925));
#16601 = DIRECTION('',(0.,0.707106781187,-0.707106781187));
#16602 = DIRECTION('',(-1.,5.6E-16,5.6E-16));
#16603 = ADVANCED_FACE('',(#16604),#16615,.T.);
#16604 = FACE_BOUND('',#16605,.T.);
#16605 = EDGE_LOOP('',(#16606,#16607,#16608,#16609));
#16606 = ORIENTED_EDGE('',*,*,#16234,.T.);
#16607 = ORIENTED_EDGE('',*,*,#16593,.T.);
#16608 = ORIENTED_EDGE('',*,*,#15965,.T.);
#16609 = ORIENTED_EDGE('',*,*,#16610,.F.);
#16610 = EDGE_CURVE('',#16235,#15935,#16611,.T.);
#16611 = LINE('',#16612,#16613);
#16612 = CARTESIAN_POINT('',(-109.75,2.,-10.9464466094));
#16613 = VECTOR('',#16614,1.);
#16614 = DIRECTION('',(-0.678598344546,-0.678598344546,-0.281084637715)
  );
#16615 = PLANE('',#16616);
#16616 = AXIS2_PLACEMENT_3D('',#16617,#16618,#16619);
#16617 = CARTESIAN_POINT('',(-109.1616116523,1.875,-11.71161165235));
#16618 = DIRECTION('',(-0.5,0.707106781187,-0.5));
#16619 = DIRECTION('',(-0.707106781187,8.326672684674E-17,0.707106781187
    ));
#16620 = ADVANCED_FACE('',(#16621),#16627,.T.);
#16621 = FACE_BOUND('',#16622,.T.);
#16622 = EDGE_LOOP('',(#16623,#16624,#16625,#16626));
#16623 = ORIENTED_EDGE('',*,*,#16242,.T.);
#16624 = ORIENTED_EDGE('',*,*,#16610,.T.);
#16625 = ORIENTED_EDGE('',*,*,#15934,.T.);
#16626 = ORIENTED_EDGE('',*,*,#16440,.F.);
#16627 = PLANE('',#16628);
#16628 = AXIS2_PLACEMENT_3D('',#16629,#16630,#16631);
#16629 = CARTESIAN_POINT('',(-109.875,1.875,-9.05));
#16630 = DIRECTION('',(-0.707106781187,0.707106781187,0.));
#16631 = DIRECTION('',(0.,0.,1.));
#16632 = ADVANCED_FACE('',(#16633,#16636,#16639),#16714,.F.);
#16633 = FACE_BOUND('',#16634,.T.);
#16634 = EDGE_LOOP('',(#16635));
#16635 = ORIENTED_EDGE('',*,*,#16049,.T.);
#16636 = FACE_BOUND('',#16637,.T.);
#16637 = EDGE_LOOP('',(#16638));
#16638 = ORIENTED_EDGE('',*,*,#16105,.T.);
#16639 = FACE_BOUND('',#16640,.T.);
#16640 = EDGE_LOOP('',(#16641,#16649,#16657,#16665,#16673,#16681,#16689,
    #16697,#16705,#16711,#16712,#16713));
#16641 = ORIENTED_EDGE('',*,*,#16642,.F.);
#16642 = EDGE_CURVE('',#16643,#15790,#16645,.T.);
#16643 = VERTEX_POINT('',#16644);
#16644 = CARTESIAN_POINT('',(-108.8964466094,2.84217094304E-14,-0.3));
#16645 = LINE('',#16646,#16647);
#16646 = CARTESIAN_POINT('',(-100.525,0.,-0.3));
#16647 = VECTOR('',#16648,1.);
#16648 = DIRECTION('',(1.,0.,7.E-17));
#16649 = ORIENTED_EDGE('',*,*,#16650,.F.);
#16650 = EDGE_CURVE('',#16651,#16643,#16653,.T.);
#16651 = VERTEX_POINT('',#16652);
#16652 = CARTESIAN_POINT('',(-109.75,0.,-1.153553390594));
#16653 = LINE('',#16654,#16655);
#16654 = CARTESIAN_POINT('',(-109.0732233047,0.,-0.476776695297));
#16655 = VECTOR('',#16656,1.);
#16656 = DIRECTION('',(0.707106781187,0.,0.707106781187));
#16657 = ORIENTED_EDGE('',*,*,#16658,.F.);
#16658 = EDGE_CURVE('',#16659,#16651,#16661,.T.);
#16659 = VERTEX_POINT('',#16660);
#16660 = CARTESIAN_POINT('',(-109.75,0.,-10.9464466094));
#16661 = LINE('',#16662,#16663);
#16662 = CARTESIAN_POINT('',(-109.75,0.,-9.05));
#16663 = VECTOR('',#16664,1.);
#16664 = DIRECTION('',(0.,0.,1.));
#16665 = ORIENTED_EDGE('',*,*,#16666,.F.);
#16666 = EDGE_CURVE('',#16667,#16659,#16669,.T.);
#16667 = VERTEX_POINT('',#16668);
#16668 = CARTESIAN_POINT('',(-108.8964466094,0.,-11.8));
#16669 = LINE('',#16670,#16671);
#16670 = CARTESIAN_POINT('',(-109.0732233047,0.,-11.6232233047));
#16671 = VECTOR('',#16672,1.);
#16672 = DIRECTION('',(-0.707106781187,0.,0.707106781187));
#16673 = ORIENTED_EDGE('',*,*,#16674,.F.);
#16674 = EDGE_CURVE('',#16675,#16667,#16677,.T.);
#16675 = VERTEX_POINT('',#16676);
#16676 = CARTESIAN_POINT('',(-97.10355339059,0.,-11.8));
#16677 = LINE('',#16678,#16679);
#16678 = CARTESIAN_POINT('',(-99.5,0.,-11.8));
#16679 = VECTOR('',#16680,1.);
#16680 = DIRECTION('',(-1.,0.,1.11E-15));
#16681 = ORIENTED_EDGE('',*,*,#16682,.F.);
#16682 = EDGE_CURVE('',#16683,#16675,#16685,.T.);
#16683 = VERTEX_POINT('',#16684);
#16684 = CARTESIAN_POINT('',(-96.25,0.,-10.9464466094));
#16685 = LINE('',#16686,#16687);
#16686 = CARTESIAN_POINT('',(-96.92677669529,0.,-11.6232233047));
#16687 = VECTOR('',#16688,1.);
#16688 = DIRECTION('',(-0.707106781187,0.,-0.707106781187));
#16689 = ORIENTED_EDGE('',*,*,#16690,.F.);
#16690 = EDGE_CURVE('',#16691,#16683,#16693,.T.);
#16691 = VERTEX_POINT('',#16692);
#16692 = CARTESIAN_POINT('',(-96.25,0.,-1.153553390593));
#16693 = LINE('',#16694,#16695);
#16694 = CARTESIAN_POINT('',(-96.25,0.,-3.05));
#16695 = VECTOR('',#16696,1.);
#16696 = DIRECTION('',(0.,0.,-1.));
#16697 = ORIENTED_EDGE('',*,*,#16698,.F.);
#16698 = EDGE_CURVE('',#16699,#16691,#16701,.T.);
#16699 = VERTEX_POINT('',#16700);
#16700 = CARTESIAN_POINT('',(-97.10355339059,0.,-0.3));
#16701 = LINE('',#16702,#16703);
#16702 = CARTESIAN_POINT('',(-96.92677669529,0.,-0.476776695297));
#16703 = VECTOR('',#16704,1.);
#16704 = DIRECTION('',(0.707106781187,0.,-0.707106781187));
#16705 = ORIENTED_EDGE('',*,*,#16706,.F.);
#16706 = EDGE_CURVE('',#15622,#16699,#16707,.T.);
#16707 = LINE('',#16708,#16709);
#16708 = CARTESIAN_POINT('',(-100.525,0.,-0.3));
#16709 = VECTOR('',#16710,1.);
#16710 = DIRECTION('',(1.,0.,7.E-17));
#16711 = ORIENTED_EDGE('',*,*,#15621,.F.);
#16712 = ORIENTED_EDGE('',*,*,#15827,.T.);
#16713 = ORIENTED_EDGE('',*,*,#15797,.F.);
#16714 = PLANE('',#16715);
#16715 = AXIS2_PLACEMENT_3D('',#16716,#16717,#16718);
#16716 = CARTESIAN_POINT('',(-103.,0.,-6.05));
#16717 = DIRECTION('',(0.,1.,0.));
#16718 = DIRECTION('',(-1.,0.,0.));
#16719 = ADVANCED_FACE('',(#16720),#16731,.T.);
#16720 = FACE_BOUND('',#16721,.T.);
#16721 = EDGE_LOOP('',(#16722,#16723,#16724,#16725));
#16722 = ORIENTED_EDGE('',*,*,#16345,.T.);
#16723 = ORIENTED_EDGE('',*,*,#15629,.F.);
#16724 = ORIENTED_EDGE('',*,*,#16706,.T.);
#16725 = ORIENTED_EDGE('',*,*,#16726,.F.);
#16726 = EDGE_CURVE('',#16346,#16699,#16727,.T.);
#16727 = LINE('',#16728,#16729);
#16728 = CARTESIAN_POINT('',(-97.,0.25,-5.E-02));
#16729 = VECTOR('',#16730,1.);
#16730 = DIRECTION('',(-0.281084637715,-0.678598344546,-0.678598344546)
  );
#16731 = PLANE('',#16732);
#16732 = AXIS2_PLACEMENT_3D('',#16733,#16734,#16735);
#16733 = CARTESIAN_POINT('',(-100.525,0.125,-0.175));
#16734 = DIRECTION('',(0.,-0.707106781187,0.707106781187));
#16735 = DIRECTION('',(1.,3.E-17,3.E-17));
#16736 = ADVANCED_FACE('',(#16737),#16753,.T.);
#16737 = FACE_BOUND('',#16738,.T.);
#16738 = EDGE_LOOP('',(#16739,#16740,#16746,#16747));
#16739 = ORIENTED_EDGE('',*,*,#15894,.T.);
#16740 = ORIENTED_EDGE('',*,*,#16741,.F.);
#16741 = EDGE_CURVE('',#16651,#15895,#16742,.T.);
#16742 = LINE('',#16743,#16744);
#16743 = CARTESIAN_POINT('',(-109.75,0.,-1.153553390593));
#16744 = VECTOR('',#16745,1.);
#16745 = DIRECTION('',(-0.678598344546,0.678598344546,0.281084637715));
#16746 = ORIENTED_EDGE('',*,*,#16650,.T.);
#16747 = ORIENTED_EDGE('',*,*,#16748,.F.);
#16748 = EDGE_CURVE('',#15759,#16643,#16749,.T.);
#16749 = LINE('',#16750,#16751);
#16750 = CARTESIAN_POINT('',(-109.,0.25,-5.E-02));
#16751 = VECTOR('',#16752,1.);
#16752 = DIRECTION('',(0.281084637715,-0.678598344546,-0.678598344546));
#16753 = PLANE('',#16754);
#16754 = AXIS2_PLACEMENT_3D('',#16755,#16756,#16757);
#16755 = CARTESIAN_POINT('',(-109.1616116523,0.125,-0.388388347648));
#16756 = DIRECTION('',(-0.5,-0.707106781187,0.5));
#16757 = DIRECTION('',(0.707106781187,2.220446049249E-16,0.707106781187)
  );
#16758 = ADVANCED_FACE('',(#16759),#16770,.T.);
#16759 = FACE_BOUND('',#16760,.T.);
#16760 = EDGE_LOOP('',(#16761,#16762,#16763,#16764));
#16761 = ORIENTED_EDGE('',*,*,#16658,.T.);
#16762 = ORIENTED_EDGE('',*,*,#16741,.T.);
#16763 = ORIENTED_EDGE('',*,*,#15925,.T.);
#16764 = ORIENTED_EDGE('',*,*,#16765,.F.);
#16765 = EDGE_CURVE('',#16659,#15926,#16766,.T.);
#16766 = LINE('',#16767,#16768);
#16767 = CARTESIAN_POINT('',(-109.75,0.,-10.9464466094));
#16768 = VECTOR('',#16769,1.);
#16769 = DIRECTION('',(-0.678598344546,0.678598344546,-0.281084637715));
#16770 = PLANE('',#16771);
#16771 = AXIS2_PLACEMENT_3D('',#16772,#16773,#16774);
#16772 = CARTESIAN_POINT('',(-109.875,0.125,-9.05));
#16773 = DIRECTION('',(-0.707106781187,-0.707106781187,0.));
#16774 = DIRECTION('',(0.,0.,1.));
#16775 = ADVANCED_FACE('',(#16776),#16782,.T.);
#16776 = FACE_BOUND('',#16777,.T.);
#16777 = EDGE_LOOP('',(#16778,#16779,#16780,#16781));
#16778 = ORIENTED_EDGE('',*,*,#16642,.T.);
#16779 = ORIENTED_EDGE('',*,*,#15789,.F.);
#16780 = ORIENTED_EDGE('',*,*,#15766,.T.);
#16781 = ORIENTED_EDGE('',*,*,#16748,.T.);
#16782 = PLANE('',#16783);
#16783 = AXIS2_PLACEMENT_3D('',#16784,#16785,#16786);
#16784 = CARTESIAN_POINT('',(-100.525,0.125,-0.175));
#16785 = DIRECTION('',(0.,-0.707106781187,0.707106781187));
#16786 = DIRECTION('',(1.,3.E-17,3.E-17));
#16787 = ADVANCED_FACE('',(#16788),#16799,.T.);
#16788 = FACE_BOUND('',#16789,.T.);
#16789 = EDGE_LOOP('',(#16790,#16791,#16792,#16793));
#16790 = ORIENTED_EDGE('',*,*,#16666,.T.);
#16791 = ORIENTED_EDGE('',*,*,#16765,.T.);
#16792 = ORIENTED_EDGE('',*,*,#15956,.T.);
#16793 = ORIENTED_EDGE('',*,*,#16794,.F.);
#16794 = EDGE_CURVE('',#16667,#15957,#16795,.T.);
#16795 = LINE('',#16796,#16797);
#16796 = CARTESIAN_POINT('',(-108.8964466094,0.,-11.8));
#16797 = VECTOR('',#16798,1.);
#16798 = DIRECTION('',(-0.281084637715,0.678598344546,-0.678598344546));
#16799 = PLANE('',#16800);
#16800 = AXIS2_PLACEMENT_3D('',#16801,#16802,#16803);
#16801 = CARTESIAN_POINT('',(-109.1616116523,0.125,-11.71161165235));
#16802 = DIRECTION('',(-0.5,-0.707106781187,-0.5));
#16803 = DIRECTION('',(-0.707106781187,4.163336342346E-16,0.707106781187
    ));
#16804 = ADVANCED_FACE('',(#16805),#16816,.T.);
#16805 = FACE_BOUND('',#16806,.T.);
#16806 = EDGE_LOOP('',(#16807,#16808,#16809,#16810));
#16807 = ORIENTED_EDGE('',*,*,#16674,.T.);
#16808 = ORIENTED_EDGE('',*,*,#16794,.T.);
#16809 = ORIENTED_EDGE('',*,*,#15987,.T.);
#16810 = ORIENTED_EDGE('',*,*,#16811,.F.);
#16811 = EDGE_CURVE('',#16675,#15988,#16812,.T.);
#16812 = LINE('',#16813,#16814);
#16813 = CARTESIAN_POINT('',(-97.10355339059,0.,-11.8));
#16814 = VECTOR('',#16815,1.);
#16815 = DIRECTION('',(0.281084637715,0.678598344546,-0.678598344546));
#16816 = PLANE('',#16817);
#16817 = AXIS2_PLACEMENT_3D('',#16818,#16819,#16820);
#16818 = CARTESIAN_POINT('',(-99.5,0.125,-11.925));
#16819 = DIRECTION('',(0.,-0.707106781187,-0.707106781187));
#16820 = DIRECTION('',(-1.,-5.6E-16,5.6E-16));
#16821 = ADVANCED_FACE('',(#16822),#16833,.T.);
#16822 = FACE_BOUND('',#16823,.T.);
#16823 = EDGE_LOOP('',(#16824,#16825,#16826,#16827));
#16824 = ORIENTED_EDGE('',*,*,#16682,.T.);
#16825 = ORIENTED_EDGE('',*,*,#16811,.T.);
#16826 = ORIENTED_EDGE('',*,*,#16018,.T.);
#16827 = ORIENTED_EDGE('',*,*,#16828,.F.);
#16828 = EDGE_CURVE('',#16683,#16019,#16829,.T.);
#16829 = LINE('',#16830,#16831);
#16830 = CARTESIAN_POINT('',(-96.25,0.,-10.9464466094));
#16831 = VECTOR('',#16832,1.);
#16832 = DIRECTION('',(0.678598344546,0.678598344546,-0.281084637715));
#16833 = PLANE('',#16834);
#16834 = AXIS2_PLACEMENT_3D('',#16835,#16836,#16837);
#16835 = CARTESIAN_POINT('',(-96.83838834764,0.125,-11.71161165235));
#16836 = DIRECTION('',(0.5,-0.707106781187,-0.5));
#16837 = DIRECTION('',(-0.707106781187,3.330669073872E-16,
    -0.707106781187));
#16838 = ADVANCED_FACE('',(#16839),#16850,.T.);
#16839 = FACE_BOUND('',#16840,.T.);
#16840 = EDGE_LOOP('',(#16841,#16842,#16843,#16844));
#16841 = ORIENTED_EDGE('',*,*,#16690,.T.);
#16842 = ORIENTED_EDGE('',*,*,#16828,.T.);
#16843 = ORIENTED_EDGE('',*,*,#16410,.T.);
#16844 = ORIENTED_EDGE('',*,*,#16845,.F.);
#16845 = EDGE_CURVE('',#16691,#16380,#16846,.T.);
#16846 = LINE('',#16847,#16848);
#16847 = CARTESIAN_POINT('',(-96.25,0.,-1.153553390593));
#16848 = VECTOR('',#16849,1.);
#16849 = DIRECTION('',(0.678598344546,0.678598344546,0.281084637715));
#16850 = PLANE('',#16851);
#16851 = AXIS2_PLACEMENT_3D('',#16852,#16853,#16854);
#16852 = CARTESIAN_POINT('',(-96.125,0.125,-3.05));
#16853 = DIRECTION('',(0.707106781187,-0.707106781187,0.));
#16854 = DIRECTION('',(0.,0.,-1.));
#16855 = ADVANCED_FACE('',(#16856),#16862,.T.);
#16856 = FACE_BOUND('',#16857,.T.);
#16857 = EDGE_LOOP('',(#16858,#16859,#16860,#16861));
#16858 = ORIENTED_EDGE('',*,*,#16698,.T.);
#16859 = ORIENTED_EDGE('',*,*,#16845,.T.);
#16860 = ORIENTED_EDGE('',*,*,#16379,.T.);
#16861 = ORIENTED_EDGE('',*,*,#16726,.T.);
#16862 = PLANE('',#16863);
#16863 = AXIS2_PLACEMENT_3D('',#16864,#16865,#16866);
#16864 = CARTESIAN_POINT('',(-96.83838834764,0.125,-0.388388347648));
#16865 = DIRECTION('',(0.5,-0.707106781187,0.5));
#16866 = DIRECTION('',(0.707106781187,-5.551115123102E-17,
    -0.707106781187));
#16867 = ( GEOMETRIC_REPRESENTATION_CONTEXT(3) 
GLOBAL_UNCERTAINTY_ASSIGNED_CONTEXT((#16871)) 
GLOBAL_UNIT_ASSIGNED_CONTEXT((#16868,#16869,#16870)) 
REPRESENTATION_CONTEXT('Context #1',
  '3D Context with UNIT and UNCERTAINTY') );
#16868 = ( LENGTH_UNIT() NAMED_UNIT(*) SI_UNIT(.MILLI.,.METRE.) );
#16869 = ( NAMED_UNIT(*) PLANE_ANGLE_UNIT() SI_UNIT($,.RADIAN.) );
#16870 = ( NAMED_UNIT(*) SI_UNIT($,.STERADIAN.) SOLID_ANGLE_UNIT() );
#16871 = UNCERTAINTY_MEASURE_WITH_UNIT(LENGTH_MEASURE(1.E-06),#16868,
  'distance_accuracy_value','confusion accuracy');
#16872 = CONTEXT_DEPENDENT_SHAPE_REPRESENTATION(#16873,#16875);
#16873 = ( REPRESENTATION_RELATIONSHIP('','',#15596,#10) 
REPRESENTATION_RELATIONSHIP_WITH_TRANSFORMATION(#16874) 
SHAPE_REPRESENTATION_RELATIONSHIP() );
#16874 = ITEM_DEFINED_TRANSFORMATION('','',#11,#19);
#16875 = PRODUCT_DEFINITION_SHAPE('Placement','Placement of an item',
  #16876);
#16876 = NEXT_ASSEMBLY_USAGE_OCCURRENCE('2','macmini-cable-clip001','',
  #5,#15591,$);
#16877 = PRODUCT_RELATED_PRODUCT_CATEGORY('part',$,(#15593));
#16878 = SHAPE_DEFINITION_REPRESENTATION(#16879,#16885);
#16879 = PRODUCT_DEFINITION_SHAPE('','',#16880);
#16880 = PRODUCT_DEFINITION('design','',#16881,#16884);
#16881 = PRODUCT_DEFINITION_FORMATION('','',#16882);
#16882 = PRODUCT('macmini-cable-clip-mirrored',
  'macmini-cable-clip-mirrored','',(#16883));
#16883 = PRODUCT_CONTEXT('',#2,'mechanical');
#16884 = PRODUCT_DEFINITION_CONTEXT('part definition',#2,'design');
#16885 = ADVANCED_BREP_SHAPE_REPRESENTATION('',(#11,#16886),#18156);
#16886 = MANIFOLD_SOLID_BREP('',#16887);
#16887 = CLOSED_SHELL('',(#16888,#16936,#17010,#17058,#17082,#17104,
    #17121,#17138,#17241,#17265,#17289,#17313,#17337,#17448,#17479,
    #17504,#17528,#17559,#17590,#17621,#17652,#17669,#17691,#17708,
    #17725,#17742,#17759,#17776,#17793,#17820,#17844,#17868,#17892,
    #17916,#17940,#17964,#17988,#18008,#18025,#18047,#18064,#18081,
    #18093,#18110,#18127,#18144));
#16888 = ADVANCED_FACE('',(#16889),#16931,.F.);
#16889 = FACE_BOUND('',#16890,.T.);
#16890 = EDGE_LOOP('',(#16891,#16901,#16909,#16917,#16925));
#16891 = ORIENTED_EDGE('',*,*,#16892,.T.);
#16892 = EDGE_CURVE('',#16893,#16895,#16897,.T.);
#16893 = VERTEX_POINT('',#16894);
#16894 = CARTESIAN_POINT('',(-98.05,-3.8,4.));
#16895 = VERTEX_POINT('',#16896);
#16896 = CARTESIAN_POINT('',(-98.05,-3.8,5.000000000001E-02));
#16897 = LINE('',#16898,#16899);
#16898 = CARTESIAN_POINT('',(-98.05,-3.8,4.25));
#16899 = VECTOR('',#16900,1.);
#16900 = DIRECTION('',(0.,0.,-1.));
#16901 = ORIENTED_EDGE('',*,*,#16902,.F.);
#16902 = EDGE_CURVE('',#16903,#16895,#16905,.T.);
#16903 = VERTEX_POINT('',#16904);
#16904 = CARTESIAN_POINT('',(-98.05,0.25,5.000000000001E-02));
#16905 = LINE('',#16906,#16907);
#16906 = CARTESIAN_POINT('',(-98.05,0.,5.E-02));
#16907 = VECTOR('',#16908,1.);
#16908 = DIRECTION('',(0.,-1.,0.));
#16909 = ORIENTED_EDGE('',*,*,#16910,.T.);
#16910 = EDGE_CURVE('',#16903,#16911,#16913,.T.);
#16911 = VERTEX_POINT('',#16912);
#16912 = CARTESIAN_POINT('',(-98.05,0.,0.3));
#16913 = LINE('',#16914,#16915);
#16914 = CARTESIAN_POINT('',(-98.05,-0.8625,1.1625));
#16915 = VECTOR('',#16916,1.);
#16916 = DIRECTION('',(0.,-0.707106781187,0.707106781187));
#16917 = ORIENTED_EDGE('',*,*,#16918,.F.);
#16918 = EDGE_CURVE('',#16919,#16911,#16921,.T.);
#16919 = VERTEX_POINT('',#16920);
#16920 = CARTESIAN_POINT('',(-98.05,0.,4.));
#16921 = LINE('',#16922,#16923);
#16922 = CARTESIAN_POINT('',(-98.05,0.,4.));
#16923 = VECTOR('',#16924,1.);
#16924 = DIRECTION('',(0.,0.,-1.));
#16925 = ORIENTED_EDGE('',*,*,#16926,.T.);
#16926 = EDGE_CURVE('',#16919,#16893,#16927,.T.);
#16927 = LINE('',#16928,#16929);
#16928 = CARTESIAN_POINT('',(-98.05,0.,4.));
#16929 = VECTOR('',#16930,1.);
#16930 = DIRECTION('',(0.,-1.,0.));
#16931 = PLANE('',#16932);
#16932 = AXIS2_PLACEMENT_3D('',#16933,#16934,#16935);
#16933 = CARTESIAN_POINT('',(-98.05,0.,4.));
#16934 = DIRECTION('',(-1.,0.,0.));
#16935 = DIRECTION('',(0.,0.,-1.));
#16936 = ADVANCED_FACE('',(#16937),#17005,.T.);
#16937 = FACE_BOUND('',#16938,.T.);
#16938 = EDGE_LOOP('',(#16939,#16949,#16958,#16966,#16974,#16982,#16991,
    #16999));
#16939 = ORIENTED_EDGE('',*,*,#16940,.T.);
#16940 = EDGE_CURVE('',#16941,#16943,#16945,.T.);
#16941 = VERTEX_POINT('',#16942);
#16942 = CARTESIAN_POINT('',(-98.25,-4.,5.000000000001E-02));
#16943 = VERTEX_POINT('',#16944);
#16944 = CARTESIAN_POINT('',(-98.25,-4.,4.));
#16945 = LINE('',#16946,#16947);
#16946 = CARTESIAN_POINT('',(-98.25,-4.,4.25));
#16947 = VECTOR('',#16948,1.);
#16948 = DIRECTION('',(0.,0.,1.));
#16949 = ORIENTED_EDGE('',*,*,#16950,.T.);
#16950 = EDGE_CURVE('',#16943,#16951,#16953,.T.);
#16951 = VERTEX_POINT('',#16952);
#16952 = CARTESIAN_POINT('',(-107.75,-4.,4.));
#16953 = CIRCLE('',#16954,4.75);
#16954 = AXIS2_PLACEMENT_3D('',#16955,#16956,#16957);
#16955 = CARTESIAN_POINT('',(-103.,-4.,4.));
#16956 = DIRECTION('',(0.,-1.,0.));
#16957 = DIRECTION('',(1.,0.,0.));
#16958 = ORIENTED_EDGE('',*,*,#16959,.T.);
#16959 = EDGE_CURVE('',#16951,#16960,#16962,.T.);
#16960 = VERTEX_POINT('',#16961);
#16961 = CARTESIAN_POINT('',(-107.75,-4.,5.000000000001E-02));
#16962 = LINE('',#16963,#16964);
#16963 = CARTESIAN_POINT('',(-107.75,-4.,2.275));
#16964 = VECTOR('',#16965,1.);
#16965 = DIRECTION('',(0.,0.,-1.));
#16966 = ORIENTED_EDGE('',*,*,#16967,.F.);
#16967 = EDGE_CURVE('',#16968,#16960,#16970,.T.);
#16968 = VERTEX_POINT('',#16969);
#16969 = CARTESIAN_POINT('',(-105.,-4.,5.000000000001E-02));
#16970 = LINE('',#16971,#16972);
#16971 = CARTESIAN_POINT('',(-98.05,-4.,5.E-02));
#16972 = VECTOR('',#16973,1.);
#16973 = DIRECTION('',(-1.,0.,7.E-17));
#16974 = ORIENTED_EDGE('',*,*,#16975,.F.);
#16975 = EDGE_CURVE('',#16976,#16968,#16978,.T.);
#16976 = VERTEX_POINT('',#16977);
#16977 = CARTESIAN_POINT('',(-105.,-4.,1.05));
#16978 = LINE('',#16979,#16980);
#16979 = CARTESIAN_POINT('',(-105.,-4.,1.775));
#16980 = VECTOR('',#16981,1.);
#16981 = DIRECTION('',(0.,0.,-1.));
#16982 = ORIENTED_EDGE('',*,*,#16983,.F.);
#16983 = EDGE_CURVE('',#16984,#16976,#16986,.T.);
#16984 = VERTEX_POINT('',#16985);
#16985 = CARTESIAN_POINT('',(-100.9999999999,-4.,1.05));
#16986 = CIRCLE('',#16987,2.000000000013);
#16987 = AXIS2_PLACEMENT_3D('',#16988,#16989,#16990);
#16988 = CARTESIAN_POINT('',(-103.,-4.,1.05));
#16989 = DIRECTION('',(0.,-1.,0.));
#16990 = DIRECTION('',(1.,0.,-6.9E-16));
#16991 = ORIENTED_EDGE('',*,*,#16992,.F.);
#16992 = EDGE_CURVE('',#16993,#16984,#16995,.T.);
#16993 = VERTEX_POINT('',#16994);
#16994 = CARTESIAN_POINT('',(-100.9999999999,-4.,5.000000000001E-02));
#16995 = LINE('',#16996,#16997);
#16996 = CARTESIAN_POINT('',(-100.9999999999,-4.,2.775));
#16997 = VECTOR('',#16998,1.);
#16998 = DIRECTION('',(0.,0.,1.));
#16999 = ORIENTED_EDGE('',*,*,#17000,.F.);
#17000 = EDGE_CURVE('',#16941,#16993,#17001,.T.);
#17001 = LINE('',#17002,#17003);
#17002 = CARTESIAN_POINT('',(-98.05,-4.,5.E-02));
#17003 = VECTOR('',#17004,1.);
#17004 = DIRECTION('',(-1.,0.,7.E-17));
#17005 = PLANE('',#17006);
#17006 = AXIS2_PLACEMENT_3D('',#17007,#17008,#17009);
#17007 = CARTESIAN_POINT('',(-103.,-4.,4.5));
#17008 = DIRECTION('',(0.,-1.,0.));
#17009 = DIRECTION('',(-1.,0.,0.));
#17010 = ADVANCED_FACE('',(#17011),#17053,.F.);
#17011 = FACE_BOUND('',#17012,.T.);
#17012 = EDGE_LOOP('',(#17013,#17023,#17031,#17039,#17047));
#17013 = ORIENTED_EDGE('',*,*,#17014,.T.);
#17014 = EDGE_CURVE('',#17015,#17017,#17019,.T.);
#17015 = VERTEX_POINT('',#17016);
#17016 = CARTESIAN_POINT('',(-107.95,-3.8,5.000000000001E-02));
#17017 = VERTEX_POINT('',#17018);
#17018 = CARTESIAN_POINT('',(-107.95,-3.8,4.));
#17019 = LINE('',#17020,#17021);
#17020 = CARTESIAN_POINT('',(-107.95,-3.8,2.275));
#17021 = VECTOR('',#17022,1.);
#17022 = DIRECTION('',(0.,0.,1.));
#17023 = ORIENTED_EDGE('',*,*,#17024,.F.);
#17024 = EDGE_CURVE('',#17025,#17017,#17027,.T.);
#17025 = VERTEX_POINT('',#17026);
#17026 = CARTESIAN_POINT('',(-107.95,0.,4.));
#17027 = LINE('',#17028,#17029);
#17028 = CARTESIAN_POINT('',(-107.95,0.,4.));
#17029 = VECTOR('',#17030,1.);
#17030 = DIRECTION('',(0.,-1.,0.));
#17031 = ORIENTED_EDGE('',*,*,#17032,.F.);
#17032 = EDGE_CURVE('',#17033,#17025,#17035,.T.);
#17033 = VERTEX_POINT('',#17034);
#17034 = CARTESIAN_POINT('',(-107.95,0.,0.3));
#17035 = LINE('',#17036,#17037);
#17036 = CARTESIAN_POINT('',(-107.95,0.,-4.));
#17037 = VECTOR('',#17038,1.);
#17038 = DIRECTION('',(0.,0.,1.));
#17039 = ORIENTED_EDGE('',*,*,#17040,.T.);
#17040 = EDGE_CURVE('',#17033,#17041,#17043,.T.);
#17041 = VERTEX_POINT('',#17042);
#17042 = CARTESIAN_POINT('',(-107.95,0.25,5.000000000001E-02));
#17043 = LINE('',#17044,#17045);
#17044 = CARTESIAN_POINT('',(-107.95,0.125,0.175));
#17045 = VECTOR('',#17046,1.);
#17046 = DIRECTION('',(0.,0.707106781187,-0.707106781187));
#17047 = ORIENTED_EDGE('',*,*,#17048,.T.);
#17048 = EDGE_CURVE('',#17041,#17015,#17049,.T.);
#17049 = LINE('',#17050,#17051);
#17050 = CARTESIAN_POINT('',(-107.95,0.,5.E-02));
#17051 = VECTOR('',#17052,1.);
#17052 = DIRECTION('',(0.,-1.,0.));
#17053 = PLANE('',#17054);
#17054 = AXIS2_PLACEMENT_3D('',#17055,#17056,#17057);
#17055 = CARTESIAN_POINT('',(-107.95,0.,5.E-02));
#17056 = DIRECTION('',(1.,0.,0.));
#17057 = DIRECTION('',(0.,0.,1.));
#17058 = ADVANCED_FACE('',(#17059),#17077,.T.);
#17059 = FACE_BOUND('',#17060,.T.);
#17060 = EDGE_LOOP('',(#17061,#17068,#17069,#17076));
#17061 = ORIENTED_EDGE('',*,*,#17062,.T.);
#17062 = EDGE_CURVE('',#17017,#16893,#17063,.T.);
#17063 = CIRCLE('',#17064,4.95);
#17064 = AXIS2_PLACEMENT_3D('',#17065,#17066,#17067);
#17065 = CARTESIAN_POINT('',(-103.,-3.8,4.));
#17066 = DIRECTION('',(-0.,1.,0.));
#17067 = DIRECTION('',(1.,0.,0.));
#17068 = ORIENTED_EDGE('',*,*,#16926,.F.);
#17069 = ORIENTED_EDGE('',*,*,#17070,.T.);
#17070 = EDGE_CURVE('',#16919,#17025,#17071,.T.);
#17071 = CIRCLE('',#17072,4.95);
#17072 = AXIS2_PLACEMENT_3D('',#17073,#17074,#17075);
#17073 = CARTESIAN_POINT('',(-103.,0.,4.));
#17074 = DIRECTION('',(0.,-1.,0.));
#17075 = DIRECTION('',(1.,0.,0.));
#17076 = ORIENTED_EDGE('',*,*,#17024,.T.);
#17077 = CYLINDRICAL_SURFACE('',#17078,4.95);
#17078 = AXIS2_PLACEMENT_3D('',#17079,#17080,#17081);
#17079 = CARTESIAN_POINT('',(-103.,0.,4.));
#17080 = DIRECTION('',(0.,1.,0.));
#17081 = DIRECTION('',(1.,0.,0.));
#17082 = ADVANCED_FACE('',(#17083),#17099,.F.);
#17083 = FACE_BOUND('',#17084,.T.);
#17084 = EDGE_LOOP('',(#17085,#17091,#17092,#17098));
#17085 = ORIENTED_EDGE('',*,*,#17086,.F.);
#17086 = EDGE_CURVE('',#16895,#16941,#17087,.T.);
#17087 = LINE('',#17088,#17089);
#17088 = CARTESIAN_POINT('',(-97.15,-2.9,5.E-02));
#17089 = VECTOR('',#17090,1.);
#17090 = DIRECTION('',(-0.707106781187,-0.707106781187,5.E-17));
#17091 = ORIENTED_EDGE('',*,*,#16892,.F.);
#17092 = ORIENTED_EDGE('',*,*,#17093,.T.);
#17093 = EDGE_CURVE('',#16893,#16943,#17094,.T.);
#17094 = LINE('',#17095,#17096);
#17095 = CARTESIAN_POINT('',(-98.05,-3.8,4.));
#17096 = VECTOR('',#17097,1.);
#17097 = DIRECTION('',(-0.707106781187,-0.707106781187,3.93E-15));
#17098 = ORIENTED_EDGE('',*,*,#16940,.F.);
#17099 = PLANE('',#17100);
#17100 = AXIS2_PLACEMENT_3D('',#17101,#17102,#17103);
#17101 = CARTESIAN_POINT('',(-98.15,-3.9,4.25));
#17102 = DIRECTION('',(-0.707106781187,0.707106781187,0.));
#17103 = DIRECTION('',(0.,0.,1.));
#17104 = ADVANCED_FACE('',(#17105),#17116,.T.);
#17105 = FACE_BOUND('',#17106,.T.);
#17106 = EDGE_LOOP('',(#17107,#17108,#17109,#17115));
#17107 = ORIENTED_EDGE('',*,*,#17093,.F.);
#17108 = ORIENTED_EDGE('',*,*,#17062,.F.);
#17109 = ORIENTED_EDGE('',*,*,#17110,.T.);
#17110 = EDGE_CURVE('',#17017,#16951,#17111,.T.);
#17111 = LINE('',#17112,#17113);
#17112 = CARTESIAN_POINT('',(-107.95,-3.8,4.));
#17113 = VECTOR('',#17114,1.);
#17114 = DIRECTION('',(0.707106781187,-0.707106781187,0.));
#17115 = ORIENTED_EDGE('',*,*,#16950,.F.);
#17116 = CONICAL_SURFACE('',#17117,4.85,0.785398163397);
#17117 = AXIS2_PLACEMENT_3D('',#17118,#17119,#17120);
#17118 = CARTESIAN_POINT('',(-103.,-3.9,4.));
#17119 = DIRECTION('',(0.,1.,0.));
#17120 = DIRECTION('',(1.,0.,0.));
#17121 = ADVANCED_FACE('',(#17122),#17133,.F.);
#17122 = FACE_BOUND('',#17123,.T.);
#17123 = EDGE_LOOP('',(#17124,#17130,#17131,#17132));
#17124 = ORIENTED_EDGE('',*,*,#17125,.F.);
#17125 = EDGE_CURVE('',#16960,#17015,#17126,.T.);
#17126 = LINE('',#17127,#17128);
#17127 = CARTESIAN_POINT('',(-106.375,-5.375,5.E-02));
#17128 = VECTOR('',#17129,1.);
#17129 = DIRECTION('',(-0.707106781187,0.707106781187,5.E-17));
#17130 = ORIENTED_EDGE('',*,*,#16959,.F.);
#17131 = ORIENTED_EDGE('',*,*,#17110,.F.);
#17132 = ORIENTED_EDGE('',*,*,#17014,.F.);
#17133 = PLANE('',#17134);
#17134 = AXIS2_PLACEMENT_3D('',#17135,#17136,#17137);
#17135 = CARTESIAN_POINT('',(-107.85,-3.9,2.275));
#17136 = DIRECTION('',(0.707106781187,0.707106781187,0.));
#17137 = DIRECTION('',(0.,0.,-1.));
#17138 = ADVANCED_FACE('',(#17139,#17150,#17161),#17236,.T.);
#17139 = FACE_BOUND('',#17140,.T.);
#17140 = EDGE_LOOP('',(#17141));
#17141 = ORIENTED_EDGE('',*,*,#17142,.F.);
#17142 = EDGE_CURVE('',#17143,#17143,#17145,.T.);
#17143 = VERTEX_POINT('',#17144);
#17144 = CARTESIAN_POINT('',(-108.932233047,0.,9.782233047034));
#17145 = CIRCLE('',#17146,1.2);
#17146 = AXIS2_PLACEMENT_3D('',#17147,#17148,#17149);
#17147 = CARTESIAN_POINT('',(-107.732233047,0.,9.782233047034));
#17148 = DIRECTION('',(0.,-1.,0.));
#17149 = DIRECTION('',(-1.,0.,0.));
#17150 = FACE_BOUND('',#17151,.T.);
#17151 = EDGE_LOOP('',(#17152));
#17152 = ORIENTED_EDGE('',*,*,#17153,.F.);
#17153 = EDGE_CURVE('',#17154,#17154,#17156,.T.);
#17154 = VERTEX_POINT('',#17155);
#17155 = CARTESIAN_POINT('',(-99.46776695296,0.,9.782233047034));
#17156 = CIRCLE('',#17157,1.2);
#17157 = AXIS2_PLACEMENT_3D('',#17158,#17159,#17160);
#17158 = CARTESIAN_POINT('',(-98.26776695296,0.,9.782233047034));
#17159 = DIRECTION('',(0.,-1.,0.));
#17160 = DIRECTION('',(-1.,0.,0.));
#17161 = FACE_BOUND('',#17162,.T.);
#17162 = EDGE_LOOP('',(#17163,#17171,#17172,#17173,#17174,#17182,#17190,
    #17198,#17206,#17214,#17222,#17230));
#17163 = ORIENTED_EDGE('',*,*,#17164,.F.);
#17164 = EDGE_CURVE('',#17033,#17165,#17167,.T.);
#17165 = VERTEX_POINT('',#17166);
#17166 = CARTESIAN_POINT('',(-108.8964466094,0.,0.3));
#17167 = LINE('',#17168,#17169);
#17168 = CARTESIAN_POINT('',(-100.525,0.,0.3));
#17169 = VECTOR('',#17170,1.);
#17170 = DIRECTION('',(-1.,0.,7.E-17));
#17171 = ORIENTED_EDGE('',*,*,#17032,.T.);
#17172 = ORIENTED_EDGE('',*,*,#17070,.F.);
#17173 = ORIENTED_EDGE('',*,*,#16918,.T.);
#17174 = ORIENTED_EDGE('',*,*,#17175,.F.);
#17175 = EDGE_CURVE('',#17176,#16911,#17178,.T.);
#17176 = VERTEX_POINT('',#17177);
#17177 = CARTESIAN_POINT('',(-97.10355339059,0.,0.3));
#17178 = LINE('',#17179,#17180);
#17179 = CARTESIAN_POINT('',(-100.525,0.,0.3));
#17180 = VECTOR('',#17181,1.);
#17181 = DIRECTION('',(-1.,0.,7.E-17));
#17182 = ORIENTED_EDGE('',*,*,#17183,.F.);
#17183 = EDGE_CURVE('',#17184,#17176,#17186,.T.);
#17184 = VERTEX_POINT('',#17185);
#17185 = CARTESIAN_POINT('',(-96.25,0.,1.153553390593));
#17186 = LINE('',#17187,#17188);
#17187 = CARTESIAN_POINT('',(-96.92677669529,0.,0.476776695297));
#17188 = VECTOR('',#17189,1.);
#17189 = DIRECTION('',(-0.707106781187,0.,-0.707106781187));
#17190 = ORIENTED_EDGE('',*,*,#17191,.F.);
#17191 = EDGE_CURVE('',#17192,#17184,#17194,.T.);
#17192 = VERTEX_POINT('',#17193);
#17193 = CARTESIAN_POINT('',(-96.25,0.,10.946446609407));
#17194 = LINE('',#17195,#17196);
#17195 = CARTESIAN_POINT('',(-96.25,0.,3.05));
#17196 = VECTOR('',#17197,1.);
#17197 = DIRECTION('',(0.,0.,-1.));
#17198 = ORIENTED_EDGE('',*,*,#17199,.F.);
#17199 = EDGE_CURVE('',#17200,#17192,#17202,.T.);
#17200 = VERTEX_POINT('',#17201);
#17201 = CARTESIAN_POINT('',(-97.10355339059,0.,11.8));
#17202 = LINE('',#17203,#17204);
#17203 = CARTESIAN_POINT('',(-96.92677669529,0.,11.623223304703));
#17204 = VECTOR('',#17205,1.);
#17205 = DIRECTION('',(0.707106781187,0.,-0.707106781187));
#17206 = ORIENTED_EDGE('',*,*,#17207,.F.);
#17207 = EDGE_CURVE('',#17208,#17200,#17210,.T.);
#17208 = VERTEX_POINT('',#17209);
#17209 = CARTESIAN_POINT('',(-108.8964466094,2.84217094304E-14,11.8));
#17210 = LINE('',#17211,#17212);
#17211 = CARTESIAN_POINT('',(-99.5,0.,11.8));
#17212 = VECTOR('',#17213,1.);
#17213 = DIRECTION('',(1.,0.,1.11E-15));
#17214 = ORIENTED_EDGE('',*,*,#17215,.F.);
#17215 = EDGE_CURVE('',#17216,#17208,#17218,.T.);
#17216 = VERTEX_POINT('',#17217);
#17217 = CARTESIAN_POINT('',(-109.75,0.,10.946446609407));
#17218 = LINE('',#17219,#17220);
#17219 = CARTESIAN_POINT('',(-109.0732233047,0.,11.623223304703));
#17220 = VECTOR('',#17221,1.);
#17221 = DIRECTION('',(0.707106781187,0.,0.707106781187));
#17222 = ORIENTED_EDGE('',*,*,#17223,.F.);
#17223 = EDGE_CURVE('',#17224,#17216,#17226,.T.);
#17224 = VERTEX_POINT('',#17225);
#17225 = CARTESIAN_POINT('',(-109.75,-2.84217094304E-14,1.153553390593)
  );
#17226 = LINE('',#17227,#17228);
#17227 = CARTESIAN_POINT('',(-109.75,0.,9.05));
#17228 = VECTOR('',#17229,1.);
#17229 = DIRECTION('',(0.,0.,1.));
#17230 = ORIENTED_EDGE('',*,*,#17231,.F.);
#17231 = EDGE_CURVE('',#17165,#17224,#17232,.T.);
#17232 = LINE('',#17233,#17234);
#17233 = CARTESIAN_POINT('',(-109.0732233047,0.,0.476776695297));
#17234 = VECTOR('',#17235,1.);
#17235 = DIRECTION('',(-0.707106781187,0.,0.707106781187));
#17236 = PLANE('',#17237);
#17237 = AXIS2_PLACEMENT_3D('',#17238,#17239,#17240);
#17238 = CARTESIAN_POINT('',(-103.,0.,6.05));
#17239 = DIRECTION('',(0.,-1.,0.));
#17240 = DIRECTION('',(-1.,0.,0.));
#17241 = ADVANCED_FACE('',(#17242),#17260,.F.);
#17242 = FACE_BOUND('',#17243,.F.);
#17243 = EDGE_LOOP('',(#17244,#17245,#17252,#17259));
#17244 = ORIENTED_EDGE('',*,*,#17153,.F.);
#17245 = ORIENTED_EDGE('',*,*,#17246,.T.);
#17246 = EDGE_CURVE('',#17154,#17247,#17249,.T.);
#17247 = VERTEX_POINT('',#17248);
#17248 = CARTESIAN_POINT('',(-99.46776695296,1.75,9.782233047034));
#17249 = B_SPLINE_CURVE_WITH_KNOTS('',1,(#17250,#17251),.UNSPECIFIED.,
  .F.,.F.,(2,2),(-2.,-0.25),.PIECEWISE_BEZIER_KNOTS.);
#17250 = CARTESIAN_POINT('',(-99.46776695296,0.,9.782233047034));
#17251 = CARTESIAN_POINT('',(-99.46776695296,1.75,9.782233047034));
#17252 = ORIENTED_EDGE('',*,*,#17253,.T.);
#17253 = EDGE_CURVE('',#17247,#17247,#17254,.T.);
#17254 = CIRCLE('',#17255,1.2);
#17255 = AXIS2_PLACEMENT_3D('',#17256,#17257,#17258);
#17256 = CARTESIAN_POINT('',(-98.26776695296,1.75,9.782233047034));
#17257 = DIRECTION('',(0.,-1.,0.));
#17258 = DIRECTION('',(-1.,0.,0.));
#17259 = ORIENTED_EDGE('',*,*,#17246,.F.);
#17260 = CYLINDRICAL_SURFACE('',#17261,1.2);
#17261 = AXIS2_PLACEMENT_3D('',#17262,#17263,#17264);
#17262 = CARTESIAN_POINT('',(-98.26776695296,2.,9.782233047034));
#17263 = DIRECTION('',(0.,1.,0.));
#17264 = DIRECTION('',(-1.,0.,0.));
#17265 = ADVANCED_FACE('',(#17266),#17284,.F.);
#17266 = FACE_BOUND('',#17267,.F.);
#17267 = EDGE_LOOP('',(#17268,#17277,#17282,#17283));
#17268 = ORIENTED_EDGE('',*,*,#17269,.F.);
#17269 = EDGE_CURVE('',#17270,#17270,#17272,.T.);
#17270 = VERTEX_POINT('',#17271);
#17271 = CARTESIAN_POINT('',(-99.71776695296,2.,9.782233047034));
#17272 = CIRCLE('',#17273,1.45);
#17273 = AXIS2_PLACEMENT_3D('',#17274,#17275,#17276);
#17274 = CARTESIAN_POINT('',(-98.26776695296,2.,9.782233047034));
#17275 = DIRECTION('',(0.,1.,0.));
#17276 = DIRECTION('',(-1.,0.,0.));
#17277 = ORIENTED_EDGE('',*,*,#17278,.F.);
#17278 = EDGE_CURVE('',#17247,#17270,#17279,.T.);
#17279 = B_SPLINE_CURVE_WITH_KNOTS('',1,(#17280,#17281),.UNSPECIFIED.,
  .F.,.F.,(2,2),(-0.176776695297,0.176776695297),
  .PIECEWISE_BEZIER_KNOTS.);
#17280 = CARTESIAN_POINT('',(-99.46776695296,1.75,9.782233047034));
#17281 = CARTESIAN_POINT('',(-99.71776695296,2.,9.782233047034));
#17282 = ORIENTED_EDGE('',*,*,#17253,.F.);
#17283 = ORIENTED_EDGE('',*,*,#17278,.T.);
#17284 = CONICAL_SURFACE('',#17285,1.325,0.785398163397);
#17285 = AXIS2_PLACEMENT_3D('',#17286,#17287,#17288);
#17286 = CARTESIAN_POINT('',(-98.26776695296,1.875,9.782233047034));
#17287 = DIRECTION('',(0.,1.,0.));
#17288 = DIRECTION('',(-1.,0.,0.));
#17289 = ADVANCED_FACE('',(#17290),#17308,.F.);
#17290 = FACE_BOUND('',#17291,.F.);
#17291 = EDGE_LOOP('',(#17292,#17293,#17300,#17307));
#17292 = ORIENTED_EDGE('',*,*,#17142,.F.);
#17293 = ORIENTED_EDGE('',*,*,#17294,.T.);
#17294 = EDGE_CURVE('',#17143,#17295,#17297,.T.);
#17295 = VERTEX_POINT('',#17296);
#17296 = CARTESIAN_POINT('',(-108.932233047,1.75,9.782233047034));
#17297 = B_SPLINE_CURVE_WITH_KNOTS('',1,(#17298,#17299),.UNSPECIFIED.,
  .F.,.F.,(2,2),(-2.,-0.25),.PIECEWISE_BEZIER_KNOTS.);
#17298 = CARTESIAN_POINT('',(-108.932233047,0.,9.782233047034));
#17299 = CARTESIAN_POINT('',(-108.932233047,1.75,9.782233047034));
#17300 = ORIENTED_EDGE('',*,*,#17301,.T.);
#17301 = EDGE_CURVE('',#17295,#17295,#17302,.T.);
#17302 = CIRCLE('',#17303,1.2);
#17303 = AXIS2_PLACEMENT_3D('',#17304,#17305,#17306);
#17304 = CARTESIAN_POINT('',(-107.732233047,1.75,9.782233047034));
#17305 = DIRECTION('',(0.,-1.,0.));
#17306 = DIRECTION('',(-1.,0.,0.));
#17307 = ORIENTED_EDGE('',*,*,#17294,.F.);
#17308 = CYLINDRICAL_SURFACE('',#17309,1.2);
#17309 = AXIS2_PLACEMENT_3D('',#17310,#17311,#17312);
#17310 = CARTESIAN_POINT('',(-107.732233047,2.,9.782233047034));
#17311 = DIRECTION('',(0.,1.,0.));
#17312 = DIRECTION('',(-1.,0.,0.));
#17313 = ADVANCED_FACE('',(#17314),#17332,.F.);
#17314 = FACE_BOUND('',#17315,.F.);
#17315 = EDGE_LOOP('',(#17316,#17325,#17330,#17331));
#17316 = ORIENTED_EDGE('',*,*,#17317,.F.);
#17317 = EDGE_CURVE('',#17318,#17318,#17320,.T.);
#17318 = VERTEX_POINT('',#17319);
#17319 = CARTESIAN_POINT('',(-109.182233047,2.,9.782233047034));
#17320 = CIRCLE('',#17321,1.45);
#17321 = AXIS2_PLACEMENT_3D('',#17322,#17323,#17324);
#17322 = CARTESIAN_POINT('',(-107.732233047,2.,9.782233047034));
#17323 = DIRECTION('',(0.,1.,0.));
#17324 = DIRECTION('',(-1.,0.,0.));
#17325 = ORIENTED_EDGE('',*,*,#17326,.F.);
#17326 = EDGE_CURVE('',#17295,#17318,#17327,.T.);
#17327 = B_SPLINE_CURVE_WITH_KNOTS('',1,(#17328,#17329),.UNSPECIFIED.,
  .F.,.F.,(2,2),(-0.176776695297,0.176776695297),
  .PIECEWISE_BEZIER_KNOTS.);
#17328 = CARTESIAN_POINT('',(-108.932233047,1.75,9.782233047034));
#17329 = CARTESIAN_POINT('',(-109.182233047,2.,9.782233047034));
#17330 = ORIENTED_EDGE('',*,*,#17301,.F.);
#17331 = ORIENTED_EDGE('',*,*,#17326,.T.);
#17332 = CONICAL_SURFACE('',#17333,1.325,0.785398163397);
#17333 = AXIS2_PLACEMENT_3D('',#17334,#17335,#17336);
#17334 = CARTESIAN_POINT('',(-107.732233047,1.875,9.782233047034));
#17335 = DIRECTION('',(0.,1.,0.));
#17336 = DIRECTION('',(-1.,0.,0.));
#17337 = ADVANCED_FACE('',(#17338,#17341,#17344),#17443,.F.);
#17338 = FACE_BOUND('',#17339,.T.);
#17339 = EDGE_LOOP('',(#17340));
#17340 = ORIENTED_EDGE('',*,*,#17269,.F.);
#17341 = FACE_BOUND('',#17342,.T.);
#17342 = EDGE_LOOP('',(#17343));
#17343 = ORIENTED_EDGE('',*,*,#17317,.F.);
#17344 = FACE_BOUND('',#17345,.T.);
#17345 = EDGE_LOOP('',(#17346,#17356,#17364,#17372,#17380,#17389,#17397,
    #17405,#17413,#17421,#17429,#17437));
#17346 = ORIENTED_EDGE('',*,*,#17347,.F.);
#17347 = EDGE_CURVE('',#17348,#17350,#17352,.T.);
#17348 = VERTEX_POINT('',#17349);
#17349 = CARTESIAN_POINT('',(-96.25,2.,1.153553390593));
#17350 = VERTEX_POINT('',#17351);
#17351 = CARTESIAN_POINT('',(-96.25,2.,10.946446609407));
#17352 = LINE('',#17353,#17354);
#17353 = CARTESIAN_POINT('',(-96.25,2.,3.05));
#17354 = VECTOR('',#17355,1.);
#17355 = DIRECTION('',(0.,0.,1.));
#17356 = ORIENTED_EDGE('',*,*,#17357,.F.);
#17357 = EDGE_CURVE('',#17358,#17348,#17360,.T.);
#17358 = VERTEX_POINT('',#17359);
#17359 = CARTESIAN_POINT('',(-97.10355339059,2.,0.3));
#17360 = LINE('',#17361,#17362);
#17361 = CARTESIAN_POINT('',(-96.92677669529,2.,0.476776695297));
#17362 = VECTOR('',#17363,1.);
#17363 = DIRECTION('',(0.707106781187,0.,0.707106781187));
#17364 = ORIENTED_EDGE('',*,*,#17365,.F.);
#17365 = EDGE_CURVE('',#17366,#17358,#17368,.T.);
#17366 = VERTEX_POINT('',#17367);
#17367 = CARTESIAN_POINT('',(-100.7499999999,2.,0.3));
#17368 = LINE('',#17369,#17370);
#17369 = CARTESIAN_POINT('',(-100.525,2.,0.3));
#17370 = VECTOR('',#17371,1.);
#17371 = DIRECTION('',(1.,0.,-7.E-17));
#17372 = ORIENTED_EDGE('',*,*,#17373,.F.);
#17373 = EDGE_CURVE('',#17374,#17366,#17376,.T.);
#17374 = VERTEX_POINT('',#17375);
#17375 = CARTESIAN_POINT('',(-100.7499999999,2.,1.05));
#17376 = LINE('',#17377,#17378);
#17377 = CARTESIAN_POINT('',(-100.7499999999,2.,3.55));
#17378 = VECTOR('',#17379,1.);
#17379 = DIRECTION('',(0.,0.,-1.));
#17380 = ORIENTED_EDGE('',*,*,#17381,.F.);
#17381 = EDGE_CURVE('',#17382,#17374,#17384,.T.);
#17382 = VERTEX_POINT('',#17383);
#17383 = CARTESIAN_POINT('',(-105.25,2.,1.05));
#17384 = CIRCLE('',#17385,2.250000000013);
#17385 = AXIS2_PLACEMENT_3D('',#17386,#17387,#17388);
#17386 = CARTESIAN_POINT('',(-103.,2.,1.05));
#17387 = DIRECTION('',(0.,1.,0.));
#17388 = DIRECTION('',(1.,0.,-6.9E-16));
#17389 = ORIENTED_EDGE('',*,*,#17390,.F.);
#17390 = EDGE_CURVE('',#17391,#17382,#17393,.T.);
#17391 = VERTEX_POINT('',#17392);
#17392 = CARTESIAN_POINT('',(-105.25,2.,0.3));
#17393 = LINE('',#17394,#17395);
#17394 = CARTESIAN_POINT('',(-105.25,2.,2.55));
#17395 = VECTOR('',#17396,1.);
#17396 = DIRECTION('',(0.,0.,1.));
#17397 = ORIENTED_EDGE('',*,*,#17398,.F.);
#17398 = EDGE_CURVE('',#17399,#17391,#17401,.T.);
#17399 = VERTEX_POINT('',#17400);
#17400 = CARTESIAN_POINT('',(-108.8964466094,2.,0.3));
#17401 = LINE('',#17402,#17403);
#17402 = CARTESIAN_POINT('',(-100.525,2.,0.3));
#17403 = VECTOR('',#17404,1.);
#17404 = DIRECTION('',(1.,0.,-7.E-17));
#17405 = ORIENTED_EDGE('',*,*,#17406,.F.);
#17406 = EDGE_CURVE('',#17407,#17399,#17409,.T.);
#17407 = VERTEX_POINT('',#17408);
#17408 = CARTESIAN_POINT('',(-109.75,2.,1.153553390593));
#17409 = LINE('',#17410,#17411);
#17410 = CARTESIAN_POINT('',(-109.0732233047,2.,0.476776695297));
#17411 = VECTOR('',#17412,1.);
#17412 = DIRECTION('',(0.707106781187,0.,-0.707106781187));
#17413 = ORIENTED_EDGE('',*,*,#17414,.F.);
#17414 = EDGE_CURVE('',#17415,#17407,#17417,.T.);
#17415 = VERTEX_POINT('',#17416);
#17416 = CARTESIAN_POINT('',(-109.75,2.,10.946446609407));
#17417 = LINE('',#17418,#17419);
#17418 = CARTESIAN_POINT('',(-109.75,2.,9.05));
#17419 = VECTOR('',#17420,1.);
#17420 = DIRECTION('',(0.,0.,-1.));
#17421 = ORIENTED_EDGE('',*,*,#17422,.F.);
#17422 = EDGE_CURVE('',#17423,#17415,#17425,.T.);
#17423 = VERTEX_POINT('',#17424);
#17424 = CARTESIAN_POINT('',(-108.8964466094,2.,11.8));
#17425 = LINE('',#17426,#17427);
#17426 = CARTESIAN_POINT('',(-109.0732233047,2.,11.623223304703));
#17427 = VECTOR('',#17428,1.);
#17428 = DIRECTION('',(-0.707106781187,0.,-0.707106781187));
#17429 = ORIENTED_EDGE('',*,*,#17430,.F.);
#17430 = EDGE_CURVE('',#17431,#17423,#17433,.T.);
#17431 = VERTEX_POINT('',#17432);
#17432 = CARTESIAN_POINT('',(-97.10355339059,2.,11.8));
#17433 = LINE('',#17434,#17435);
#17434 = CARTESIAN_POINT('',(-99.5,2.,11.8));
#17435 = VECTOR('',#17436,1.);
#17436 = DIRECTION('',(-1.,0.,-1.11E-15));
#17437 = ORIENTED_EDGE('',*,*,#17438,.F.);
#17438 = EDGE_CURVE('',#17350,#17431,#17439,.T.);
#17439 = LINE('',#17440,#17441);
#17440 = CARTESIAN_POINT('',(-96.92677669529,2.,11.623223304703));
#17441 = VECTOR('',#17442,1.);
#17442 = DIRECTION('',(-0.707106781187,0.,0.707106781187));
#17443 = PLANE('',#17444);
#17444 = AXIS2_PLACEMENT_3D('',#17445,#17446,#17447);
#17445 = CARTESIAN_POINT('',(-103.,2.,6.05));
#17446 = DIRECTION('',(0.,-1.,0.));
#17447 = DIRECTION('',(-1.,0.,0.));
#17448 = ADVANCED_FACE('',(#17449),#17474,.T.);
#17449 = FACE_BOUND('',#17450,.T.);
#17450 = EDGE_LOOP('',(#17451,#17461,#17467,#17468));
#17451 = ORIENTED_EDGE('',*,*,#17452,.F.);
#17452 = EDGE_CURVE('',#17453,#17455,#17457,.T.);
#17453 = VERTEX_POINT('',#17454);
#17454 = CARTESIAN_POINT('',(-100.9999999999,1.75,5.000000000001E-02));
#17455 = VERTEX_POINT('',#17456);
#17456 = CARTESIAN_POINT('',(-100.9999999999,1.75,1.05));
#17457 = LINE('',#17458,#17459);
#17458 = CARTESIAN_POINT('',(-100.9999999999,1.75,3.55));
#17459 = VECTOR('',#17460,1.);
#17460 = DIRECTION('',(0.,0.,1.));
#17461 = ORIENTED_EDGE('',*,*,#17462,.F.);
#17462 = EDGE_CURVE('',#16993,#17453,#17463,.T.);
#17463 = LINE('',#17464,#17465);
#17464 = CARTESIAN_POINT('',(-100.9999999999,0.,5.E-02));
#17465 = VECTOR('',#17466,1.);
#17466 = DIRECTION('',(0.,1.,0.));
#17467 = ORIENTED_EDGE('',*,*,#16992,.T.);
#17468 = ORIENTED_EDGE('',*,*,#17469,.F.);
#17469 = EDGE_CURVE('',#17455,#16984,#17470,.T.);
#17470 = LINE('',#17471,#17472);
#17471 = CARTESIAN_POINT('',(-100.9999999999,0.,1.05));
#17472 = VECTOR('',#17473,1.);
#17473 = DIRECTION('',(0.,-1.,0.));
#17474 = PLANE('',#17475);
#17475 = AXIS2_PLACEMENT_3D('',#17476,#17477,#17478);
#17476 = CARTESIAN_POINT('',(-100.9999999999,0.,1.05));
#17477 = DIRECTION('',(-1.,0.,0.));
#17478 = DIRECTION('',(0.,0.,-1.));
#17479 = ADVANCED_FACE('',(#17480),#17499,.F.);
#17480 = FACE_BOUND('',#17481,.F.);
#17481 = EDGE_LOOP('',(#17482,#17490,#17491,#17492));
#17482 = ORIENTED_EDGE('',*,*,#17483,.T.);
#17483 = EDGE_CURVE('',#17484,#16976,#17486,.T.);
#17484 = VERTEX_POINT('',#17485);
#17485 = CARTESIAN_POINT('',(-105.,1.75,1.05));
#17486 = LINE('',#17487,#17488);
#17487 = CARTESIAN_POINT('',(-105.,0.,1.05));
#17488 = VECTOR('',#17489,1.);
#17489 = DIRECTION('',(0.,-1.,0.));
#17490 = ORIENTED_EDGE('',*,*,#16983,.F.);
#17491 = ORIENTED_EDGE('',*,*,#17469,.F.);
#17492 = ORIENTED_EDGE('',*,*,#17493,.T.);
#17493 = EDGE_CURVE('',#17455,#17484,#17494,.T.);
#17494 = CIRCLE('',#17495,2.000000000013);
#17495 = AXIS2_PLACEMENT_3D('',#17496,#17497,#17498);
#17496 = CARTESIAN_POINT('',(-103.,1.75,1.05));
#17497 = DIRECTION('',(0.,-1.,0.));
#17498 = DIRECTION('',(1.,0.,-6.9E-16));
#17499 = CYLINDRICAL_SURFACE('',#17500,2.000000000013);
#17500 = AXIS2_PLACEMENT_3D('',#17501,#17502,#17503);
#17501 = CARTESIAN_POINT('',(-103.,0.,1.05));
#17502 = DIRECTION('',(0.,1.,0.));
#17503 = DIRECTION('',(1.,0.,-6.9E-16));
#17504 = ADVANCED_FACE('',(#17505),#17523,.T.);
#17505 = FACE_BOUND('',#17506,.T.);
#17506 = EDGE_LOOP('',(#17507,#17515,#17516,#17517));
#17507 = ORIENTED_EDGE('',*,*,#17508,.F.);
#17508 = EDGE_CURVE('',#17484,#17509,#17511,.T.);
#17509 = VERTEX_POINT('',#17510);
#17510 = CARTESIAN_POINT('',(-105.,1.75,5.000000000001E-02));
#17511 = LINE('',#17512,#17513);
#17512 = CARTESIAN_POINT('',(-105.,1.75,2.55));
#17513 = VECTOR('',#17514,1.);
#17514 = DIRECTION('',(0.,0.,-1.));
#17515 = ORIENTED_EDGE('',*,*,#17483,.T.);
#17516 = ORIENTED_EDGE('',*,*,#16975,.T.);
#17517 = ORIENTED_EDGE('',*,*,#17518,.T.);
#17518 = EDGE_CURVE('',#16968,#17509,#17519,.T.);
#17519 = LINE('',#17520,#17521);
#17520 = CARTESIAN_POINT('',(-105.,0.,5.E-02));
#17521 = VECTOR('',#17522,1.);
#17522 = DIRECTION('',(0.,1.,0.));
#17523 = PLANE('',#17524);
#17524 = AXIS2_PLACEMENT_3D('',#17525,#17526,#17527);
#17525 = CARTESIAN_POINT('',(-105.,0.,-0.95));
#17526 = DIRECTION('',(1.,0.,0.));
#17527 = DIRECTION('',(0.,0.,1.));
#17528 = ADVANCED_FACE('',(#17529),#17554,.T.);
#17529 = FACE_BOUND('',#17530,.T.);
#17530 = EDGE_LOOP('',(#17531,#17532,#17540,#17548));
#17531 = ORIENTED_EDGE('',*,*,#17406,.T.);
#17532 = ORIENTED_EDGE('',*,*,#17533,.F.);
#17533 = EDGE_CURVE('',#17534,#17399,#17536,.T.);
#17534 = VERTEX_POINT('',#17535);
#17535 = CARTESIAN_POINT('',(-109.,1.75,5.000000000001E-02));
#17536 = LINE('',#17537,#17538);
#17537 = CARTESIAN_POINT('',(-109.,1.75,5.E-02));
#17538 = VECTOR('',#17539,1.);
#17539 = DIRECTION('',(0.281084637715,0.678598344546,0.678598344546));
#17540 = ORIENTED_EDGE('',*,*,#17541,.T.);
#17541 = EDGE_CURVE('',#17534,#17542,#17544,.T.);
#17542 = VERTEX_POINT('',#17543);
#17543 = CARTESIAN_POINT('',(-110.,1.75,1.05));
#17544 = LINE('',#17545,#17546);
#17545 = CARTESIAN_POINT('',(-109.25,1.75,0.3));
#17546 = VECTOR('',#17547,1.);
#17547 = DIRECTION('',(-0.707106781187,0.,0.707106781187));
#17548 = ORIENTED_EDGE('',*,*,#17549,.F.);
#17549 = EDGE_CURVE('',#17407,#17542,#17550,.T.);
#17550 = LINE('',#17551,#17552);
#17551 = CARTESIAN_POINT('',(-109.75,2.,1.153553390593));
#17552 = VECTOR('',#17553,1.);
#17553 = DIRECTION('',(-0.678598344546,-0.678598344546,-0.281084637715)
  );
#17554 = PLANE('',#17555);
#17555 = AXIS2_PLACEMENT_3D('',#17556,#17557,#17558);
#17556 = CARTESIAN_POINT('',(-109.1616116523,1.875,0.388388347648));
#17557 = DIRECTION('',(-0.5,0.707106781187,-0.5));
#17558 = DIRECTION('',(-0.707106781187,-1.387778780782E-16,
    0.707106781187));
#17559 = ADVANCED_FACE('',(#17560),#17585,.T.);
#17560 = FACE_BOUND('',#17561,.T.);
#17561 = EDGE_LOOP('',(#17562,#17572,#17578,#17579));
#17562 = ORIENTED_EDGE('',*,*,#17563,.T.);
#17563 = EDGE_CURVE('',#17564,#17566,#17568,.T.);
#17564 = VERTEX_POINT('',#17565);
#17565 = CARTESIAN_POINT('',(-110.,1.75,11.05));
#17566 = VERTEX_POINT('',#17567);
#17567 = CARTESIAN_POINT('',(-109.,1.75,12.05));
#17568 = LINE('',#17569,#17570);
#17569 = CARTESIAN_POINT('',(-109.25,1.75,11.8));
#17570 = VECTOR('',#17571,1.);
#17571 = DIRECTION('',(0.707106781187,0.,0.707106781187));
#17572 = ORIENTED_EDGE('',*,*,#17573,.F.);
#17573 = EDGE_CURVE('',#17423,#17566,#17574,.T.);
#17574 = LINE('',#17575,#17576);
#17575 = CARTESIAN_POINT('',(-108.8964466094,2.,11.8));
#17576 = VECTOR('',#17577,1.);
#17577 = DIRECTION('',(-0.281084637715,-0.678598344546,0.678598344546));
#17578 = ORIENTED_EDGE('',*,*,#17422,.T.);
#17579 = ORIENTED_EDGE('',*,*,#17580,.F.);
#17580 = EDGE_CURVE('',#17564,#17415,#17581,.T.);
#17581 = LINE('',#17582,#17583);
#17582 = CARTESIAN_POINT('',(-110.,1.75,11.05));
#17583 = VECTOR('',#17584,1.);
#17584 = DIRECTION('',(0.678598344546,0.678598344546,-0.281084637715));
#17585 = PLANE('',#17586);
#17586 = AXIS2_PLACEMENT_3D('',#17587,#17588,#17589);
#17587 = CARTESIAN_POINT('',(-109.1616116523,1.875,11.711611652352));
#17588 = DIRECTION('',(-0.5,0.707106781187,0.5));
#17589 = DIRECTION('',(0.707106781187,4.440892098502E-16,0.707106781187)
  );
#17590 = ADVANCED_FACE('',(#17591),#17616,.T.);
#17591 = FACE_BOUND('',#17592,.T.);
#17592 = EDGE_LOOP('',(#17593,#17603,#17609,#17610));
#17593 = ORIENTED_EDGE('',*,*,#17594,.T.);
#17594 = EDGE_CURVE('',#17595,#17597,#17599,.T.);
#17595 = VERTEX_POINT('',#17596);
#17596 = CARTESIAN_POINT('',(-97.,1.75,12.05));
#17597 = VERTEX_POINT('',#17598);
#17598 = CARTESIAN_POINT('',(-96.,1.75,11.05));
#17599 = LINE('',#17600,#17601);
#17600 = CARTESIAN_POINT('',(-96.75,1.75,11.8));
#17601 = VECTOR('',#17602,1.);
#17602 = DIRECTION('',(0.707106781187,0.,-0.707106781187));
#17603 = ORIENTED_EDGE('',*,*,#17604,.F.);
#17604 = EDGE_CURVE('',#17350,#17597,#17605,.T.);
#17605 = LINE('',#17606,#17607);
#17606 = CARTESIAN_POINT('',(-96.25,2.,10.946446609407));
#17607 = VECTOR('',#17608,1.);
#17608 = DIRECTION('',(0.678598344546,-0.678598344546,0.281084637715));
#17609 = ORIENTED_EDGE('',*,*,#17438,.T.);
#17610 = ORIENTED_EDGE('',*,*,#17611,.F.);
#17611 = EDGE_CURVE('',#17595,#17431,#17612,.T.);
#17612 = LINE('',#17613,#17614);
#17613 = CARTESIAN_POINT('',(-97.,1.75,12.05));
#17614 = VECTOR('',#17615,1.);
#17615 = DIRECTION('',(-0.281084637715,0.678598344546,-0.678598344546));
#17616 = PLANE('',#17617);
#17617 = AXIS2_PLACEMENT_3D('',#17618,#17619,#17620);
#17618 = CARTESIAN_POINT('',(-96.83838834764,1.875,11.711611652352));
#17619 = DIRECTION('',(0.5,0.707106781187,0.5));
#17620 = DIRECTION('',(0.707106781187,-1.942890293097E-16,
    -0.707106781187));
#17621 = ADVANCED_FACE('',(#17622),#17647,.T.);
#17622 = FACE_BOUND('',#17623,.T.);
#17623 = EDGE_LOOP('',(#17624,#17625,#17633,#17641));
#17624 = ORIENTED_EDGE('',*,*,#17357,.T.);
#17625 = ORIENTED_EDGE('',*,*,#17626,.F.);
#17626 = EDGE_CURVE('',#17627,#17348,#17629,.T.);
#17627 = VERTEX_POINT('',#17628);
#17628 = CARTESIAN_POINT('',(-96.,1.75,1.05));
#17629 = LINE('',#17630,#17631);
#17630 = CARTESIAN_POINT('',(-96.,1.75,1.05));
#17631 = VECTOR('',#17632,1.);
#17632 = DIRECTION('',(-0.678598344546,0.678598344546,0.281084637715));
#17633 = ORIENTED_EDGE('',*,*,#17634,.T.);
#17634 = EDGE_CURVE('',#17627,#17635,#17637,.T.);
#17635 = VERTEX_POINT('',#17636);
#17636 = CARTESIAN_POINT('',(-97.,1.75,5.000000000001E-02));
#17637 = LINE('',#17638,#17639);
#17638 = CARTESIAN_POINT('',(-96.75,1.75,0.3));
#17639 = VECTOR('',#17640,1.);
#17640 = DIRECTION('',(-0.707106781187,0.,-0.707106781187));
#17641 = ORIENTED_EDGE('',*,*,#17642,.F.);
#17642 = EDGE_CURVE('',#17358,#17635,#17643,.T.);
#17643 = LINE('',#17644,#17645);
#17644 = CARTESIAN_POINT('',(-97.10355339059,2.,0.3));
#17645 = VECTOR('',#17646,1.);
#17646 = DIRECTION('',(0.281084637715,-0.678598344546,-0.678598344546));
#17647 = PLANE('',#17648);
#17648 = AXIS2_PLACEMENT_3D('',#17649,#17650,#17651);
#17649 = CARTESIAN_POINT('',(-96.83838834764,1.875,0.388388347648));
#17650 = DIRECTION('',(0.5,0.707106781187,-0.5));
#17651 = DIRECTION('',(-0.707106781187,2.775557561585E-17,
    -0.707106781187));
#17652 = ADVANCED_FACE('',(#17653),#17664,.T.);
#17653 = FACE_BOUND('',#17654,.T.);
#17654 = EDGE_LOOP('',(#17655,#17661,#17662,#17663));
#17655 = ORIENTED_EDGE('',*,*,#17656,.T.);
#17656 = EDGE_CURVE('',#17597,#17627,#17657,.T.);
#17657 = LINE('',#17658,#17659);
#17658 = CARTESIAN_POINT('',(-96.,1.75,3.05));
#17659 = VECTOR('',#17660,1.);
#17660 = DIRECTION('',(0.,0.,-1.));
#17661 = ORIENTED_EDGE('',*,*,#17626,.T.);
#17662 = ORIENTED_EDGE('',*,*,#17347,.T.);
#17663 = ORIENTED_EDGE('',*,*,#17604,.T.);
#17664 = PLANE('',#17665);
#17665 = AXIS2_PLACEMENT_3D('',#17666,#17667,#17668);
#17666 = CARTESIAN_POINT('',(-96.125,1.875,3.05));
#17667 = DIRECTION('',(0.707106781187,0.707106781187,0.));
#17668 = DIRECTION('',(0.,0.,-1.));
#17669 = ADVANCED_FACE('',(#17670),#17686,.T.);
#17670 = FACE_BOUND('',#17671,.T.);
#17671 = EDGE_LOOP('',(#17672,#17673,#17674,#17680));
#17672 = ORIENTED_EDGE('',*,*,#17365,.T.);
#17673 = ORIENTED_EDGE('',*,*,#17642,.T.);
#17674 = ORIENTED_EDGE('',*,*,#17675,.T.);
#17675 = EDGE_CURVE('',#17635,#17453,#17676,.T.);
#17676 = LINE('',#17677,#17678);
#17677 = CARTESIAN_POINT('',(-100.525,1.75,5.E-02));
#17678 = VECTOR('',#17679,1.);
#17679 = DIRECTION('',(-1.,0.,7.E-17));
#17680 = ORIENTED_EDGE('',*,*,#17681,.F.);
#17681 = EDGE_CURVE('',#17366,#17453,#17682,.T.);
#17682 = LINE('',#17683,#17684);
#17683 = CARTESIAN_POINT('',(-100.7499999999,2.,0.3));
#17684 = VECTOR('',#17685,1.);
#17685 = DIRECTION('',(-0.57735026919,-0.57735026919,-0.57735026919));
#17686 = PLANE('',#17687);
#17687 = AXIS2_PLACEMENT_3D('',#17688,#17689,#17690);
#17688 = CARTESIAN_POINT('',(-100.525,1.875,0.175));
#17689 = DIRECTION('',(0.,0.707106781187,-0.707106781187));
#17690 = DIRECTION('',(-1.,3.E-17,3.E-17));
#17691 = ADVANCED_FACE('',(#17692),#17703,.T.);
#17692 = FACE_BOUND('',#17693,.T.);
#17693 = EDGE_LOOP('',(#17694,#17695,#17701,#17702));
#17694 = ORIENTED_EDGE('',*,*,#17452,.T.);
#17695 = ORIENTED_EDGE('',*,*,#17696,.F.);
#17696 = EDGE_CURVE('',#17374,#17455,#17697,.T.);
#17697 = LINE('',#17698,#17699);
#17698 = CARTESIAN_POINT('',(-100.7499999999,2.,1.05));
#17699 = VECTOR('',#17700,1.);
#17700 = DIRECTION('',(-0.707106781187,-0.707106781187,-1.18E-15));
#17701 = ORIENTED_EDGE('',*,*,#17373,.T.);
#17702 = ORIENTED_EDGE('',*,*,#17681,.T.);
#17703 = PLANE('',#17704);
#17704 = AXIS2_PLACEMENT_3D('',#17705,#17706,#17707);
#17705 = CARTESIAN_POINT('',(-100.8749999999,1.875,3.55));
#17706 = DIRECTION('',(-0.707106781187,0.707106781187,0.));
#17707 = DIRECTION('',(0.,0.,1.));
#17708 = ADVANCED_FACE('',(#17709),#17720,.F.);
#17709 = FACE_BOUND('',#17710,.F.);
#17710 = EDGE_LOOP('',(#17711,#17712,#17718,#17719));
#17711 = ORIENTED_EDGE('',*,*,#17381,.F.);
#17712 = ORIENTED_EDGE('',*,*,#17713,.T.);
#17713 = EDGE_CURVE('',#17382,#17484,#17714,.T.);
#17714 = LINE('',#17715,#17716);
#17715 = CARTESIAN_POINT('',(-105.25,2.,1.05));
#17716 = VECTOR('',#17717,1.);
#17717 = DIRECTION('',(0.707106781187,-0.707106781187,3.9E-16));
#17718 = ORIENTED_EDGE('',*,*,#17493,.F.);
#17719 = ORIENTED_EDGE('',*,*,#17696,.F.);
#17720 = CONICAL_SURFACE('',#17721,2.125000000013,0.785398163397);
#17721 = AXIS2_PLACEMENT_3D('',#17722,#17723,#17724);
#17722 = CARTESIAN_POINT('',(-103.,1.875,1.05));
#17723 = DIRECTION('',(0.,1.,0.));
#17724 = DIRECTION('',(1.,0.,-6.9E-16));
#17725 = ADVANCED_FACE('',(#17726),#17737,.T.);
#17726 = FACE_BOUND('',#17727,.T.);
#17727 = EDGE_LOOP('',(#17728,#17729,#17730,#17731));
#17728 = ORIENTED_EDGE('',*,*,#17390,.T.);
#17729 = ORIENTED_EDGE('',*,*,#17713,.T.);
#17730 = ORIENTED_EDGE('',*,*,#17508,.T.);
#17731 = ORIENTED_EDGE('',*,*,#17732,.F.);
#17732 = EDGE_CURVE('',#17391,#17509,#17733,.T.);
#17733 = LINE('',#17734,#17735);
#17734 = CARTESIAN_POINT('',(-105.25,2.,0.3));
#17735 = VECTOR('',#17736,1.);
#17736 = DIRECTION('',(0.57735026919,-0.57735026919,-0.57735026919));
#17737 = PLANE('',#17738);
#17738 = AXIS2_PLACEMENT_3D('',#17739,#17740,#17741);
#17739 = CARTESIAN_POINT('',(-105.125,1.875,2.55));
#17740 = DIRECTION('',(0.707106781187,0.707106781187,0.));
#17741 = DIRECTION('',(0.,0.,-1.));
#17742 = ADVANCED_FACE('',(#17743),#17754,.T.);
#17743 = FACE_BOUND('',#17744,.T.);
#17744 = EDGE_LOOP('',(#17745,#17751,#17752,#17753));
#17745 = ORIENTED_EDGE('',*,*,#17746,.T.);
#17746 = EDGE_CURVE('',#17566,#17595,#17747,.T.);
#17747 = LINE('',#17748,#17749);
#17748 = CARTESIAN_POINT('',(-99.5,1.75,12.05));
#17749 = VECTOR('',#17750,1.);
#17750 = DIRECTION('',(1.,0.,1.11E-15));
#17751 = ORIENTED_EDGE('',*,*,#17611,.T.);
#17752 = ORIENTED_EDGE('',*,*,#17430,.T.);
#17753 = ORIENTED_EDGE('',*,*,#17573,.T.);
#17754 = PLANE('',#17755);
#17755 = AXIS2_PLACEMENT_3D('',#17756,#17757,#17758);
#17756 = CARTESIAN_POINT('',(-99.5,1.875,11.925));
#17757 = DIRECTION('',(0.,0.707106781187,0.707106781187));
#17758 = DIRECTION('',(1.,-5.6E-16,5.6E-16));
#17759 = ADVANCED_FACE('',(#17760),#17771,.T.);
#17760 = FACE_BOUND('',#17761,.T.);
#17761 = EDGE_LOOP('',(#17762,#17763,#17764,#17770));
#17762 = ORIENTED_EDGE('',*,*,#17398,.T.);
#17763 = ORIENTED_EDGE('',*,*,#17732,.T.);
#17764 = ORIENTED_EDGE('',*,*,#17765,.T.);
#17765 = EDGE_CURVE('',#17509,#17534,#17766,.T.);
#17766 = LINE('',#17767,#17768);
#17767 = CARTESIAN_POINT('',(-100.525,1.75,5.E-02));
#17768 = VECTOR('',#17769,1.);
#17769 = DIRECTION('',(-1.,0.,7.E-17));
#17770 = ORIENTED_EDGE('',*,*,#17533,.T.);
#17771 = PLANE('',#17772);
#17772 = AXIS2_PLACEMENT_3D('',#17773,#17774,#17775);
#17773 = CARTESIAN_POINT('',(-100.525,1.875,0.175));
#17774 = DIRECTION('',(0.,0.707106781187,-0.707106781187));
#17775 = DIRECTION('',(-1.,3.E-17,3.E-17));
#17776 = ADVANCED_FACE('',(#17777),#17788,.T.);
#17777 = FACE_BOUND('',#17778,.T.);
#17778 = EDGE_LOOP('',(#17779,#17785,#17786,#17787));
#17779 = ORIENTED_EDGE('',*,*,#17780,.T.);
#17780 = EDGE_CURVE('',#17542,#17564,#17781,.T.);
#17781 = LINE('',#17782,#17783);
#17782 = CARTESIAN_POINT('',(-110.,1.75,9.05));
#17783 = VECTOR('',#17784,1.);
#17784 = DIRECTION('',(0.,0.,1.));
#17785 = ORIENTED_EDGE('',*,*,#17580,.T.);
#17786 = ORIENTED_EDGE('',*,*,#17414,.T.);
#17787 = ORIENTED_EDGE('',*,*,#17549,.T.);
#17788 = PLANE('',#17789);
#17789 = AXIS2_PLACEMENT_3D('',#17790,#17791,#17792);
#17790 = CARTESIAN_POINT('',(-109.875,1.875,9.05));
#17791 = DIRECTION('',(-0.707106781187,0.707106781187,0.));
#17792 = DIRECTION('',(0.,0.,1.));
#17793 = ADVANCED_FACE('',(#17794),#17815,.F.);
#17794 = FACE_BOUND('',#17795,.T.);
#17795 = EDGE_LOOP('',(#17796,#17804,#17805,#17806,#17807,#17808,#17809)
  );
#17796 = ORIENTED_EDGE('',*,*,#17797,.F.);
#17797 = EDGE_CURVE('',#16903,#17798,#17800,.T.);
#17798 = VERTEX_POINT('',#17799);
#17799 = CARTESIAN_POINT('',(-97.,0.25,5.000000000001E-02));
#17800 = LINE('',#17801,#17802);
#17801 = CARTESIAN_POINT('',(-100.525,0.25,5.E-02));
#17802 = VECTOR('',#17803,1.);
#17803 = DIRECTION('',(1.,0.,-7.E-17));
#17804 = ORIENTED_EDGE('',*,*,#16902,.T.);
#17805 = ORIENTED_EDGE('',*,*,#17086,.T.);
#17806 = ORIENTED_EDGE('',*,*,#17000,.T.);
#17807 = ORIENTED_EDGE('',*,*,#17462,.T.);
#17808 = ORIENTED_EDGE('',*,*,#17675,.F.);
#17809 = ORIENTED_EDGE('',*,*,#17810,.T.);
#17810 = EDGE_CURVE('',#17635,#17798,#17811,.T.);
#17811 = LINE('',#17812,#17813);
#17812 = CARTESIAN_POINT('',(-97.,0.,5.E-02));
#17813 = VECTOR('',#17814,1.);
#17814 = DIRECTION('',(0.,-1.,0.));
#17815 = PLANE('',#17816);
#17816 = AXIS2_PLACEMENT_3D('',#17817,#17818,#17819);
#17817 = CARTESIAN_POINT('',(-98.05,0.,5.E-02));
#17818 = DIRECTION('',(7.E-17,0.,1.));
#17819 = DIRECTION('',(-1.,0.,7.E-17));
#17820 = ADVANCED_FACE('',(#17821),#17839,.F.);
#17821 = FACE_BOUND('',#17822,.T.);
#17822 = EDGE_LOOP('',(#17823,#17831,#17832,#17833));
#17823 = ORIENTED_EDGE('',*,*,#17824,.F.);
#17824 = EDGE_CURVE('',#17798,#17825,#17827,.T.);
#17825 = VERTEX_POINT('',#17826);
#17826 = CARTESIAN_POINT('',(-96.,0.25,1.05));
#17827 = LINE('',#17828,#17829);
#17828 = CARTESIAN_POINT('',(-96.75,0.25,0.3));
#17829 = VECTOR('',#17830,1.);
#17830 = DIRECTION('',(0.707106781187,0.,0.707106781187));
#17831 = ORIENTED_EDGE('',*,*,#17810,.F.);
#17832 = ORIENTED_EDGE('',*,*,#17634,.F.);
#17833 = ORIENTED_EDGE('',*,*,#17834,.F.);
#17834 = EDGE_CURVE('',#17825,#17627,#17835,.T.);
#17835 = LINE('',#17836,#17837);
#17836 = CARTESIAN_POINT('',(-96.,0.,1.05));
#17837 = VECTOR('',#17838,1.);
#17838 = DIRECTION('',(0.,1.,0.));
#17839 = PLANE('',#17840);
#17840 = AXIS2_PLACEMENT_3D('',#17841,#17842,#17843);
#17841 = CARTESIAN_POINT('',(-96.5,0.,0.55));
#17842 = DIRECTION('',(-0.707106781187,0.,0.707106781187));
#17843 = DIRECTION('',(0.707106781187,0.,0.707106781187));
#17844 = ADVANCED_FACE('',(#17845),#17863,.F.);
#17845 = FACE_BOUND('',#17846,.T.);
#17846 = EDGE_LOOP('',(#17847,#17855,#17856,#17857));
#17847 = ORIENTED_EDGE('',*,*,#17848,.F.);
#17848 = EDGE_CURVE('',#17825,#17849,#17851,.T.);
#17849 = VERTEX_POINT('',#17850);
#17850 = CARTESIAN_POINT('',(-96.,0.25,11.05));
#17851 = LINE('',#17852,#17853);
#17852 = CARTESIAN_POINT('',(-96.,0.25,3.05));
#17853 = VECTOR('',#17854,1.);
#17854 = DIRECTION('',(0.,0.,1.));
#17855 = ORIENTED_EDGE('',*,*,#17834,.T.);
#17856 = ORIENTED_EDGE('',*,*,#17656,.F.);
#17857 = ORIENTED_EDGE('',*,*,#17858,.T.);
#17858 = EDGE_CURVE('',#17597,#17849,#17859,.T.);
#17859 = LINE('',#17860,#17861);
#17860 = CARTESIAN_POINT('',(-96.,0.,11.05));
#17861 = VECTOR('',#17862,1.);
#17862 = DIRECTION('',(0.,-1.,0.));
#17863 = PLANE('',#17864);
#17864 = AXIS2_PLACEMENT_3D('',#17865,#17866,#17867);
#17865 = CARTESIAN_POINT('',(-96.,0.,5.000000000001E-02));
#17866 = DIRECTION('',(-1.,0.,0.));
#17867 = DIRECTION('',(0.,0.,1.));
#17868 = ADVANCED_FACE('',(#17869),#17887,.F.);
#17869 = FACE_BOUND('',#17870,.T.);
#17870 = EDGE_LOOP('',(#17871,#17879,#17880,#17881));
#17871 = ORIENTED_EDGE('',*,*,#17872,.F.);
#17872 = EDGE_CURVE('',#17849,#17873,#17875,.T.);
#17873 = VERTEX_POINT('',#17874);
#17874 = CARTESIAN_POINT('',(-97.,0.25,12.05));
#17875 = LINE('',#17876,#17877);
#17876 = CARTESIAN_POINT('',(-96.75,0.25,11.8));
#17877 = VECTOR('',#17878,1.);
#17878 = DIRECTION('',(-0.707106781187,0.,0.707106781187));
#17879 = ORIENTED_EDGE('',*,*,#17858,.F.);
#17880 = ORIENTED_EDGE('',*,*,#17594,.F.);
#17881 = ORIENTED_EDGE('',*,*,#17882,.F.);
#17882 = EDGE_CURVE('',#17873,#17595,#17883,.T.);
#17883 = LINE('',#17884,#17885);
#17884 = CARTESIAN_POINT('',(-97.,0.,12.05));
#17885 = VECTOR('',#17886,1.);
#17886 = DIRECTION('',(0.,1.,0.));
#17887 = PLANE('',#17888);
#17888 = AXIS2_PLACEMENT_3D('',#17889,#17890,#17891);
#17889 = CARTESIAN_POINT('',(-96.5,0.,11.55));
#17890 = DIRECTION('',(-0.707106781187,0.,-0.707106781187));
#17891 = DIRECTION('',(-0.707106781187,0.,0.707106781187));
#17892 = ADVANCED_FACE('',(#17893),#17911,.F.);
#17893 = FACE_BOUND('',#17894,.T.);
#17894 = EDGE_LOOP('',(#17895,#17903,#17904,#17905));
#17895 = ORIENTED_EDGE('',*,*,#17896,.F.);
#17896 = EDGE_CURVE('',#17873,#17897,#17899,.T.);
#17897 = VERTEX_POINT('',#17898);
#17898 = CARTESIAN_POINT('',(-109.,0.25,12.05));
#17899 = LINE('',#17900,#17901);
#17900 = CARTESIAN_POINT('',(-99.5,0.25,12.05));
#17901 = VECTOR('',#17902,1.);
#17902 = DIRECTION('',(-1.,0.,-1.11E-15));
#17903 = ORIENTED_EDGE('',*,*,#17882,.T.);
#17904 = ORIENTED_EDGE('',*,*,#17746,.F.);
#17905 = ORIENTED_EDGE('',*,*,#17906,.T.);
#17906 = EDGE_CURVE('',#17566,#17897,#17907,.T.);
#17907 = LINE('',#17908,#17909);
#17908 = CARTESIAN_POINT('',(-109.,0.,12.05));
#17909 = VECTOR('',#17910,1.);
#17910 = DIRECTION('',(0.,-1.,0.));
#17911 = PLANE('',#17912);
#17912 = AXIS2_PLACEMENT_3D('',#17913,#17914,#17915);
#17913 = CARTESIAN_POINT('',(-96.,0.,12.05));
#17914 = DIRECTION('',(0.,0.,-1.));
#17915 = DIRECTION('',(-1.,0.,0.));
#17916 = ADVANCED_FACE('',(#17917),#17935,.F.);
#17917 = FACE_BOUND('',#17918,.T.);
#17918 = EDGE_LOOP('',(#17919,#17927,#17928,#17929));
#17919 = ORIENTED_EDGE('',*,*,#17920,.F.);
#17920 = EDGE_CURVE('',#17897,#17921,#17923,.T.);
#17921 = VERTEX_POINT('',#17922);
#17922 = CARTESIAN_POINT('',(-110.,0.25,11.05));
#17923 = LINE('',#17924,#17925);
#17924 = CARTESIAN_POINT('',(-109.25,0.25,11.8));
#17925 = VECTOR('',#17926,1.);
#17926 = DIRECTION('',(-0.707106781187,0.,-0.707106781187));
#17927 = ORIENTED_EDGE('',*,*,#17906,.F.);
#17928 = ORIENTED_EDGE('',*,*,#17563,.F.);
#17929 = ORIENTED_EDGE('',*,*,#17930,.F.);
#17930 = EDGE_CURVE('',#17921,#17564,#17931,.T.);
#17931 = LINE('',#17932,#17933);
#17932 = CARTESIAN_POINT('',(-110.,0.,11.05));
#17933 = VECTOR('',#17934,1.);
#17934 = DIRECTION('',(0.,1.,0.));
#17935 = PLANE('',#17936);
#17936 = AXIS2_PLACEMENT_3D('',#17937,#17938,#17939);
#17937 = CARTESIAN_POINT('',(-109.5,0.,11.55));
#17938 = DIRECTION('',(0.707106781187,0.,-0.707106781187));
#17939 = DIRECTION('',(-0.707106781187,0.,-0.707106781187));
#17940 = ADVANCED_FACE('',(#17941),#17959,.F.);
#17941 = FACE_BOUND('',#17942,.T.);
#17942 = EDGE_LOOP('',(#17943,#17951,#17952,#17953));
#17943 = ORIENTED_EDGE('',*,*,#17944,.F.);
#17944 = EDGE_CURVE('',#17921,#17945,#17947,.T.);
#17945 = VERTEX_POINT('',#17946);
#17946 = CARTESIAN_POINT('',(-110.,0.25,1.05));
#17947 = LINE('',#17948,#17949);
#17948 = CARTESIAN_POINT('',(-110.,0.25,9.05));
#17949 = VECTOR('',#17950,1.);
#17950 = DIRECTION('',(0.,0.,-1.));
#17951 = ORIENTED_EDGE('',*,*,#17930,.T.);
#17952 = ORIENTED_EDGE('',*,*,#17780,.F.);
#17953 = ORIENTED_EDGE('',*,*,#17954,.T.);
#17954 = EDGE_CURVE('',#17542,#17945,#17955,.T.);
#17955 = LINE('',#17956,#17957);
#17956 = CARTESIAN_POINT('',(-110.,0.,1.05));
#17957 = VECTOR('',#17958,1.);
#17958 = DIRECTION('',(0.,-1.,0.));
#17959 = PLANE('',#17960);
#17960 = AXIS2_PLACEMENT_3D('',#17961,#17962,#17963);
#17961 = CARTESIAN_POINT('',(-110.,0.,12.05));
#17962 = DIRECTION('',(1.,0.,0.));
#17963 = DIRECTION('',(0.,0.,-1.));
#17964 = ADVANCED_FACE('',(#17965),#17983,.F.);
#17965 = FACE_BOUND('',#17966,.T.);
#17966 = EDGE_LOOP('',(#17967,#17975,#17976,#17977));
#17967 = ORIENTED_EDGE('',*,*,#17968,.F.);
#17968 = EDGE_CURVE('',#17945,#17969,#17971,.T.);
#17969 = VERTEX_POINT('',#17970);
#17970 = CARTESIAN_POINT('',(-109.,0.25,5.000000000001E-02));
#17971 = LINE('',#17972,#17973);
#17972 = CARTESIAN_POINT('',(-109.25,0.25,0.3));
#17973 = VECTOR('',#17974,1.);
#17974 = DIRECTION('',(0.707106781187,0.,-0.707106781187));
#17975 = ORIENTED_EDGE('',*,*,#17954,.F.);
#17976 = ORIENTED_EDGE('',*,*,#17541,.F.);
#17977 = ORIENTED_EDGE('',*,*,#17978,.F.);
#17978 = EDGE_CURVE('',#17969,#17534,#17979,.T.);
#17979 = LINE('',#17980,#17981);
#17980 = CARTESIAN_POINT('',(-109.,0.,5.E-02));
#17981 = VECTOR('',#17982,1.);
#17982 = DIRECTION('',(0.,1.,0.));
#17983 = PLANE('',#17984);
#17984 = AXIS2_PLACEMENT_3D('',#17985,#17986,#17987);
#17985 = CARTESIAN_POINT('',(-109.5,0.,0.55));
#17986 = DIRECTION('',(0.707106781187,0.,0.707106781187));
#17987 = DIRECTION('',(0.707106781187,0.,-0.707106781187));
#17988 = ADVANCED_FACE('',(#17989),#18003,.F.);
#17989 = FACE_BOUND('',#17990,.T.);
#17990 = EDGE_LOOP('',(#17991,#17992,#17998,#17999,#18000,#18001,#18002)
  );
#17991 = ORIENTED_EDGE('',*,*,#17048,.F.);
#17992 = ORIENTED_EDGE('',*,*,#17993,.F.);
#17993 = EDGE_CURVE('',#17969,#17041,#17994,.T.);
#17994 = LINE('',#17995,#17996);
#17995 = CARTESIAN_POINT('',(-100.525,0.25,5.E-02));
#17996 = VECTOR('',#17997,1.);
#17997 = DIRECTION('',(1.,0.,-7.E-17));
#17998 = ORIENTED_EDGE('',*,*,#17978,.T.);
#17999 = ORIENTED_EDGE('',*,*,#17765,.F.);
#18000 = ORIENTED_EDGE('',*,*,#17518,.F.);
#18001 = ORIENTED_EDGE('',*,*,#16967,.T.);
#18002 = ORIENTED_EDGE('',*,*,#17125,.T.);
#18003 = PLANE('',#18004);
#18004 = AXIS2_PLACEMENT_3D('',#18005,#18006,#18007);
#18005 = CARTESIAN_POINT('',(-98.05,0.,5.E-02));
#18006 = DIRECTION('',(7.E-17,0.,1.));
#18007 = DIRECTION('',(-1.,0.,7.E-17));
#18008 = ADVANCED_FACE('',(#18009),#18020,.T.);
#18009 = FACE_BOUND('',#18010,.T.);
#18010 = EDGE_LOOP('',(#18011,#18012,#18013,#18014));
#18011 = ORIENTED_EDGE('',*,*,#17175,.T.);
#18012 = ORIENTED_EDGE('',*,*,#16910,.F.);
#18013 = ORIENTED_EDGE('',*,*,#17797,.T.);
#18014 = ORIENTED_EDGE('',*,*,#18015,.F.);
#18015 = EDGE_CURVE('',#17176,#17798,#18016,.T.);
#18016 = LINE('',#18017,#18018);
#18017 = CARTESIAN_POINT('',(-97.10355339059,0.,0.3));
#18018 = VECTOR('',#18019,1.);
#18019 = DIRECTION('',(0.281084637715,0.678598344546,-0.678598344546));
#18020 = PLANE('',#18021);
#18021 = AXIS2_PLACEMENT_3D('',#18022,#18023,#18024);
#18022 = CARTESIAN_POINT('',(-100.525,0.125,0.175));
#18023 = DIRECTION('',(0.,-0.707106781187,-0.707106781187));
#18024 = DIRECTION('',(-1.,-3.E-17,3.E-17));
#18025 = ADVANCED_FACE('',(#18026),#18042,.T.);
#18026 = FACE_BOUND('',#18027,.T.);
#18027 = EDGE_LOOP('',(#18028,#18029,#18035,#18036));
#18028 = ORIENTED_EDGE('',*,*,#17231,.T.);
#18029 = ORIENTED_EDGE('',*,*,#18030,.F.);
#18030 = EDGE_CURVE('',#17945,#17224,#18031,.T.);
#18031 = LINE('',#18032,#18033);
#18032 = CARTESIAN_POINT('',(-110.,0.25,1.05));
#18033 = VECTOR('',#18034,1.);
#18034 = DIRECTION('',(0.678598344546,-0.678598344546,0.281084637715));
#18035 = ORIENTED_EDGE('',*,*,#17968,.T.);
#18036 = ORIENTED_EDGE('',*,*,#18037,.F.);
#18037 = EDGE_CURVE('',#17165,#17969,#18038,.T.);
#18038 = LINE('',#18039,#18040);
#18039 = CARTESIAN_POINT('',(-108.8964466094,0.,0.3));
#18040 = VECTOR('',#18041,1.);
#18041 = DIRECTION('',(-0.281084637715,0.678598344546,-0.678598344546));
#18042 = PLANE('',#18043);
#18043 = AXIS2_PLACEMENT_3D('',#18044,#18045,#18046);
#18044 = CARTESIAN_POINT('',(-109.1616116523,0.125,0.388388347648));
#18045 = DIRECTION('',(-0.5,-0.707106781187,-0.5));
#18046 = DIRECTION('',(-0.707106781187,1.387778780782E-16,0.707106781187
    ));
#18047 = ADVANCED_FACE('',(#18048),#18059,.T.);
#18048 = FACE_BOUND('',#18049,.T.);
#18049 = EDGE_LOOP('',(#18050,#18051,#18052,#18053));
#18050 = ORIENTED_EDGE('',*,*,#17944,.T.);
#18051 = ORIENTED_EDGE('',*,*,#18030,.T.);
#18052 = ORIENTED_EDGE('',*,*,#17223,.T.);
#18053 = ORIENTED_EDGE('',*,*,#18054,.F.);
#18054 = EDGE_CURVE('',#17921,#17216,#18055,.T.);
#18055 = LINE('',#18056,#18057);
#18056 = CARTESIAN_POINT('',(-110.,0.25,11.05));
#18057 = VECTOR('',#18058,1.);
#18058 = DIRECTION('',(0.678598344546,-0.678598344546,-0.281084637715));
#18059 = PLANE('',#18060);
#18060 = AXIS2_PLACEMENT_3D('',#18061,#18062,#18063);
#18061 = CARTESIAN_POINT('',(-109.875,0.125,9.05));
#18062 = DIRECTION('',(-0.707106781187,-0.707106781187,0.));
#18063 = DIRECTION('',(0.,0.,1.));
#18064 = ADVANCED_FACE('',(#18065),#18076,.T.);
#18065 = FACE_BOUND('',#18066,.T.);
#18066 = EDGE_LOOP('',(#18067,#18068,#18069,#18070));
#18067 = ORIENTED_EDGE('',*,*,#17920,.T.);
#18068 = ORIENTED_EDGE('',*,*,#18054,.T.);
#18069 = ORIENTED_EDGE('',*,*,#17215,.T.);
#18070 = ORIENTED_EDGE('',*,*,#18071,.F.);
#18071 = EDGE_CURVE('',#17897,#17208,#18072,.T.);
#18072 = LINE('',#18073,#18074);
#18073 = CARTESIAN_POINT('',(-109.,0.25,12.05));
#18074 = VECTOR('',#18075,1.);
#18075 = DIRECTION('',(0.281084637715,-0.678598344546,-0.678598344546));
#18076 = PLANE('',#18077);
#18077 = AXIS2_PLACEMENT_3D('',#18078,#18079,#18080);
#18078 = CARTESIAN_POINT('',(-109.1616116523,0.125,11.711611652352));
#18079 = DIRECTION('',(-0.5,-0.707106781187,0.5));
#18080 = DIRECTION('',(0.707106781187,-4.163336342346E-16,0.707106781187
    ));
#18081 = ADVANCED_FACE('',(#18082),#18088,.T.);
#18082 = FACE_BOUND('',#18083,.T.);
#18083 = EDGE_LOOP('',(#18084,#18085,#18086,#18087));
#18084 = ORIENTED_EDGE('',*,*,#17993,.T.);
#18085 = ORIENTED_EDGE('',*,*,#17040,.F.);
#18086 = ORIENTED_EDGE('',*,*,#17164,.T.);
#18087 = ORIENTED_EDGE('',*,*,#18037,.T.);
#18088 = PLANE('',#18089);
#18089 = AXIS2_PLACEMENT_3D('',#18090,#18091,#18092);
#18090 = CARTESIAN_POINT('',(-100.525,0.125,0.175));
#18091 = DIRECTION('',(0.,-0.707106781187,-0.707106781187));
#18092 = DIRECTION('',(-1.,-3.E-17,3.E-17));
#18093 = ADVANCED_FACE('',(#18094),#18105,.T.);
#18094 = FACE_BOUND('',#18095,.T.);
#18095 = EDGE_LOOP('',(#18096,#18097,#18098,#18099));
#18096 = ORIENTED_EDGE('',*,*,#17896,.T.);
#18097 = ORIENTED_EDGE('',*,*,#18071,.T.);
#18098 = ORIENTED_EDGE('',*,*,#17207,.T.);
#18099 = ORIENTED_EDGE('',*,*,#18100,.F.);
#18100 = EDGE_CURVE('',#17873,#17200,#18101,.T.);
#18101 = LINE('',#18102,#18103);
#18102 = CARTESIAN_POINT('',(-97.,0.25,12.05));
#18103 = VECTOR('',#18104,1.);
#18104 = DIRECTION('',(-0.281084637715,-0.678598344546,-0.678598344546)
  );
#18105 = PLANE('',#18106);
#18106 = AXIS2_PLACEMENT_3D('',#18107,#18108,#18109);
#18107 = CARTESIAN_POINT('',(-99.5,0.125,11.925));
#18108 = DIRECTION('',(0.,-0.707106781187,0.707106781187));
#18109 = DIRECTION('',(1.,5.6E-16,5.6E-16));
#18110 = ADVANCED_FACE('',(#18111),#18122,.T.);
#18111 = FACE_BOUND('',#18112,.T.);
#18112 = EDGE_LOOP('',(#18113,#18114,#18115,#18116));
#18113 = ORIENTED_EDGE('',*,*,#17872,.T.);
#18114 = ORIENTED_EDGE('',*,*,#18100,.T.);
#18115 = ORIENTED_EDGE('',*,*,#17199,.T.);
#18116 = ORIENTED_EDGE('',*,*,#18117,.F.);
#18117 = EDGE_CURVE('',#17849,#17192,#18118,.T.);
#18118 = LINE('',#18119,#18120);
#18119 = CARTESIAN_POINT('',(-96.,0.25,11.05));
#18120 = VECTOR('',#18121,1.);
#18121 = DIRECTION('',(-0.678598344546,-0.678598344546,-0.281084637715)
  );
#18122 = PLANE('',#18123);
#18123 = AXIS2_PLACEMENT_3D('',#18124,#18125,#18126);
#18124 = CARTESIAN_POINT('',(-96.83838834764,0.125,11.711611652352));
#18125 = DIRECTION('',(0.5,-0.707106781187,0.5));
#18126 = DIRECTION('',(0.707106781187,1.942890293097E-16,-0.707106781187
    ));
#18127 = ADVANCED_FACE('',(#18128),#18139,.T.);
#18128 = FACE_BOUND('',#18129,.T.);
#18129 = EDGE_LOOP('',(#18130,#18131,#18132,#18133));
#18130 = ORIENTED_EDGE('',*,*,#17848,.T.);
#18131 = ORIENTED_EDGE('',*,*,#18117,.T.);
#18132 = ORIENTED_EDGE('',*,*,#17191,.T.);
#18133 = ORIENTED_EDGE('',*,*,#18134,.F.);
#18134 = EDGE_CURVE('',#17825,#17184,#18135,.T.);
#18135 = LINE('',#18136,#18137);
#18136 = CARTESIAN_POINT('',(-96.,0.25,1.05));
#18137 = VECTOR('',#18138,1.);
#18138 = DIRECTION('',(-0.678598344546,-0.678598344546,0.281084637715));
#18139 = PLANE('',#18140);
#18140 = AXIS2_PLACEMENT_3D('',#18141,#18142,#18143);
#18141 = CARTESIAN_POINT('',(-96.125,0.125,3.05));
#18142 = DIRECTION('',(0.707106781187,-0.707106781187,0.));
#18143 = DIRECTION('',(0.,0.,-1.));
#18144 = ADVANCED_FACE('',(#18145),#18151,.T.);
#18145 = FACE_BOUND('',#18146,.T.);
#18146 = EDGE_LOOP('',(#18147,#18148,#18149,#18150));
#18147 = ORIENTED_EDGE('',*,*,#17824,.T.);
#18148 = ORIENTED_EDGE('',*,*,#18134,.T.);
#18149 = ORIENTED_EDGE('',*,*,#17183,.T.);
#18150 = ORIENTED_EDGE('',*,*,#18015,.T.);
#18151 = PLANE('',#18152);
#18152 = AXIS2_PLACEMENT_3D('',#18153,#18154,#18155);
#18153 = CARTESIAN_POINT('',(-96.83838834764,0.125,0.388388347648));
#18154 = DIRECTION('',(0.5,-0.707106781187,-0.5));
#18155 = DIRECTION('',(-0.707106781187,-2.775557561585E-17,
    -0.707106781187));
#18156 = ( GEOMETRIC_REPRESENTATION_CONTEXT(3) 
GLOBAL_UNCERTAINTY_ASSIGNED_CONTEXT((#18160)) 
GLOBAL_UNIT_ASSIGNED_CONTEXT((#18157,#18158,#18159)) 
REPRESENTATION_CONTEXT('Context #1',
  '3D Context with UNIT and UNCERTAINTY') );
#18157 = ( LENGTH_UNIT() NAMED_UNIT(*) SI_UNIT(.MILLI.,.METRE.) );
#18158 = ( NAMED_UNIT(*) PLANE_ANGLE_UNIT() SI_UNIT($,.RADIAN.) );
#18159 = ( NAMED_UNIT(*) SI_UNIT($,.STERADIAN.) SOLID_ANGLE_UNIT() );
#18160 = UNCERTAINTY_MEASURE_WITH_UNIT(LENGTH_MEASURE(1.E-06),#18157,
  'distance_accuracy_value','confusion accuracy');
#18161 = CONTEXT_DEPENDENT_SHAPE_REPRESENTATION(#18162,#18164);
#18162 = ( REPRESENTATION_RELATIONSHIP('','',#16885,#10) 
REPRESENTATION_RELATIONSHIP_WITH_TRANSFORMATION(#18163) 
SHAPE_REPRESENTATION_RELATIONSHIP() );
#18163 = ITEM_DEFINED_TRANSFORMATION('','',#11,#23);
#18164 = PRODUCT_DEFINITION_SHAPE('Placement','Placement of an item',
  #18165);
#18165 = NEXT_ASSEMBLY_USAGE_OCCURRENCE('3',
  'macmini-cable-clip-mirrored001','',#5,#16880,$);
#18166 = PRODUCT_RELATED_PRODUCT_CATEGORY('part',$,(#16882));
#18167 = SHAPE_DEFINITION_REPRESENTATION(#18168,#18174);
#18168 = PRODUCT_DEFINITION_SHAPE('','',#18169);
#18169 = PRODUCT_DEFINITION('design','',#18170,#18173);
#18170 = PRODUCT_DEFINITION_FORMATION('','',#18171);
#18171 = PRODUCT('macmini-mount-button','macmini-mount-button','',(
    #18172));
#18172 = PRODUCT_CONTEXT('',#2,'mechanical');
#18173 = PRODUCT_DEFINITION_CONTEXT('part definition',#2,'design');
#18174 = ADVANCED_BREP_SHAPE_REPRESENTATION('',(#11,#18175),#18750);
#18175 = MANIFOLD_SOLID_BREP('',#18176);
#18176 = CLOSED_SHELL('',(#18177,#18216,#18248,#18265,#18281,#18338,
    #18406,#18666,#18691,#18716,#18734));
#18177 = ADVANCED_FACE('',(#18178),#18211,.F.);
#18178 = FACE_BOUND('',#18179,.F.);
#18179 = EDGE_LOOP('',(#18180,#18204));
#18180 = ORIENTED_EDGE('',*,*,#18181,.T.);
#18181 = EDGE_CURVE('',#18182,#18184,#18186,.T.);
#18182 = VERTEX_POINT('',#18183);
#18183 = CARTESIAN_POINT('',(-75.05501762445,3.851148074562,
    2.500000003435));
#18184 = VERTEX_POINT('',#18185);
#18185 = CARTESIAN_POINT('',(-77.66514715441,5.500628806236,
    2.50047161275));
#18186 = B_SPLINE_CURVE_WITH_KNOTS('',3,(#18187,#18188,#18189,#18190,
    #18191,#18192,#18193,#18194,#18195,#18196,#18197,#18198,#18199,
    #18200,#18201,#18202,#18203),.UNSPECIFIED.,.F.,.F.,(4,1,1,1,1,1,1,1,
    1,1,1,1,1,1,4),(0.,2.467468269646E-03,3.701202404469E-03,
    4.934936539292E-03,6.168670674115E-03,7.402404808938E-03,
    9.869873078584E-03,1.110360721341E-02,1.233734134823E-02,
    1.357107548305E-02,1.480480961788E-02,1.60385437527E-02,
    1.727227788752E-02,1.850601202235E-02,1.973974615717E-02),
  .UNSPECIFIED.);
#18187 = CARTESIAN_POINT('',(-75.05501760209,3.851148068759,
    2.500000018674));
#18188 = CARTESIAN_POINT('',(-74.36907455845,3.465402470542,
    2.777575436652));
#18189 = CARTESIAN_POINT('',(-73.43768460902,3.000314111146,
    3.565150270962));
#18190 = CARTESIAN_POINT('',(-72.94346840118,2.771484731076,
    5.183761947226));
#18191 = CARTESIAN_POINT('',(-73.07446166012,2.831439497584,
    6.446142678389));
#18192 = CARTESIAN_POINT('',(-73.64872462573,3.104447066603,
    7.548333944552));
#18193 = CARTESIAN_POINT('',(-74.8470727795,3.71670677656,8.570189669345
    ));
#18194 = CARTESIAN_POINT('',(-76.3136852952,4.5752942191,8.873598485764)
  );
#18195 = CARTESIAN_POINT('',(-77.66792067234,5.493702235749,
    8.547487724462));
#18196 = CARTESIAN_POINT('',(-78.5897324629,6.173621479814,
    8.037269295626));
#18197 = CARTESIAN_POINT('',(-79.34968380873,6.778112863822,
    7.246467860006));
#18198 = CARTESIAN_POINT('',(-79.8676421211,7.216445084541,
    6.159706471184));
#18199 = CARTESIAN_POINT('',(-79.87041261714,7.218887722468,
    4.858012916111));
#18200 = CARTESIAN_POINT('',(-79.35929947194,6.786028188739,
    3.765602952642));
#18201 = CARTESIAN_POINT('',(-78.60138173843,6.182658304556,
    2.971136929242));
#18202 = CARTESIAN_POINT('',(-77.98875334411,5.730023026054,
    2.629900228359));
#18203 = CARTESIAN_POINT('',(-77.6647635855,5.501041614427,
    2.501706456094));
#18204 = ORIENTED_EDGE('',*,*,#18205,.T.);
#18205 = EDGE_CURVE('',#18184,#18182,#18206,.T.);
#18206 = CIRCLE('',#18207,30.);
#18207 = AXIS2_PLACEMENT_3D('',#18208,#18209,#18210);
#18208 = CARTESIAN_POINT('',(-60.35,30.,2.5));
#18209 = DIRECTION('',(2.8E-16,-4.911525516529E-33,1.));
#18210 = DIRECTION('',(-0.707106781187,-0.707106781187,
    1.979898987322E-16));
#18211 = CYLINDRICAL_SURFACE('',#18212,30.);
#18212 = AXIS2_PLACEMENT_3D('',#18213,#18214,#18215);
#18213 = CARTESIAN_POINT('',(-60.35,30.,-8.999999999998));
#18214 = DIRECTION('',(0.,0.,1.));
#18215 = DIRECTION('',(-0.707106781187,-0.707106781187,0.));
#18216 = ADVANCED_FACE('',(#18217),#18243,.T.);
#18217 = FACE_BOUND('',#18218,.T.);
#18218 = EDGE_LOOP('',(#18219,#18228,#18235,#18242));
#18219 = ORIENTED_EDGE('',*,*,#18220,.F.);
#18220 = EDGE_CURVE('',#18221,#18221,#18223,.T.);
#18221 = VERTEX_POINT('',#18222);
#18222 = CARTESIAN_POINT('',(-79.6,-1.5,5.5));
#18223 = CIRCLE('',#18224,3.25);
#18224 = AXIS2_PLACEMENT_3D('',#18225,#18226,#18227);
#18225 = CARTESIAN_POINT('',(-76.35,-1.5,5.5));
#18226 = DIRECTION('',(0.,1.,0.));
#18227 = DIRECTION('',(-1.,0.,0.));
#18228 = ORIENTED_EDGE('',*,*,#18229,.T.);
#18229 = EDGE_CURVE('',#18221,#18230,#18232,.T.);
#18230 = VERTEX_POINT('',#18231);
#18231 = CARTESIAN_POINT('',(-79.6,-3.5,5.5));
#18232 = B_SPLINE_CURVE_WITH_KNOTS('',1,(#18233,#18234),.UNSPECIFIED.,
  .F.,.F.,(2,2),(0.,2.),.PIECEWISE_BEZIER_KNOTS.);
#18233 = CARTESIAN_POINT('',(-79.6,-1.5,5.5));
#18234 = CARTESIAN_POINT('',(-79.6,-3.5,5.5));
#18235 = ORIENTED_EDGE('',*,*,#18236,.F.);
#18236 = EDGE_CURVE('',#18230,#18230,#18237,.T.);
#18237 = CIRCLE('',#18238,3.25);
#18238 = AXIS2_PLACEMENT_3D('',#18239,#18240,#18241);
#18239 = CARTESIAN_POINT('',(-76.35,-3.5,5.5));
#18240 = DIRECTION('',(0.,-1.,0.));
#18241 = DIRECTION('',(-1.,0.,0.));
#18242 = ORIENTED_EDGE('',*,*,#18229,.F.);
#18243 = CYLINDRICAL_SURFACE('',#18244,3.25);
#18244 = AXIS2_PLACEMENT_3D('',#18245,#18246,#18247);
#18245 = CARTESIAN_POINT('',(-76.35,-1.5,5.5));
#18246 = DIRECTION('',(0.,-1.,0.));
#18247 = DIRECTION('',(-1.,0.,0.));
#18248 = ADVANCED_FACE('',(#18249),#18260,.T.);
#18249 = FACE_BOUND('',#18250,.T.);
#18250 = EDGE_LOOP('',(#18251));
#18251 = ORIENTED_EDGE('',*,*,#18252,.F.);
#18252 = EDGE_CURVE('',#18253,#18253,#18255,.T.);
#18253 = VERTEX_POINT('',#18254);
#18254 = CARTESIAN_POINT('',(-79.1,-4.,5.5));
#18255 = CIRCLE('',#18256,2.75);
#18256 = AXIS2_PLACEMENT_3D('',#18257,#18258,#18259);
#18257 = CARTESIAN_POINT('',(-76.35,-4.,5.5));
#18258 = DIRECTION('',(0.,1.,0.));
#18259 = DIRECTION('',(-1.,0.,0.));
#18260 = PLANE('',#18261);
#18261 = AXIS2_PLACEMENT_3D('',#18262,#18263,#18264);
#18262 = CARTESIAN_POINT('',(-76.35,-4.,5.5));
#18263 = DIRECTION('',(0.,-1.,0.));
#18264 = DIRECTION('',(0.,0.,-1.));
#18265 = ADVANCED_FACE('',(#18266),#18276,.T.);
#18266 = FACE_BOUND('',#18267,.T.);
#18267 = EDGE_LOOP('',(#18268,#18269,#18274,#18275));
#18268 = ORIENTED_EDGE('',*,*,#18252,.T.);
#18269 = ORIENTED_EDGE('',*,*,#18270,.T.);
#18270 = EDGE_CURVE('',#18253,#18230,#18271,.T.);
#18271 = B_SPLINE_CURVE_WITH_KNOTS('',1,(#18272,#18273),.UNSPECIFIED.,
  .F.,.F.,(2,2),(-0.353553390593,0.353553390593),
  .PIECEWISE_BEZIER_KNOTS.);
#18272 = CARTESIAN_POINT('',(-79.1,-4.,5.5));
#18273 = CARTESIAN_POINT('',(-79.6,-3.5,5.5));
#18274 = ORIENTED_EDGE('',*,*,#18236,.T.);
#18275 = ORIENTED_EDGE('',*,*,#18270,.F.);
#18276 = CONICAL_SURFACE('',#18277,3.,0.785398163397);
#18277 = AXIS2_PLACEMENT_3D('',#18278,#18279,#18280);
#18278 = CARTESIAN_POINT('',(-76.35,-3.75,5.5));
#18279 = DIRECTION('',(0.,1.,0.));
#18280 = DIRECTION('',(-1.,0.,0.));
#18281 = ADVANCED_FACE('',(#18282),#18333,.T.);
#18282 = FACE_BOUND('',#18283,.T.);
#18283 = EDGE_LOOP('',(#18284,#18285,#18292,#18301,#18309,#18317,#18325,
    #18332));
#18284 = ORIENTED_EDGE('',*,*,#18220,.T.);
#18285 = ORIENTED_EDGE('',*,*,#18286,.T.);
#18286 = EDGE_CURVE('',#18221,#18287,#18289,.T.);
#18287 = VERTEX_POINT('',#18288);
#18288 = CARTESIAN_POINT('',(-80.6,-0.5,5.5));
#18289 = B_SPLINE_CURVE_WITH_KNOTS('',1,(#18290,#18291),.UNSPECIFIED.,
  .F.,.F.,(2,2),(-0.707106781187,0.707106781187),
  .PIECEWISE_BEZIER_KNOTS.);
#18290 = CARTESIAN_POINT('',(-79.6,-1.5,5.5));
#18291 = CARTESIAN_POINT('',(-80.6,-0.5,5.5));
#18292 = ORIENTED_EDGE('',*,*,#18293,.T.);
#18293 = EDGE_CURVE('',#18287,#18294,#18296,.T.);
#18294 = VERTEX_POINT('',#18295);
#18295 = CARTESIAN_POINT('',(-77.35,-0.5,1.369322089535));
#18296 = CIRCLE('',#18297,4.25);
#18297 = AXIS2_PLACEMENT_3D('',#18298,#18299,#18300);
#18298 = CARTESIAN_POINT('',(-76.35,-0.5,5.5));
#18299 = DIRECTION('',(0.,-1.,0.));
#18300 = DIRECTION('',(-1.,0.,0.));
#18301 = ORIENTED_EDGE('',*,*,#18302,.F.);
#18302 = EDGE_CURVE('',#18303,#18294,#18305,.T.);
#18303 = VERTEX_POINT('',#18304);
#18304 = CARTESIAN_POINT('',(-77.35,0.349019513593,0.5));
#18305 = ( BOUNDED_CURVE() B_SPLINE_CURVE(2,(#18306,#18307,#18308),
.UNSPECIFIED.,.F.,.F.) B_SPLINE_CURVE_WITH_KNOTS((3,3),(0.265678530057,
0.410859436259),.PIECEWISE_BEZIER_KNOTS.) CURVE() 
GEOMETRIC_REPRESENTATION_ITEM() RATIONAL_B_SPLINE_CURVE((1.015937013597,
1.012322923536,1.)) REPRESENTATION_ITEM('') );
#18306 = CARTESIAN_POINT('',(-77.35,0.349019513593,0.5));
#18307 = CARTESIAN_POINT('',(-77.35,-0.115907363639,0.97413424388));
#18308 = CARTESIAN_POINT('',(-77.35,-0.5,1.369322089535));
#18309 = ORIENTED_EDGE('',*,*,#18310,.F.);
#18310 = EDGE_CURVE('',#18311,#18303,#18313,.T.);
#18311 = VERTEX_POINT('',#18312);
#18312 = CARTESIAN_POINT('',(-75.35,0.349019513593,0.5));
#18313 = ( BOUNDED_CURVE() B_SPLINE_CURVE(2,(#18314,#18315,#18316),
.UNSPECIFIED.,.F.,.F.) B_SPLINE_CURVE_WITH_KNOTS((3,3),(0.420998401102,
0.681478008096),.PIECEWISE_BEZIER_KNOTS.) CURVE() 
GEOMETRIC_REPRESENTATION_ITEM() RATIONAL_B_SPLINE_CURVE((1.201173826245,
1.224961755848,1.201173826245)) REPRESENTATION_ITEM('') );
#18314 = CARTESIAN_POINT('',(-75.35,0.349019513593,0.5));
#18315 = CARTESIAN_POINT('',(-76.35000000001,0.152903378463,0.5));
#18316 = CARTESIAN_POINT('',(-77.35,0.349019513593,0.5));
#18317 = ORIENTED_EDGE('',*,*,#18318,.F.);
#18318 = EDGE_CURVE('',#18319,#18311,#18321,.T.);
#18319 = VERTEX_POINT('',#18320);
#18320 = CARTESIAN_POINT('',(-75.35,-0.5,1.369322089535));
#18321 = ( BOUNDED_CURVE() B_SPLINE_CURVE(2,(#18322,#18323,#18324),
.UNSPECIFIED.,.F.,.F.) B_SPLINE_CURVE_WITH_KNOTS((3,3),(0.,
0.145180906202),.PIECEWISE_BEZIER_KNOTS.) CURVE() 
GEOMETRIC_REPRESENTATION_ITEM() RATIONAL_B_SPLINE_CURVE((1.,
1.012322923535,1.015937013595)) REPRESENTATION_ITEM('') );
#18322 = CARTESIAN_POINT('',(-75.35,-0.5,1.369322089535));
#18323 = CARTESIAN_POINT('',(-75.35,-0.115907363639,0.974134243879));
#18324 = CARTESIAN_POINT('',(-75.35,0.349019513593,0.5));
#18325 = ORIENTED_EDGE('',*,*,#18326,.T.);
#18326 = EDGE_CURVE('',#18319,#18287,#18327,.T.);
#18327 = CIRCLE('',#18328,4.25);
#18328 = AXIS2_PLACEMENT_3D('',#18329,#18330,#18331);
#18329 = CARTESIAN_POINT('',(-76.35,-0.5,5.5));
#18330 = DIRECTION('',(0.,-1.,0.));
#18331 = DIRECTION('',(-1.,0.,0.));
#18332 = ORIENTED_EDGE('',*,*,#18286,.F.);
#18333 = CONICAL_SURFACE('',#18334,3.75,0.785398163397);
#18334 = AXIS2_PLACEMENT_3D('',#18335,#18336,#18337);
#18335 = CARTESIAN_POINT('',(-76.35,-1.,5.5));
#18336 = DIRECTION('',(0.,1.,0.));
#18337 = DIRECTION('',(-1.,0.,0.));
#18338 = ADVANCED_FACE('',(#18339),#18401,.T.);
#18339 = FACE_BOUND('',#18340,.T.);
#18340 = EDGE_LOOP('',(#18341,#18352,#18358,#18359,#18360,#18368,#18382)
  );
#18341 = ORIENTED_EDGE('',*,*,#18342,.F.);
#18342 = EDGE_CURVE('',#18343,#18345,#18347,.T.);
#18343 = VERTEX_POINT('',#18344);
#18344 = CARTESIAN_POINT('',(-77.35,3.920906703547,1.369322089535));
#18345 = VERTEX_POINT('',#18346);
#18346 = CARTESIAN_POINT('',(-77.82180660797,4.408379356057,
    1.512985414034));
#18347 = B_SPLINE_CURVE_WITH_KNOTS('',3,(#18348,#18349,#18350,#18351),
  .UNSPECIFIED.,.F.,.F.,(4,4),(2.320681858386,2.38711877525),
  .PIECEWISE_BEZIER_KNOTS.);
#18348 = CARTESIAN_POINT('',(-77.35,3.920906703547,1.369322089535));
#18349 = CARTESIAN_POINT('',(-77.51509661814,4.076237492243,
    1.409290497076));
#18350 = CARTESIAN_POINT('',(-77.67269452487,4.239928547192,
    1.457940682202));
#18351 = CARTESIAN_POINT('',(-77.82180660477,4.408379359845,
    1.51298541285));
#18352 = ORIENTED_EDGE('',*,*,#18353,.T.);
#18353 = EDGE_CURVE('',#18343,#18294,#18354,.T.);
#18354 = LINE('',#18355,#18356);
#18355 = CARTESIAN_POINT('',(-77.35,-1.5,1.369322089535));
#18356 = VECTOR('',#18357,1.);
#18357 = DIRECTION('',(0.,-1.,0.));
#18358 = ORIENTED_EDGE('',*,*,#18293,.F.);
#18359 = ORIENTED_EDGE('',*,*,#18326,.F.);
#18360 = ORIENTED_EDGE('',*,*,#18361,.T.);
#18361 = EDGE_CURVE('',#18319,#18362,#18364,.T.);
#18362 = VERTEX_POINT('',#18363);
#18363 = CARTESIAN_POINT('',(-75.35,2.721453353137,1.369322089535));
#18364 = LINE('',#18365,#18366);
#18365 = CARTESIAN_POINT('',(-75.35,-1.5,1.369322089535));
#18366 = VECTOR('',#18367,1.);
#18367 = DIRECTION('',(0.,1.,0.));
#18368 = ORIENTED_EDGE('',*,*,#18369,.F.);
#18369 = EDGE_CURVE('',#18370,#18362,#18372,.T.);
#18370 = VERTEX_POINT('',#18371);
#18371 = CARTESIAN_POINT('',(-74.86562880227,2.628390446434,
    1.517807208205));
#18372 = B_SPLINE_CURVE_WITH_KNOTS('',3,(#18373,#18374,#18375,#18376,
    #18377,#18378,#18379,#18380,#18381),.UNSPECIFIED.,.F.,.F.,(4,3,2,4),
  (2.031774662091,2.032291443652,2.04848691242,2.083969599808),
  .UNSPECIFIED.);
#18373 = CARTESIAN_POINT('',(-74.86107352645,2.627936850536,
    1.51934354186));
#18374 = CARTESIAN_POINT('',(-74.86272283735,2.628115882797,
    1.518728967632));
#18375 = CARTESIAN_POINT('',(-74.86437214824,2.628294915058,
    1.518114393405));
#18376 = CARTESIAN_POINT('',(-74.86602145913,2.628473947319,
    1.517499819178));
#18377 = CARTESIAN_POINT('',(-74.91770937726,2.634084657157,
    1.498239616329));
#18378 = CARTESIAN_POINT('',(-74.96903742476,2.641085332403,
    1.480262566385));
#18379 = CARTESIAN_POINT('',(-75.13073046852,2.667339999047,
    1.426973364755));
#18380 = CARTESIAN_POINT('',(-75.24087553875,2.691596371351,
    1.395740140909));
#18381 = CARTESIAN_POINT('',(-75.35,2.721453353137,1.369322089535));
#18382 = ORIENTED_EDGE('',*,*,#18383,.F.);
#18383 = EDGE_CURVE('',#18345,#18370,#18384,.T.);
#18384 = B_SPLINE_CURVE_WITH_KNOTS('',3,(#18385,#18386,#18387,#18388,
    #18389,#18390,#18391,#18392,#18393,#18394,#18395,#18396,#18397,
    #18398,#18399,#18400),.UNSPECIFIED.,.F.,.F.,(4,1,1,1,1,1,1,1,1,1,1,1
    ,1,4),(0.,1.608494402542E-03,3.216988805085E-03,4.825483207627E-03,
    6.433977610169E-03,8.042472012712E-03,9.650966415254E-03,
    1.12594608178E-02,1.286795522034E-02,1.608494402542E-02,
    1.930193283051E-02,2.091042723305E-02,2.251892163559E-02,
    2.573591044068E-02),.UNSPECIFIED.);
#18385 = CARTESIAN_POINT('',(-77.82180661118,4.40837935227,
    1.512985415217));
#18386 = CARTESIAN_POINT('',(-78.24460474217,4.709082384159,
    1.669061364064));
#18387 = CARTESIAN_POINT('',(-79.02627839065,5.311159006634,
    2.108730048753));
#18388 = CARTESIAN_POINT('',(-79.96531278763,6.167579880079,
    3.119731265276));
#18389 = CARTESIAN_POINT('',(-80.58627608503,6.842035709827,
    4.505136936996));
#18390 = CARTESIAN_POINT('',(-80.65029106575,6.923606167391,
    6.18564061043));
#18391 = CARTESIAN_POINT('',(-80.11384864287,6.314162939356,
    7.643962630824));
#18392 = CARTESIAN_POINT('',(-79.22945119134,5.487810529433,
    8.722446154391));
#18393 = CARTESIAN_POINT('',(-78.08964286514,4.578106438858,
    9.453761097194));
#18394 = CARTESIAN_POINT('',(-76.34947779445,3.396290258784,
    9.917881626417));
#18395 = CARTESIAN_POINT('',(-73.89507494792,2.102910119291,
    9.414270641689));
#18396 = CARTESIAN_POINT('',(-72.18532754094,1.428611309093,
    7.189300732282));
#18397 = CARTESIAN_POINT('',(-72.02599866721,1.371400788575,
    4.991824524554));
#18398 = CARTESIAN_POINT('',(-72.68936072743,1.621684072603,
    2.905887544122));
#18399 = CARTESIAN_POINT('',(-73.94772692811,2.157774966033,
    1.859756253163));
#18400 = CARTESIAN_POINT('',(-74.86572793389,2.628052882851,
    1.517609206296));
#18401 = CYLINDRICAL_SURFACE('',#18402,4.25);
#18402 = AXIS2_PLACEMENT_3D('',#18403,#18404,#18405);
#18403 = CARTESIAN_POINT('',(-76.35,-1.5,5.5));
#18404 = DIRECTION('',(0.,1.,0.));
#18405 = DIRECTION('',(4.38E-15,-0.,1.));
#18406 = ADVANCED_FACE('',(#18407),#18425,.T.);
#18407 = FACE_BOUND('',#18408,.T.);
#18408 = EDGE_LOOP('',(#18409,#18416,#18417,#18424));
#18409 = ORIENTED_EDGE('',*,*,#18410,.F.);
#18410 = EDGE_CURVE('',#18345,#18184,#18411,.T.);
#18411 = B_SPLINE_CURVE_WITH_KNOTS('',3,(#18412,#18413,#18414,#18415),
  .UNSPECIFIED.,.F.,.F.,(4,4),(2.45201E-12,1.481334896432E-03),
  .PIECEWISE_BEZIER_KNOTS.);
#18412 = CARTESIAN_POINT('',(-77.82180657253,4.408379343126,
    1.512985417222));
#18413 = CARTESIAN_POINT('',(-77.74978228993,4.764345412055,
    1.847581798204));
#18414 = CARTESIAN_POINT('',(-77.69751790769,5.12881098368,
    2.177091824478));
#18415 = CARTESIAN_POINT('',(-77.66029690466,5.499442127541,
    2.501271443788));
#18416 = ORIENTED_EDGE('',*,*,#18383,.T.);
#18417 = ORIENTED_EDGE('',*,*,#18418,.F.);
#18418 = EDGE_CURVE('',#18182,#18370,#18419,.T.);
#18419 = B_SPLINE_CURVE_WITH_KNOTS('',3,(#18420,#18421,#18422,#18423),
  .UNSPECIFIED.,.F.,.F.,(4,4),(0.,1.580148095254E-03),
  .PIECEWISE_BEZIER_KNOTS.);
#18420 = CARTESIAN_POINT('',(-75.05501764681,3.851148080366,
    2.499999988197));
#18421 = CARTESIAN_POINT('',(-75.01466516548,3.445575680078,
    2.166271032072));
#18422 = CARTESIAN_POINT('',(-74.94568702501,3.036701567229,
    1.840818275954));
#18423 = CARTESIAN_POINT('',(-74.8667013213,2.628594587001,
    1.517287860246));
#18424 = ORIENTED_EDGE('',*,*,#18181,.T.);
#18425 = B_SPLINE_SURFACE_WITH_KNOTS('',3,3,(
    (#18426,#18427,#18428,#18429,#18430,#18431,#18432,#18433,#18434
      ,#18435,#18436,#18437,#18438,#18439,#18440,#18441,#18442,#18443
      ,#18444,#18445,#18446,#18447,#18448,#18449)
    ,(#18450,#18451,#18452,#18453,#18454,#18455,#18456,#18457,#18458
      ,#18459,#18460,#18461,#18462,#18463,#18464,#18465,#18466,#18467
      ,#18468,#18469,#18470,#18471,#18472,#18473)
    ,(#18474,#18475,#18476,#18477,#18478,#18479,#18480,#18481,#18482
      ,#18483,#18484,#18485,#18486,#18487,#18488,#18489,#18490,#18491
      ,#18492,#18493,#18494,#18495,#18496,#18497)
    ,(#18498,#18499,#18500,#18501,#18502,#18503,#18504,#18505,#18506
      ,#18507,#18508,#18509,#18510,#18511,#18512,#18513,#18514,#18515
      ,#18516,#18517,#18518,#18519,#18520,#18521)
    ,(#18522,#18523,#18524,#18525,#18526,#18527,#18528,#18529,#18530
      ,#18531,#18532,#18533,#18534,#18535,#18536,#18537,#18538,#18539
      ,#18540,#18541,#18542,#18543,#18544,#18545)
    ,(#18546,#18547,#18548,#18549,#18550,#18551,#18552,#18553,#18554
      ,#18555,#18556,#18557,#18558,#18559,#18560,#18561,#18562,#18563
      ,#18564,#18565,#18566,#18567,#18568,#18569)
    ,(#18570,#18571,#18572,#18573,#18574,#18575,#18576,#18577,#18578
      ,#18579,#18580,#18581,#18582,#18583,#18584,#18585,#18586,#18587
      ,#18588,#18589,#18590,#18591,#18592,#18593)
    ,(#18594,#18595,#18596,#18597,#18598,#18599,#18600,#18601,#18602
      ,#18603,#18604,#18605,#18606,#18607,#18608,#18609,#18610,#18611
      ,#18612,#18613,#18614,#18615,#18616,#18617)
    ,(#18618,#18619,#18620,#18621,#18622,#18623,#18624,#18625,#18626
      ,#18627,#18628,#18629,#18630,#18631,#18632,#18633,#18634,#18635
      ,#18636,#18637,#18638,#18639,#18640,#18641)
    ,(#18642,#18643,#18644,#18645,#18646,#18647,#18648,#18649,#18650
      ,#18651,#18652,#18653,#18654,#18655,#18656,#18657,#18658,#18659
      ,#18660,#18661,#18662,#18663,#18664,#18665
  )),.UNSPECIFIED.,.F.,.F.,.F.,(4,3,3,4),(4,1,1,1,1,1,1,1,1,1,1,2,1,1,1,
    1,1,1,2,4),(-1.01E-02,0.,1.,1.01),(2.202126412292,2.354144595977,
    2.506162779661,2.658180963346,2.81019914703,2.886208238873,
    2.962217330715,3.1142355144,3.266253698084,3.418271881769,
    3.570290065453,3.722308249138,4.022814521722,4.122983279249,
    4.323320794305,4.423489551833,4.523658309361,4.623827066889,
    4.723995824417,4.728764514364),.UNSPECIFIED.);
#18426 = CARTESIAN_POINT('',(-77.12998653265,5.14372766821,
    2.346307478367));
#18427 = CARTESIAN_POINT('',(-77.49642641658,5.390989232512,
    2.428365648026));
#18428 = CARTESIAN_POINT('',(-78.2232272011,5.907152526948,
    2.722677897708));
#18429 = CARTESIAN_POINT('',(-79.07700356309,6.567485333921,
    3.419053766334));
#18430 = CARTESIAN_POINT('',(-79.69576796706,7.078990639045,4.3951144611
    ));
#18431 = CARTESIAN_POINT('',(-79.87475471022,7.233175854564,
    5.297239570448));
#18432 = CARTESIAN_POINT('',(-79.81812273671,7.184627576296,
    5.984050474951));
#18433 = CARTESIAN_POINT('',(-79.62622331658,7.021673486372,
    6.702139131235));
#18434 = CARTESIAN_POINT('',(-79.12589117207,6.607697805339,
    7.517961066731));
#18435 = CARTESIAN_POINT('',(-78.29288997567,5.958686851549,
    8.238841220532));
#18436 = CARTESIAN_POINT('',(-77.20334835286,5.181018908865,
    8.699060663368));
#18437 = CARTESIAN_POINT('',(-76.12139140871,4.481268544166,
    8.787582665996));
#18438 = CARTESIAN_POINT('',(-75.37697302332,4.042956255499,
    8.625365835958));
#18439 = CARTESIAN_POINT('',(-74.32202812868,3.451268658036,
    8.178051675762));
#18440 = CARTESIAN_POINT('',(-73.55037720331,3.066983456563,
    7.505527226029));
#18441 = CARTESIAN_POINT('',(-72.98717241364,2.800784587743,
    6.006246427702));
#18442 = CARTESIAN_POINT('',(-72.99145120067,2.803153885724,
    4.992812008889));
#18443 = CARTESIAN_POINT('',(-73.36036236309,2.977105566795,
    3.996253972574));
#18444 = CARTESIAN_POINT('',(-73.80046331081,3.193020260717,
    3.366669547273));
#18445 = CARTESIAN_POINT('',(-74.33888056292,3.469240705886,
    2.875753803674));
#18446 = CARTESIAN_POINT('',(-74.78748935872,3.712396008245,
    2.622136220118));
#18447 = CARTESIAN_POINT('',(-75.03135660749,3.849259149828,
    2.52012646977));
#18448 = CARTESIAN_POINT('',(-75.04247888394,3.855509666658,
    2.51553223193));
#18449 = CARTESIAN_POINT('',(-75.05361915174,3.861779642664,
    2.511005132586));
#18450 = CARTESIAN_POINT('',(-77.13229237119,5.141276749755,
    2.343530013118));
#18451 = CARTESIAN_POINT('',(-77.49892466461,5.38871611351,
    2.425831646668));
#18452 = CARTESIAN_POINT('',(-78.22595860008,5.905228033058,
    2.720704811461));
#18453 = CARTESIAN_POINT('',(-79.07975138093,6.565956394444,
    3.417824668035));
#18454 = CARTESIAN_POINT('',(-79.69835844772,7.077768220674,
    4.394548936615));
#18455 = CARTESIAN_POINT('',(-79.87726190812,7.232058463322,
    5.297136045301));
#18456 = CARTESIAN_POINT('',(-79.82065500253,7.183476619837,
    5.984296798279));
#18457 = CARTESIAN_POINT('',(-79.62883194816,7.020417524294,
    6.702774817762));
#18458 = CARTESIAN_POINT('',(-79.12862716844,6.606192444089,
    7.519140535095));
#18459 = CARTESIAN_POINT('',(-78.29563810406,5.956794312959,
    8.240760592202));
#18460 = CARTESIAN_POINT('',(-77.20575502002,5.178608157292,
    8.701817032222));
#18461 = CARTESIAN_POINT('',(-76.12307315564,4.478313001423,
    8.791001191214));
#18462 = CARTESIAN_POINT('',(-75.37786048389,4.039595759671,
    8.629023665775));
#18463 = CARTESIAN_POINT('',(-74.32153834131,3.447306708492,
    8.181746358848));
#18464 = CARTESIAN_POINT('',(-73.54845166395,3.0625604797,7.508640407084
    ));
#18465 = CARTESIAN_POINT('',(-72.98402192642,2.796026758471,
    6.007092493437));
#18466 = CARTESIAN_POINT('',(-72.9883128012,2.79839959798,4.9919630161)
  );
#18467 = CARTESIAN_POINT('',(-73.35801579191,2.972567272518,
    3.993900499678));
#18468 = CARTESIAN_POINT('',(-73.7989896377,3.188747031405,
    3.363522935737));
#18469 = CARTESIAN_POINT('',(-74.33833771082,3.465284620892,
    2.872167132062));
#18470 = CARTESIAN_POINT('',(-74.78761581292,3.708703594834,
    2.618456508977));
#18471 = CARTESIAN_POINT('',(-75.03179374582,3.845702635142,
    2.516457277447));
#18472 = CARTESIAN_POINT('',(-75.04293094238,3.85195960299,
    2.511863212646));
#18473 = CARTESIAN_POINT('',(-75.05408531621,3.858235792767,
    2.507336755473));
#18474 = CARTESIAN_POINT('',(-77.13459820972,5.1388258313,2.340752547869
    ));
#18475 = CARTESIAN_POINT('',(-77.50142291264,5.386442994508,
    2.423297645311));
#18476 = CARTESIAN_POINT('',(-78.22868999906,5.903303539168,
    2.718731725214));
#18477 = CARTESIAN_POINT('',(-79.08249919878,6.564427454967,
    3.416595569736));
#18478 = CARTESIAN_POINT('',(-79.70094892838,7.076545802303,
    4.393983412131));
#18479 = CARTESIAN_POINT('',(-79.87976910601,7.230941072079,
    5.297032520154));
#18480 = CARTESIAN_POINT('',(-79.82318726835,7.182325663378,
    5.984543121608));
#18481 = CARTESIAN_POINT('',(-79.63144057975,7.019161562216,
    6.703410504289));
#18482 = CARTESIAN_POINT('',(-79.13136316481,6.604687082839,
    7.52032000346));
#18483 = CARTESIAN_POINT('',(-78.29838623246,5.954901774369,
    8.242679963873));
#18484 = CARTESIAN_POINT('',(-77.20816168719,5.176197405719,
    8.704573401077));
#18485 = CARTESIAN_POINT('',(-76.12475490257,4.475357458681,
    8.794419716433));
#18486 = CARTESIAN_POINT('',(-75.37874794445,4.036235263844,
    8.632681495593));
#18487 = CARTESIAN_POINT('',(-74.32104855394,3.443344758949,
    8.185441041935));
#18488 = CARTESIAN_POINT('',(-73.5465261246,3.058137502837,7.51175358814
    ));
#18489 = CARTESIAN_POINT('',(-72.9808714392,2.7912689292,6.007938559172)
  );
#18490 = CARTESIAN_POINT('',(-72.98517440173,2.793645310237,
    4.991114023311));
#18491 = CARTESIAN_POINT('',(-73.35566922073,2.968028978242,
    3.991547026782));
#18492 = CARTESIAN_POINT('',(-73.7975159646,3.184473802093,
    3.360376324201));
#18493 = CARTESIAN_POINT('',(-74.33779485872,3.461328535898,
    2.86858046045));
#18494 = CARTESIAN_POINT('',(-74.78774226713,3.705011181424,
    2.614776797837));
#18495 = CARTESIAN_POINT('',(-75.03223088414,3.842146120456,
    2.512788085124));
#18496 = CARTESIAN_POINT('',(-75.04338300082,3.848409539323,
    2.508194193363));
#18497 = CARTESIAN_POINT('',(-75.05455148068,3.854691942871,
    2.503668378361));
#18498 = CARTESIAN_POINT('',(-77.13690404825,5.136374912845,
    2.33797508262));
#18499 = CARTESIAN_POINT('',(-77.50392116066,5.384169875506,
    2.420763643953));
#18500 = CARTESIAN_POINT('',(-78.23142139804,5.901379045277,
    2.716758638967));
#18501 = CARTESIAN_POINT('',(-79.08524701663,6.56289851549,
    3.415366471437));
#18502 = CARTESIAN_POINT('',(-79.70353940904,7.075323383932,
    4.393417887646));
#18503 = CARTESIAN_POINT('',(-79.8822763039,7.229823680837,
    5.296928995007));
#18504 = CARTESIAN_POINT('',(-79.82571953417,7.181174706919,
    5.984789444936));
#18505 = CARTESIAN_POINT('',(-79.63404921134,7.017905600139,
    6.704046190816));
#18506 = CARTESIAN_POINT('',(-79.13409916118,6.603181721588,
    7.521499471824));
#18507 = CARTESIAN_POINT('',(-78.30113436085,5.953009235779,
    8.244599335543));
#18508 = CARTESIAN_POINT('',(-77.21056835436,5.173786654145,
    8.707329769931));
#18509 = CARTESIAN_POINT('',(-76.1264366495,4.472401915938,
    8.797838241651));
#18510 = CARTESIAN_POINT('',(-75.37963540502,4.032874768016,
    8.63633932541));
#18511 = CARTESIAN_POINT('',(-74.32055876658,3.439382809405,
    8.189135725021));
#18512 = CARTESIAN_POINT('',(-73.54460058524,3.053714525974,
    7.514866769196));
#18513 = CARTESIAN_POINT('',(-72.97772095199,2.786511099929,
    6.008784624907));
#18514 = CARTESIAN_POINT('',(-72.98203600226,2.788891022493,
    4.990265030522));
#18515 = CARTESIAN_POINT('',(-73.35332264954,2.963490683965,
    3.989193553886));
#18516 = CARTESIAN_POINT('',(-73.79604229149,3.180200572781,
    3.357229712664));
#18517 = CARTESIAN_POINT('',(-74.33725200662,3.457372450904,
    2.864993788838));
#18518 = CARTESIAN_POINT('',(-74.78786872133,3.701318768013,
    2.611097086696));
#18519 = CARTESIAN_POINT('',(-75.03266802246,3.83858960577,
    2.509118892801));
#18520 = CARTESIAN_POINT('',(-75.04383505925,3.844859475655,
    2.50452517408));
#18521 = CARTESIAN_POINT('',(-75.05501764515,3.851148092975,
    2.500000001249));
#18522 = CARTESIAN_POINT('',(-77.36520489312,4.893709719275,
    2.062978523335));
#18523 = CARTESIAN_POINT('',(-77.75127245039,5.159108588182,
    2.169872420427));
#18524 = CARTESIAN_POINT('',(-78.50185694071,5.710835095735,
    2.521403565011));
#18525 = CARTESIAN_POINT('',(-79.35730818964,6.411518369243,
    3.293673570526));
#18526 = CARTESIAN_POINT('',(-79.96002264291,6.954291862037,
    4.337425364412));
#18527 = CARTESIAN_POINT('',(-80.13051371893,7.119190884561,
    5.286678980452));
#18528 = CARTESIAN_POINT('',(-80.07643892214,7.067218621879,
    6.009177893288));
#18529 = CARTESIAN_POINT('',(-79.89232956636,6.893552919167,
    6.766985450926));
#18530 = CARTESIAN_POINT('',(-79.40498989089,6.454136053253,
    7.638278517815));
#18531 = CARTESIAN_POINT('',(-78.57322628107,5.765629177383,
    8.434636134575));
#18532 = CARTESIAN_POINT('',(-77.44885223243,4.935098379551,
    8.980237577282));
#18533 = CARTESIAN_POINT('',(-76.29294624645,4.179773921598,
    9.136306085055));
#18534 = CARTESIAN_POINT('',(-75.46750278776,3.70015240885,
    8.998500693467));
#18535 = CARTESIAN_POINT('',(-74.27206496794,3.047110577366,
    8.554945931597));
#18536 = CARTESIAN_POINT('',(-73.35395312444,2.615796024707,
    7.823102517282));
#18537 = CARTESIAN_POINT('',(-72.66579152461,2.315438894848,
    6.092553509585));
#18538 = CARTESIAN_POINT('',(-72.67130338131,2.318169463724,
    4.906206338556));
#18539 = CARTESIAN_POINT('',(-73.12098886887,2.514154616966,
    3.756176435488));
#18540 = CARTESIAN_POINT('',(-73.65013406332,2.757108561689,
    3.045684015989));
#18541 = CARTESIAN_POINT('',(-74.283504274,3.065680867356,2.509877787645
    ));
#18542 = CARTESIAN_POINT('',(-74.8003889396,3.335733281828,
    2.246769250999));
#18543 = CARTESIAN_POINT('',(-75.07594904462,3.486459438854,
    2.145832524179));
#18544 = CARTESIAN_POINT('',(-75.08859332029,3.493368023389,
    2.141255938108));
#18545 = CARTESIAN_POINT('',(-75.1011725435,3.500271865614,
    2.136794346561));
#18546 = CARTESIAN_POINT('',(-77.593505738,4.651044525705,1.78798196405)
  );
#18547 = CARTESIAN_POINT('',(-77.99805235104,4.93471186433,
    1.920247497625));
#18548 = CARTESIAN_POINT('',(-78.77260531457,5.519956744125,
    2.325484152666));
#18549 = CARTESIAN_POINT('',(-79.62930679894,6.260164889635,
    3.172037474716));
#18550 = CARTESIAN_POINT('',(-80.21645871566,6.833418314227,
    4.281906609173));
#18551 = CARTESIAN_POINT('',(-80.37878836746,7.008447441912,5.2761179667
    ));
#18552 = CARTESIAN_POINT('',(-80.32713738566,6.953410698756,
    6.034136463392));
#18553 = CARTESIAN_POINT('',(-80.15014803765,6.769242918404,
    6.829471217914));
#18554 = CARTESIAN_POINT('',(-79.67594700373,6.305121007069,
    7.755575029535));
#18555 = CARTESIAN_POINT('',(-78.84456760387,5.578053078191,
    8.624737071024));
#18556 = CARTESIAN_POINT('',(-77.6881434951,4.696804222968,
    9.253149057002));
#18557 = CARTESIAN_POINT('',(-76.46032283786,3.887320908178,
    9.474972642463));
#18558 = CARTESIAN_POINT('',(-75.55586083263,3.367306360089,
    9.361385655183));
#18559 = CARTESIAN_POINT('',(-74.2259932233,2.655863443638,
    8.920715187942));
#18560 = CARTESIAN_POINT('',(-73.16054634407,2.176982499606,
    8.131106266704));
#18561 = CARTESIAN_POINT('',(-72.35410296843,1.844468355759,
    6.17547045817));
#18562 = CARTESIAN_POINT('',(-72.35954421237,1.847137172993,
    4.822522133986));
#18563 = CARTESIAN_POINT('',(-72.88909046788,2.065063224025,
    3.523619745192));
#18564 = CARTESIAN_POINT('',(-73.50327589664,2.33369123148,
    2.734164621632));
#18565 = CARTESIAN_POINT('',(-74.23131828013,2.674548390352,
    2.154366457684));
#18566 = CARTESIAN_POINT('',(-74.81109339779,2.96958079364,
    1.883334646985));
#18567 = CARTESIAN_POINT('',(-75.11931664215,3.134356758097,
    1.782505278753));
#18568 = CARTESIAN_POINT('',(-75.1332834525,3.141854817929,
    1.778018784143));
#18569 = CARTESIAN_POINT('',(-75.14732744184,3.149395638254,
    1.773588691873));
#18570 = CARTESIAN_POINT('',(-77.82180658287,4.408379332134,
    1.512985404766));
#18571 = CARTESIAN_POINT('',(-78.24540364077,4.709650577005,
    1.669356274099));
#18572 = CARTESIAN_POINT('',(-79.04304085724,5.329412794583,
    2.13012907871));
#18573 = CARTESIAN_POINT('',(-79.90136797196,6.108784743389,
    3.050344573805));
#18574 = CARTESIAN_POINT('',(-80.47294194952,6.712386792332,
    4.225914085939));
#18575 = CARTESIAN_POINT('',(-80.62702578249,6.897814645637,
    5.265867952145));
#18576 = CARTESIAN_POINT('',(-80.57785677363,6.839454613717,
    6.058524911744));
#18577 = CARTESIAN_POINT('',(-80.40842839268,6.644890237432,
    6.892410478024));
#18578 = CARTESIAN_POINT('',(-79.94683773344,6.156075338733,
    7.872354075525));
#18579 = CARTESIAN_POINT('',(-79.11665952409,5.390673019796,
    8.814773870056));
#18580 = CARTESIAN_POINT('',(-77.92642737317,4.458115948374,
    9.526056864353));
#18581 = CARTESIAN_POINT('',(-76.62683243481,3.594692913838,
    9.813440485867));
#18582 = CARTESIAN_POINT('',(-75.64372821538,3.034584000923,
    9.723547023239));
#18583 = CARTESIAN_POINT('',(-74.17749942466,2.263591211599,
    9.286525394518));
#18584 = CARTESIAN_POINT('',(-72.96989888327,1.739063998339,
    8.43934201479));
#18585 = CARTESIAN_POINT('',(-72.04217354105,1.373396150678,
    6.259239342847));
#18586 = CARTESIAN_POINT('',(-72.04881159142,1.376415614223,
    4.73846344202));
#18587 = CARTESIAN_POINT('',(-72.65675668721,1.615727157025,
    3.290602626795));
#18588 = CARTESIAN_POINT('',(-73.35736766847,1.910599220387,
    2.422618924957));
#18589 = CARTESIAN_POINT('',(-74.17757054752,2.282856806804,
    1.799250456492));
#18590 = CARTESIAN_POINT('',(-74.82361361606,2.603995307455,
    1.519006811287));
#18591 = CARTESIAN_POINT('',(-75.16259766431,2.782226591181,
    1.419218910132));
#18592 = CARTESIAN_POINT('',(-75.17804171353,2.790363365663,
    1.414749548172));
#18593 = CARTESIAN_POINT('',(-75.19348234018,2.798519410894,
    1.410383037185));
#18594 = CARTESIAN_POINT('',(-77.82408959132,4.405952680199,
    1.510235439173));
#18595 = CARTESIAN_POINT('',(-78.24787715367,4.707399964132,
    1.666847361864));
#18596 = CARTESIAN_POINT('',(-79.04574521267,5.327507355088,
    2.12817552797));
#18597 = CARTESIAN_POINT('',(-79.90408858369,6.107270941926,
    3.049127644796));
#18598 = CARTESIAN_POINT('',(-80.47550678186,6.711176477113,
    4.225354160707));
#18599 = CARTESIAN_POINT('',(-80.62950815664,6.896708317674,
    5.265765451999));
#18600 = CARTESIAN_POINT('',(-80.58036396751,6.838315052866,
    6.058768796228));
#18601 = CARTESIAN_POINT('',(-80.41101119623,6.643646710622,
    6.893039870625));
#18602 = CARTESIAN_POINT('',(-79.94954664073,6.15458488205,
    7.873521865985));
#18603 = CARTESIAN_POINT('',(-79.11938044329,5.388799219212,
    8.816674238046));
#18604 = CARTESIAN_POINT('',(-77.92881021195,4.455729065628,
    9.528785942426));
#18605 = CARTESIAN_POINT('',(-76.62849753078,3.591766633894,
    9.816825164301));
#18606 = CARTESIAN_POINT('',(-75.64460688921,3.031256777331,
    9.72716863692));
#18607 = CARTESIAN_POINT('',(-74.17701448668,2.259668489279,
    9.290183496584));
#18608 = CARTESIAN_POINT('',(-72.96799240866,1.734684813326,
    8.442424372271));
#18609 = CARTESIAN_POINT('',(-72.03905424677,1.368685428628,
    6.260077031694));
#18610 = CARTESIAN_POINT('',(-72.04570426521,1.371708398635,4.7376228551
    ));
#18611 = CARTESIAN_POINT('',(-72.6544333494,1.611233796355,
    3.288272455611));
#18612 = CARTESIAN_POINT('',(-73.35590858619,1.906368300276,
    2.41950346799));
#18613 = CARTESIAN_POINT('',(-74.17703307019,2.278939890969,
    1.79569929648));
#18614 = CARTESIAN_POINT('',(-74.82373881824,2.600339452593,
    1.51536353293));
#18615 = CARTESIAN_POINT('',(-75.16303047453,2.778705289512,
    1.415586046445));
#18616 = CARTESIAN_POINT('',(-75.17848929614,2.78684845114,
    1.411116855812));
#18617 = CARTESIAN_POINT('',(-75.19394388917,2.79501064862,
    1.406750980638));
#18618 = CARTESIAN_POINT('',(-77.82637259977,4.403526028263,
    1.50748547358));
#18619 = CARTESIAN_POINT('',(-78.25035066656,4.705149351259,
    1.664338449629));
#18620 = CARTESIAN_POINT('',(-79.04844956809,5.325601915593,
    2.12622197723));
#18621 = CARTESIAN_POINT('',(-79.90680919542,6.105757140464,
    3.047910715787));
#18622 = CARTESIAN_POINT('',(-80.4780716142,6.709966161894,
    4.224794235474));
#18623 = CARTESIAN_POINT('',(-80.63199053079,6.895601989711,
    5.265662951854));
#18624 = CARTESIAN_POINT('',(-80.58287116139,6.837175492016,
    6.059012680711));
#18625 = CARTESIAN_POINT('',(-80.41359399978,6.642403183813,
    6.893669263226));
#18626 = CARTESIAN_POINT('',(-79.95225554803,6.153094425367,
    7.874689656445));
#18627 = CARTESIAN_POINT('',(-79.1221013625,5.386925418628,
    8.818574606036));
#18628 = CARTESIAN_POINT('',(-77.93119305073,4.453342182882,9.5315150205
    ));
#18629 = CARTESIAN_POINT('',(-76.63016262675,3.588840353951,
    9.820209842735));
#18630 = CARTESIAN_POINT('',(-75.64548556303,3.02792955374,9.7307902506)
  );
#18631 = CARTESIAN_POINT('',(-74.17652954869,2.255745766958,
    9.293841598649));
#18632 = CARTESIAN_POINT('',(-72.96608593405,1.730305628313,
    8.445506729752));
#18633 = CARTESIAN_POINT('',(-72.0359349525,1.363974706577,
    6.260914720541));
#18634 = CARTESIAN_POINT('',(-72.042596939,1.367001183048,4.736782268181
    ));
#18635 = CARTESIAN_POINT('',(-72.65211001159,1.606740435685,
    3.285942284427));
#18636 = CARTESIAN_POINT('',(-73.35444950391,1.902137380165,
    2.416388011023));
#18637 = CARTESIAN_POINT('',(-74.17649559286,2.275022975133,
    1.792148136468));
#18638 = CARTESIAN_POINT('',(-74.82386402042,2.596683597731,
    1.511720254573));
#18639 = CARTESIAN_POINT('',(-75.16346328476,2.775183987843,
    1.411953182759));
#18640 = CARTESIAN_POINT('',(-75.17893687875,2.783333536617,
    1.407484163453));
#18641 = CARTESIAN_POINT('',(-75.19440543815,2.791501886346,
    1.403118924091));
#18642 = CARTESIAN_POINT('',(-77.82865560821,4.401099376327,
    1.504735507987));
#18643 = CARTESIAN_POINT('',(-78.25282417946,4.702898738385,
    1.661829537394));
#18644 = CARTESIAN_POINT('',(-79.05115392352,5.323696476097,
    2.124268426491));
#18645 = CARTESIAN_POINT('',(-79.90952980715,6.104243339001,
    3.046693786778));
#18646 = CARTESIAN_POINT('',(-80.48063644654,6.708755846675,
    4.224234310242));
#18647 = CARTESIAN_POINT('',(-80.63447290494,6.894495661748,
    5.265560451708));
#18648 = CARTESIAN_POINT('',(-80.58537835527,6.836035931165,
    6.059256565195));
#18649 = CARTESIAN_POINT('',(-80.41617680333,6.641159657003,
    6.894298655827));
#18650 = CARTESIAN_POINT('',(-79.95496445533,6.151603968683,
    7.875857446905));
#18651 = CARTESIAN_POINT('',(-79.1248222817,5.385051618044,
    8.820474974027));
#18652 = CARTESIAN_POINT('',(-77.93357588951,4.450955300136,
    9.534244098573));
#18653 = CARTESIAN_POINT('',(-76.63182772272,3.585914074007,
    9.823594521169));
#18654 = CARTESIAN_POINT('',(-75.64636423686,3.024602330148,
    9.734411864281));
#18655 = CARTESIAN_POINT('',(-74.1760446107,2.251823044638,
    9.297499700715));
#18656 = CARTESIAN_POINT('',(-72.96417945945,1.725926443301,
    8.448589087233));
#18657 = CARTESIAN_POINT('',(-72.03281565823,1.359263984526,
    6.261752409388));
#18658 = CARTESIAN_POINT('',(-72.03948961279,1.36229396746,
    4.735941681261));
#18659 = CARTESIAN_POINT('',(-72.64978667379,1.602247075015,
    3.283612113243));
#18660 = CARTESIAN_POINT('',(-73.35299042163,1.897906460055,
    2.413272554056));
#18661 = CARTESIAN_POINT('',(-74.17595811554,2.271106059298,
    1.788596976456));
#18662 = CARTESIAN_POINT('',(-74.82398922261,2.593027742869,
    1.508076976217));
#18663 = CARTESIAN_POINT('',(-75.16389609498,2.771662686174,
    1.408320319073));
#18664 = CARTESIAN_POINT('',(-75.17938446136,2.779818622095,
    1.403851471093));
#18665 = CARTESIAN_POINT('',(-75.19486698713,2.787993124073,
    1.399486867544));
#18666 = ADVANCED_FACE('',(#18667),#18686,.T.);
#18667 = FACE_BOUND('',#18668,.T.);
#18668 = EDGE_LOOP('',(#18669,#18678,#18684,#18685));
#18669 = ORIENTED_EDGE('',*,*,#18670,.F.);
#18670 = EDGE_CURVE('',#18671,#18343,#18673,.T.);
#18671 = VERTEX_POINT('',#18672);
#18672 = CARTESIAN_POINT('',(-77.35,2.889116576548,0.5));
#18673 = CIRCLE('',#18674,243.23716974507);
#18674 = AXIS2_PLACEMENT_3D('',#18675,#18676,#18677);
#18675 = CARTESIAN_POINT('',(-77.34999999942,160.12922503855,
    -185.0798185052));
#18676 = DIRECTION('',(-1.,1.52609E-12,-1.8113E-12));
#18677 = DIRECTION('',(-2.368483743604E-12,-0.64644769805,0.762958304028
    ));
#18678 = ORIENTED_EDGE('',*,*,#18679,.F.);
#18679 = EDGE_CURVE('',#18303,#18671,#18680,.T.);
#18680 = LINE('',#18681,#18682);
#18681 = CARTESIAN_POINT('',(-77.35,-0.5,0.5));
#18682 = VECTOR('',#18683,1.);
#18683 = DIRECTION('',(0.,1.,0.));
#18684 = ORIENTED_EDGE('',*,*,#18302,.T.);
#18685 = ORIENTED_EDGE('',*,*,#18353,.F.);
#18686 = PLANE('',#18687);
#18687 = AXIS2_PLACEMENT_3D('',#18688,#18689,#18690);
#18688 = CARTESIAN_POINT('',(-77.35,-0.5,0.5));
#18689 = DIRECTION('',(-1.,0.,0.));
#18690 = DIRECTION('',(0.,0.,1.));
#18691 = ADVANCED_FACE('',(#18692),#18711,.T.);
#18692 = FACE_BOUND('',#18693,.T.);
#18693 = EDGE_LOOP('',(#18694,#18703,#18704,#18705));
#18694 = ORIENTED_EDGE('',*,*,#18695,.F.);
#18695 = EDGE_CURVE('',#18362,#18696,#18698,.T.);
#18696 = VERTEX_POINT('',#18697);
#18697 = CARTESIAN_POINT('',(-75.35,1.733411949795,0.5));
#18698 = CIRCLE('',#18699,330.20898687815);
#18699 = AXIS2_PLACEMENT_3D('',#18700,#18701,#18702);
#18700 = CARTESIAN_POINT('',(-75.34999999782,220.3504411203,
    -246.9764020502));
#18701 = DIRECTION('',(1.,-4.3421E-12,4.93508E-12));
#18702 = DIRECTION('',(-6.573330618869E-12,-0.659064399866,
    0.752086508873));
#18703 = ORIENTED_EDGE('',*,*,#18361,.F.);
#18704 = ORIENTED_EDGE('',*,*,#18318,.T.);
#18705 = ORIENTED_EDGE('',*,*,#18706,.T.);
#18706 = EDGE_CURVE('',#18311,#18696,#18707,.T.);
#18707 = LINE('',#18708,#18709);
#18708 = CARTESIAN_POINT('',(-75.35,-0.5,0.5));
#18709 = VECTOR('',#18710,1.);
#18710 = DIRECTION('',(0.,1.,0.));
#18711 = PLANE('',#18712);
#18712 = AXIS2_PLACEMENT_3D('',#18713,#18714,#18715);
#18713 = CARTESIAN_POINT('',(-75.35,-0.5,1.369322089535));
#18714 = DIRECTION('',(1.,0.,0.));
#18715 = DIRECTION('',(0.,0.,-1.));
#18716 = ADVANCED_FACE('',(#18717),#18729,.T.);
#18717 = FACE_BOUND('',#18718,.T.);
#18718 = EDGE_LOOP('',(#18719,#18726,#18727,#18728));
#18719 = ORIENTED_EDGE('',*,*,#18720,.F.);
#18720 = EDGE_CURVE('',#18696,#18671,#18721,.T.);
#18721 = CIRCLE('',#18722,32.);
#18722 = AXIS2_PLACEMENT_3D('',#18723,#18724,#18725);
#18723 = CARTESIAN_POINT('',(-60.35,30.,0.5));
#18724 = DIRECTION('',(-2.8E-16,4.911525516529E-33,-1.));
#18725 = DIRECTION('',(-0.707106781187,-0.707106781187,
    1.979898987322E-16));
#18726 = ORIENTED_EDGE('',*,*,#18706,.F.);
#18727 = ORIENTED_EDGE('',*,*,#18310,.T.);
#18728 = ORIENTED_EDGE('',*,*,#18679,.T.);
#18729 = PLANE('',#18730);
#18730 = AXIS2_PLACEMENT_3D('',#18731,#18732,#18733);
#18731 = CARTESIAN_POINT('',(-75.35,-0.5,0.5));
#18732 = DIRECTION('',(0.,0.,-1.));
#18733 = DIRECTION('',(-1.,0.,0.));
#18734 = ADVANCED_FACE('',(#18735),#18745,.F.);
#18735 = FACE_BOUND('',#18736,.F.);
#18736 = EDGE_LOOP('',(#18737,#18738,#18739,#18740,#18741,#18742,#18743,
    #18744));
#18737 = ORIENTED_EDGE('',*,*,#18342,.F.);
#18738 = ORIENTED_EDGE('',*,*,#18670,.F.);
#18739 = ORIENTED_EDGE('',*,*,#18720,.F.);
#18740 = ORIENTED_EDGE('',*,*,#18695,.F.);
#18741 = ORIENTED_EDGE('',*,*,#18369,.F.);
#18742 = ORIENTED_EDGE('',*,*,#18418,.F.);
#18743 = ORIENTED_EDGE('',*,*,#18205,.F.);
#18744 = ORIENTED_EDGE('',*,*,#18410,.F.);
#18745 = CONICAL_SURFACE('',#18746,31.,0.785398163397);
#18746 = AXIS2_PLACEMENT_3D('',#18747,#18748,#18749);
#18747 = CARTESIAN_POINT('',(-60.35,30.,1.5));
#18748 = DIRECTION('',(0.,0.,-1.));
#18749 = DIRECTION('',(-0.707106781187,-0.707106781187,-0.));
#18750 = ( GEOMETRIC_REPRESENTATION_CONTEXT(3) 
GLOBAL_UNCERTAINTY_ASSIGNED_CONTEXT((#18754)) 
GLOBAL_UNIT_ASSIGNED_CONTEXT((#18751,#18752,#18753)) 
REPRESENTATION_CONTEXT('Context #1',
  '3D Context with UNIT and UNCERTAINTY') );
#18751 = ( LENGTH_UNIT() NAMED_UNIT(*) SI_UNIT(.MILLI.,.METRE.) );
#18752 = ( NAMED_UNIT(*) PLANE_ANGLE_UNIT() SI_UNIT($,.RADIAN.) );
#18753 = ( NAMED_UNIT(*) SI_UNIT($,.STERADIAN.) SOLID_ANGLE_UNIT() );
#18754 = UNCERTAINTY_MEASURE_WITH_UNIT(LENGTH_MEASURE(5.E-03),#18751,
  'distance_accuracy_value','confusion accuracy');
#18755 = CONTEXT_DEPENDENT_SHAPE_REPRESENTATION(#18756,#18758);
#18756 = ( REPRESENTATION_RELATIONSHIP('','',#18174,#10) 
REPRESENTATION_RELATIONSHIP_WITH_TRANSFORMATION(#18757) 
SHAPE_REPRESENTATION_RELATIONSHIP() );
#18757 = ITEM_DEFINED_TRANSFORMATION('','',#11,#27);
#18758 = PRODUCT_DEFINITION_SHAPE('Placement','Placement of an item',
  #18759);
#18759 = NEXT_ASSEMBLY_USAGE_OCCURRENCE('4','macmini-mount-button001',''
  ,#5,#18169,$);
#18760 = PRODUCT_RELATED_PRODUCT_CATEGORY('part',$,(#18171));
#18761 = MECHANICAL_DESIGN_GEOMETRIC_PRESENTATION_REPRESENTATION('',(
    #18762),#18156);
#18762 = STYLED_ITEM('color',(#18763),#16886);
#18763 = PRESENTATION_STYLE_ASSIGNMENT((#18764,#18770));
#18764 = SURFACE_STYLE_USAGE(.BOTH.,#18765);
#18765 = SURFACE_SIDE_STYLE('',(#18766));
#18766 = SURFACE_STYLE_FILL_AREA(#18767);
#18767 = FILL_AREA_STYLE('',(#18768));
#18768 = FILL_AREA_STYLE_COLOUR('',#18769);
#18769 = COLOUR_RGB('',0.188235296286,0.23137255388,0.588235317929);
#18770 = CURVE_STYLE('',#18771,POSITIVE_LENGTH_MEASURE(0.1),#18772);
#18771 = DRAUGHTING_PRE_DEFINED_CURVE_FONT('continuous');
#18772 = COLOUR_RGB('',9.803921802644E-02,9.803921802644E-02,
  9.803921802644E-02);
#18773 = MECHANICAL_DESIGN_GEOMETRIC_PRESENTATION_REPRESENTATION('',(
    #18774),#15578);
#18774 = STYLED_ITEM('color',(#18775),#45);
#18775 = PRESENTATION_STYLE_ASSIGNMENT((#18776,#18782));
#18776 = SURFACE_STYLE_USAGE(.BOTH.,#18777);
#18777 = SURFACE_SIDE_STYLE('',(#18778));
#18778 = SURFACE_STYLE_FILL_AREA(#18779);
#18779 = FILL_AREA_STYLE('',(#18780));
#18780 = FILL_AREA_STYLE_COLOUR('',#18781);
#18781 = COLOUR_RGB('',0.964705886078,0.964705886078,0.952941189437);
#18782 = CURVE_STYLE('',#18783,POSITIVE_LENGTH_MEASURE(0.1),#18772);
#18783 = DRAUGHTING_PRE_DEFINED_CURVE_FONT('continuous');
#18784 = MECHANICAL_DESIGN_GEOMETRIC_PRESENTATION_REPRESENTATION('',(
    #18785),#16867);
#18785 = STYLED_ITEM('color',(#18786),#15597);
#18786 = PRESENTATION_STYLE_ASSIGNMENT((#18787,#18792));
#18787 = SURFACE_STYLE_USAGE(.BOTH.,#18788);
#18788 = SURFACE_SIDE_STYLE('',(#18789));
#18789 = SURFACE_STYLE_FILL_AREA(#18790);
#18790 = FILL_AREA_STYLE('',(#18791));
#18791 = FILL_AREA_STYLE_COLOUR('',#18769);
#18792 = CURVE_STYLE('',#18793,POSITIVE_LENGTH_MEASURE(0.1),#18772);
#18793 = DRAUGHTING_PRE_DEFINED_CURVE_FONT('continuous');
#18794 = MECHANICAL_DESIGN_GEOMETRIC_PRESENTATION_REPRESENTATION('',(
    #18795),#18750);
#18795 = STYLED_ITEM('color',(#18796),#18175);
#18796 = PRESENTATION_STYLE_ASSIGNMENT((#18797,#18802));
#18797 = SURFACE_STYLE_USAGE(.BOTH.,#18798);
#18798 = SURFACE_SIDE_STYLE('',(#18799));
#18799 = SURFACE_STYLE_FILL_AREA(#18800);
#18800 = FILL_AREA_STYLE('',(#18801));
#18801 = FILL_AREA_STYLE_COLOUR('',#18769);
#18802 = CURVE_STYLE('',#18803,POSITIVE_LENGTH_MEASURE(0.1),#18772);
#18803 = DRAUGHTING_PRE_DEFINED_CURVE_FONT('continuous');
ENDSEC;
END-ISO-10303-21;
